Time (s),x (m),y (m),yaw (rad),CTE (m),Orientation Error (rad),linear_x_cmd (m/s),linear_x (m/s),angular_z_cmd (rad/s),angular_z (rad/s),nearest s,look-ahead s
0.00010323524475097656,-0.00970774483826714,-0.013002194120160487,0.7514020992663045,-0.002330081238917104,-0.033895628450516975,0.013135199544180737,0.0,0.0,0.0,-0.016058091204434313,0.2
0.007957935333251953,-0.00970774483826714,-0.013002194120160487,0.7514020992663045,-0.002330081238917104,-0.033895628450516975,0.013135199544180737,0.0,0.0,0.0,-0.016058091204434313,0.2
0.05672287940979004,-0.00970774483826714,-0.013002194120160487,0.7514020992663045,-0.002330081238917104,-0.033895628450516975,0.013135199544180737,0.0,0.0,0.0,-0.016058091204434313,0.2
0.1084444522857666,-0.00970774483826714,-0.013002194120160486,0.7514020992663045,-0.0023300812389171026,-0.033895628450516975,0.013135199544180737,0.0,0.0,0.0,-0.016058091204434313,0.2
0.15462517738342285,-0.00970774483826714,-0.013002194120160486,0.7514020992663045,-0.0023300812389171026,-0.033895628450516975,0.015928313375150965,0.003000000026077032,0.001112040105292347,0.0430000014603138,-0.016058091204434313,0.2
0.20656466484069824,-0.009576281641606446,-0.01287924121948676,0.7531491102131166,-0.002336081056140028,-0.03215081023425148,0.01595657266385946,0.003000000026077032,0.0010653627106931144,0.0430000014603138,-0.01587823101041149,0.2
0.2648622989654541,-0.00931390976360777,-0.012632743950110084,0.7577454018730728,-0.002347271528181888,-0.027558831820836738,0.019264427112923352,0.010999999940395355,0.0034503189527475557,0.13099999725818634,-0.015518414913161187,0.2
0.30655932426452637,-0.009110688843297854,-0.012440127206037663,0.7606187024494727,-0.0023547439836673575,-0.02468881875779294,0.018369348384432823,0.007000000216066837,0.0020145037715393025,0.08699999749660492,-0.015238522228768422,0.2
0.3558652400970459,-0.008908022273046486,-0.012246927349759979,0.7644242711875967,-0.0023614130419874558,-0.020886478557018417,0.015875970155606697,0.003000000026077032,0.0007593992679944656,0.0430000014603138,-0.014958609190227037,0.2
0.407243013381958,-0.00876373837191518,-0.012108427759385688,0.7667569659373792,-0.0023654859157205515,-0.018556053823377328,0.017850998572646756,0.007000000216066837,0.0016231850372080976,0.08699999749660492,-0.014758655922191352,0.2
0.4565737247467041,-0.008519218870378426,-0.011872186133368857,0.7711069973788266,-0.002371310959743936,-0.014209812287947932,0.023923361022076556,0.010999999940395355,0.0021123701120815035,0.0430000014603138,-0.014418714696812154,0.2
0.5059988498687744,-0.008060970391479058,-0.011425411716184684,0.7773729994922376,-0.002379374507935901,-0.007950707636166343,0.01973829613215954,0.007000000216066837,0.000941691979566789,0.0,-0.013778782144903655,0.2
0.5556671619415283,-0.007747527543889755,-0.011116618077346336,0.7808272777092654,-0.0023826302442562677,-0.004500992127748904,0.025068599380721646,0.014999999664723873,0.0015403756043321426,0.08699999749660492,-0.01333880481513585,0.2
0.6062047481536865,-0.007548806215294616,-0.010919362252061493,0.7840370965103535,-0.002383647338735724,-0.0012940007534540943,0.01578176193215646,0.007000000216066837,0.000509750755876095,0.08699999749660492,-0.013058813154134789,0.2
0.6574690341949463,-0.007237663592163251,-0.010608251424299796,0.788836324022533,-0.002383641268898253,0.0035009033431762093,0.024007307236225,0.014999999664723873,0.00041931645559882997,0.08699999749660492,-0.012618823519953814,0.2
0.7072646617889404,-0.0068717927946592375,-0.010238740792632837,0.7927799691042869,-0.0023810361799431723,0.0074396276267194575,0.023483700890685313,0.014999999664723873,-0.0001369519328704829,0.08699999749660492,-0.012098841854876578,0.2
0.7557451725006104,-0.00579437512170798,-0.00913839300317632,0.7975480769784713,-0.0023647436256430876,0.012194361641733154,0.022193669774910454,0.010999999940395355,-0.0006024982225970956,0.0430000014603138,-0.010558960728810175,0.2
0.8058712482452393,-0.00579437512170798,-0.00913839300317632,0.7975480769784713,-0.0023647436256430876,0.012194361641733154,0.02300961335070217,0.014999999664723873,-0.0008215884714476049,0.08699999749660492,-0.010558960728810175,0.2
0.8560740947723389,-0.00483189469176934,-0.008149438189956839,0.7985397049985127,-0.0023459694602802755,0.013175528143835713,0.031042238591937416,0.017999999225139618,-0.001171222233284746,-0.0430000014603138,-0.009179112228937499,0.2
0.9164774417877197,-0.004329734066753543,-0.00763345885632627,0.8013612966800715,-0.0023361754722967007,0.01599223288551821,0.036781454608661765,0.026000000536441803,-0.002407664144904137,0.0430000014603138,-0.008459189931162639,0.2
0.9558753967285156,-0.0037178130612004505,-0.00700104065909903,0.8030327745204586,-0.002321658601401365,0.017658269977214872,0.0367494127343513,0.026000000536441803,-0.0028473536924902196,0.0430000014603138,-0.007579321861505769,0.2
1.007669448852539,-0.00305171764305477,-0.006309725459777518,0.8051998610443961,-0.002303805398372214,0.01982008862672535,0.04306486790759047,0.032999999821186066,-0.004341181329539302,0.0430000014603138,-0.00661949972594126,0.2
1.056190013885498,-0.0014172570772633657,-0.004607334564642347,0.8068326826889315,-0.0022557406213979934,0.02144292011665438,0.04306703768290451,0.032999999821186066,-0.004971670899385707,0.0430000014603138,-0.004260011903608626,0.2
1.1062886714935303,-8.943205044335649e-05,-0.0032205109249447035,0.8088734019130163,-0.002214011443211443,0.023478615889474752,0.0431071700991828,0.032999999821186066,-0.005732934059937701,0.0430000014603138,-0.002340476263639179,0.2
1.1557397842407227,0.0013309115582967237,-0.0017284581456620627,0.8121902223480036,-0.0021633013582297907,0.0267931434098988,0.04324666325935779,0.032999999821186066,-0.006948138944177818,0.0430000014603138,-0.0002811056076184701,0.2
1.2068428993225098,0.0018949979968167305,-0.0011333060548193614,0.8137522225824211,-0.002141333779101568,0.02835512278616137,0.05695243873561866,0.04500000178813934,-0.010255457957981285,0.0,0.0005385179644391065,0.2005385179644391
1.2567737102508545,0.003020171759281957,5.9833942433843226e-05,0.8158141210762698,-0.0020932717130270973,0.030418502696719755,0.05924809597604963,0.04899999871850014,-0.012358033675342807,0.0430000014603138,0.0021777347457550564,0.20217773474575507
1.30715012550354,0.004253053934825146,0.0013713217900530907,0.8163966096222489,-0.002037681330966067,0.03100495485788735,0.06283760228050637,0.04899999871850014,-0.012850110504548835,-0.0430000014603138,0.003976868257849241,0.20397686825784925
1.3557510375976562,0.006922878061943588,0.004214213648888722,0.8174009221571785,-0.001915249225451085,0.03202624644720864,0.06436010351572205,0.052000001072883606,-0.014644098648574855,0.0,0.007874769291959684,0.2078747692919597
1.4059154987335205,0.008399922843574001,0.005790264231245859,0.8191691126004059,-0.0018451759890053578,0.03380878352547312,0.047722558479092174,0.052000001072883606,-0.01584051721814771,0.08699999749660492,0.010033832529435538,0.21003383252943555
1.4579811096191406,0.010748852194831427,0.008303454411155486,0.8199916931503088,-0.0017288467479649535,0.034661480329897354,0.07238334881054025,0.05999999865889549,-0.01929931705094826,0.0,0.013471789971287682,0.21347178997128768
1.5100970268249512,0.01325944719437881,0.010994050656365748,0.8211957602699244,-0.0016012424257474118,0.03590765474925495,0.07201467254476814,0.06400000303983688,-0.021976060160266216,0.0430000014603138,0.017149622188507775,0.21714962218850778
1.555753469467163,0.01565603275185748,0.01357218562988691,0.8217749197502986,-0.001472395521907268,0.03653665387107308,0.07228211370448466,0.05999999865889549,-0.02153227421019583,0.0,0.020667355816896736,0.22066735581689675
1.6054608821868896,0.01565603275185748,0.01357218562988691,0.8217749197502986,-0.001472395521907268,0.03653665387107308,0.07934406860568206,0.06700000166893005,-0.024044374004416637,0.0,0.020667355816896736,0.22066735581689675
1.655794382095337,0.019171222510879174,0.01734962354703323,0.8221437517487032,-0.00128591018053284,0.036995448180048185,0.07929321765315014,0.06700000166893005,-0.02524897597964955,0.0,0.025823943961679856,0.22582394396167987
1.7063853740692139,0.021008088632038083,0.019328493510580365,0.822107778258381,-0.0011847510496258997,0.037014561443368565,0.08517317722820478,0.07100000232458115,-0.027280705682395767,-0.0430000014603138,0.028522362539229688,0.2285223625392297
1.755995750427246,0.02294032269707144,0.02140985763653807,0.8217308377705679,-0.0010783455083943302,0.03670149633888275,0.0851753651849586,0.07100000232458115,-0.027596251879299323,-0.0430000014603138,0.03136042746578217,0.23136042746578217
1.805772304534912,0.026060141344099085,0.024762935220558537,0.8213956746901417,-0.0009114593425444261,0.03648216883328714,0.08955121424427329,0.07500000298023224,-0.02988582867562255,-0.08699999749660492,0.035937326594126615,0.23593732659412664
1.855560064315796,0.03042721507193688,0.02944146306523302,0.8197801187802896,-0.0006875419516849732,0.035055010820598365,0.09562830002837848,0.08299999684095383,-0.033244416920173325,0.0,0.04233337283814111,0.24233337283814113
1.9063191413879395,0.032692722084552844,0.03186836966302539,0.8187868931292134,-0.0005710018991071555,0.034171709463843514,0.09758288007832616,0.08299999684095383,-0.033217123197446026,-0.08699999749660492,0.04565170336099518,0.24565170336099518
1.9557342529296875,0.03505627275329091,0.03439526985355263,0.8183375679247235,-0.0004525779740742539,0.03384579114264408,0.1026525880314573,0.09000000357627869,-0.03650987818988662,0.0,0.04910972481405741,0.2491097248140574
2.005593776702881,0.03746196779729876,0.03696490678884976,0.8176319664739642,-0.0003332303921371379,0.03327501214173622,0.10817755825489425,0.09399999678134918,-0.03842569478494195,-0.0430000014603138,0.05262774834700908,0.2526277483470091
2.0557262897491455,0.039925368608293946,0.03959010429805608,0.8165934968636184,-0.00021481385699677775,0.032384108976570514,0.10022518912628361,0.0860000029206276,-0.03515125467545975,-0.0430000014603138,0.05622583348919359,0.2562258334891936
2.1072423458099365,0.04238923809213677,0.04221486272402552,0.8160096186767799,-9.64906180441206e-05,0.03195758307190988,0.11515795364007231,0.10100000351667404,-0.04174693503010015,-0.0430000014603138,0.05982391426872133,0.2598239142687213
2.155736207962036,0.04644901696635229,0.04652352243810193,0.8144635273637103,8.827631727727385e-05,0.030691857336825442,0.11516920548087017,0.10100000351667404,-0.0418948433291476,-0.0430000014603138,0.06574138658416548,0.26574138658416546
2.205742835998535,0.051904892034835524,0.05229214481373789,0.8122828329125443,0.0003239593405107877,0.028929569424477997,0.1151823699949658,0.10100000351667404,-0.041972676633769225,-0.0430000014603138,0.07367779817253402,0.273677798172534
2.255676746368408,0.054793833473442,0.05534075886556757,0.8104735857259864,0.0004459512274498633,0.02736128563943996,0.11038506763580563,0.09799999743700027,-0.04013281613456974,0.0,0.07787593763060534,0.27787593763060536
2.3069589138031006,0.05764693796176772,0.058340655917410424,0.8095104681424143,0.0005597239278489941,0.026648996412890535,0.12318464264455764,0.10899999737739563,-0.04486215099196774,-0.0430000014603138,0.08201424623004834,0.28201424623004834
2.3568270206451416,0.060657341231686125,0.06149455231183635,0.8073442368060215,0.0006728470094921676,0.024761206463861485,0.12565723317232827,0.11299999803304672,-0.04543420519118983,0.0,0.08637260546342702,0.286372605463427
2.413066864013672,0.06383927749175204,0.06481649320896626,0.8061563167952523,0.0007854972153118103,0.02388297867826994,0.13112298317584328,0.11699999868869781,-0.04713480268878796,-0.0430000014603138,0.09097100067336267,0.2909710006733627
2.461514472961426,0.06708355009328908,0.06818948405595623,0.804085721204641,0.0008919060549959588,0.022144564471041295,0.13848912086877743,0.12399999797344208,-0.04896022328010418,-0.13099999725818634,0.09564950876038052,0.29564950876038054
2.5148332118988037,0.0721387170729051,0.07342815447500547,0.8018485726689399,0.0010488050689978986,0.020458560880238896,0.1379533373611353,0.12399999797344208,-0.04862848931411511,-0.0430000014603138,0.10292727878051385,0.30292727878051384
2.563070297241211,0.07926990800744352,0.08077687173003725,0.7971052711274366,0.0012479177454486918,0.016561421488781036,0.14566991135623544,0.13199999928474426,-0.04913240365056843,-0.0430000014603138,0.11316436167844467,0.3131643616784447
2.6153316497802734,0.08300305434972635,0.08459514190181708,0.7943310977398464,0.0013352847663595218,0.01426140997236658,0.14927490756768863,0.13500000536441803,-0.04838167313805314,-0.08699999749660492,0.11850303764300475,0.31850303764300475
2.6615066528320312,0.08690263663880449,0.0885583200566237,0.7918604149882515,0.0014113068243581635,0.012308821295497818,0.1524177116845029,0.13899999856948853,-0.04833071248776261,-0.0430000014603138,0.124061798846496,0.324061798846496
2.7109782695770264,0.0909227697203677,0.09262734271138773,0.7892866813964659,0.0014809050185702203,0.010294502159794994,0.15708117667666502,0.14300000667572021,-0.048088505147766684,-0.08699999749660492,0.1297805671984086,0.32978056719840865
2.763333559036255,0.10134634336348937,0.10307750322424555,0.7822857531718133,0.001605602570586539,0.004860838810896496,0.16463762985936528,0.1509999930858612,-0.045601306055403905,-0.08699999749660492,0.14453757153252164,0.3445375715325216
2.8143372535705566,0.10571751889789573,0.1074178263954216,0.7799387028178264,0.0016350629643562308,0.0032207671803025084,0.1668838870298418,0.15399999916553497,-0.04511608593258096,-0.0430000014603138,0.15069637392619495,0.35069637392619496
2.865691661834717,0.11011536992555186,0.11175963459272192,0.7765183884998946,0.001651353085409917,0.0005420939325130325,0.17119380045202276,0.15800000727176666,-0.04313146435472782,-0.08699999749660492,0.1568751329630648,0.35687513296306483
2.911773443222046,0.11462763703772783,0.11618476795292207,0.7733636109693012,0.0016517707536197054,-0.0018205014042768086,0.1789214688232373,0.16599999368190765,-0.04242806827473374,-0.08699999749660492,0.1631938212870531,0.36319382128705313
2.9642090797424316,0.11920925259883389,0.1206534144459179,0.7699871930796619,0.0016399170887544607,-0.004359943093172336,0.1709513611535508,0.15800000727176666,-0.03728603394749103,-0.08699999749660492,0.1695924333058671,0.3695924333058671
3.015043258666992,0.12380582785997113,0.12510668285907275,0.7675169113126723,0.0016120779732545709,-0.0059582671822380195,0.18226575390854483,0.16899999976158142,-0.03804082072665407,-0.13099999725818634,0.17599096348465446,0.37599096348465444
3.0626466274261475,0.13345485921450453,0.13437598400610828,0.7611026934854599,0.0015158746300613047,-0.010433231580863844,0.18143596338092843,0.16899999976158142,-0.03201112999517017,-0.0430000014603138,0.18936754823697818,0.38936754823697817
3.1112160682678223,0.14087969328269967,0.1414278935435633,0.7582959698952673,0.0014021741577577257,-0.011647202023273073,0.1815670259126687,0.16899999976158142,-0.030846568975308193,-0.0430000014603138,0.19960460363925048,0.3996046036392505
3.16336727142334,0.14865643711647042,0.14877717804370014,0.7550593239623159,0.0012745972203198862,-0.013118423684156277,0.15968489871838282,0.1770000010728836,-0.030654420422843952,0.0430000014603138,0.21030146926380244,0.41030146926380245
3.2236547470092773,0.15129263535275367,0.15125808513885128,0.7544821666823892,0.0012282335038150713,-0.01307401250084439,0.19383841983363917,0.1809999942779541,-0.03174131804974303,-0.08699999749660492,0.21392041056608904,0.4139204105660891
3.262317180633545,0.16168875862322862,0.16098931877167827,0.7489434729114192,0.001030117159227545,-0.016046554325582107,0.18340027288466865,0.17299999296665192,-0.02630915752153512,0.0,0.2281560803710814,0.42815608037108144
3.307962417602539,0.16168875862322862,0.16098931877167827,0.7489434729114192,0.001030117159227545,-0.016046554325582107,0.18160794547315884,0.16899999976158142,-0.025700854309999407,-0.0430000014603138,0.2281560803710814,0.42815608037108144
3.3629348278045654,0.1720173266964162,0.17055836384652648,0.7443786695692207,0.0007992614076628268,-0.017882464619041416,0.18969530799447915,0.1770000010728836,-0.02460684392059428,-0.0430000014603138,0.24223168662315372,0.4422316866231537
3.4124646186828613,0.17734446718923882,0.17546133303478728,0.7431968760699488,0.0006720884542965169,-0.017583327581419117,0.189530001642993,0.1770000010728836,-0.025592529193989185,-0.0430000014603138,0.24946948692317206,0.44946948692317207
3.4690325260162354,0.18540389071421876,0.18285924476819926,0.7415657670375398,0.0004861986451861704,-0.016875463523619905,0.19028045580660477,0.1809999942779541,-0.028284734572432586,0.0,0.2604065464425981,0.4604065464425981
3.5155234336853027,0.19347763064628778,0.1902415619028553,0.7401374729875305,0.0003053990693860379,-0.015840615246824563,0.16859972927059183,0.1850000023841858,-0.031816444788938456,0.0430000014603138,0.27134409688927574,0.47134409688927575
3.5622751712799072,0.2016767510051828,0.19772384852594793,0.7388060712226353,0.00013940073159239178,-0.014539319924566918,0.19619113001952743,0.1850000023841858,-0.03548918540975218,-0.0430000014603138,0.2824422854403792,0.4824422854403792
3.612269401550293,0.20714951441691887,0.2027046985937872,0.7369951510484843,3.536549635896037e-05,-0.014520169804446814,0.19584364866666382,0.1850000023841858,-0.03649042877207651,-0.0430000014603138,0.28984139754666777,0.4898413975466678
3.662499189376831,0.21267358656209542,0.20771831783247163,0.7360633245400064,-6.587823206794011e-05,-0.013545231463707785,0.1950195006542362,0.1850000023841858,-0.03935414681096373,-0.0430000014603138,0.2973000055256323,0.4973000055256323
3.7157070636749268,0.21820449256831018,0.2127243872837179,0.7347142463182985,-0.00016283496139503852,-0.0129216033645434,0.18216457963952842,0.18799999356269836,-0.04233407738769092,0.0,0.3047596054121063,0.5047596054121063
3.7666101455688477,0.22390544722697595,0.21787041126715193,0.7327390616830699,-0.0002573641028670467,-0.01279702111708869,0.1989622267501306,0.19200000166893005,-0.04481459286918049,-0.0430000014603138,0.31243944844725174,0.5124394484472518
3.815012216567993,0.2325371800626213,0.2256197938554427,0.7299970653984171,-0.000400164771547343,-0.012233792191810866,0.20252389951205205,0.20000000298023224,-0.050051184181421314,-0.0430000014603138,0.32404041973798886,0.5240404197379889
3.8619537353515625,0.2439653353876276,0.23582271101339808,0.7267588914039067,-0.0005706167871425913,-0.010844679998902262,0.1886124838484847,0.1850000023841858,-0.0520070508893869,-0.0430000014603138,0.3393617298428038,0.5393617298428038
3.913655996322632,0.24976688187073076,0.24097631139206113,0.7258381371834559,-0.000648670975087655,-0.009305992241583794,0.17609369177565354,0.19599999487400055,-0.06000150431883824,0.0,0.347122836598885,0.5471228365988849
3.9630777835845947,0.25563075482061953,0.24618019476042388,0.7250252015744983,-0.0007116313472688057,-0.007551618883189227,0.17416705104227356,0.19599999487400055,-0.06558728623815742,0.0,0.3549643196293062,0.5549643196293061
4.012494325637817,0.2613963556571489,0.25128391881558415,0.72429152517405,-0.0007632328297026748,-0.005679255322053489,0.18671633565888004,0.20000000298023224,-0.07301085487247833,-0.0430000014603138,0.3626660803420951,0.5626660803420951
4.063740253448486,0.2669836654841877,0.2562269582705291,0.7226023641544118,-0.0007959288868915847,-0.004763646470749672,0.18023196176797535,0.19200000166893005,-0.07427748528479983,-0.0430000014603138,0.37012804741203004,0.57012804741203
4.120455503463745,0.27252131844979904,0.2611053730744369,0.7206438602402238,-0.0008243658806105664,-0.004067295027157192,0.17457067675265622,0.1850000023841858,-0.07529677829321996,-0.0430000014603138,0.3775101547996213,0.5775101547996213
4.166311025619507,0.2862541905620859,0.2731097898303232,0.7143476226486406,-0.0008782147400541405,-0.003441842887084934,0.1656257181825691,0.1770000010728836,-0.07941995496720552,-0.0430000014603138,0.3957560061734402,0.5957560061734402
4.211723327636719,0.29166673748176875,0.27779702045467797,0.7110439690355637,-0.0008972648182123208,-0.003886687631173613,0.16424449746462133,0.1770000010728836,-0.08127123258150223,-0.0430000014603138,0.4029185405644927,0.6029185405644928
4.267250061035156,0.29709792498390936,0.2824626151845241,0.70854410314171,-0.0009241022154951417,-0.0034421410623451942,0.18370177209845992,0.1809999942779541,-0.08663372858680816,-0.08699999749660492,0.4100811710590058,0.6100811710590058
4.3182923793792725,0.3021871544336779,0.2868203432882935,0.7054084776010192,-0.0009405518909164795,-0.0037425088204613433,0.17223527076707928,0.16599999368190765,-0.08144395083168116,-0.08699999749660492,0.41678379996711395,0.616783799967114
4.364010572433472,0.30733572487748145,0.29120093856868046,0.7028999128547888,-0.0009588587426715668,-0.0033120237800517978,0.1713581525277852,0.16599999368190765,-0.08474147890797334,-0.08699999749660492,0.4235465551507041,0.6235465551507041
4.412363529205322,0.3124494779924943,0.2955298504056154,0.7002340627078313,-0.0009739383957610368,-0.002986628977790118,0.18069585589447443,0.16899999976158142,-0.08954906382289395,-0.13099999725818634,0.43024942787992937,0.6302494278799293
4.46210241317749,0.32291899301084975,0.304335036508082,0.6963538583081701,-0.0009848981632389383,-0.0004959088198609463,0.15406847955622716,0.1770000010728836,-0.10450282118621533,-0.0430000014603138,0.4439356726541302,0.6439356726541302
4.511449575424194,0.330786563232791,0.31088936316711463,0.6919652349195942,-0.0009825951541015633,0.00011913944438557422,0.16518957608746096,0.17299999296665192,-0.10820034725565905,-0.08699999749660492,0.45418061741398247,0.6541806174139825
4.569349050521851,0.33868058764061604,0.3174117590898272,0.6869889346043605,-0.0009694474565569693,0.0003599110936872707,0.1735565421106379,0.16200000047683716,-0.1067245724974513,-0.13099999725818634,0.46442569615061263,0.6644256961506126
4.616475343704224,0.34135570670710336,0.31960614383884434,0.6847707606444893,-0.0009650561361866369,-4.472600585070374e-05,0.17912142459264718,0.16899999976158142,-0.11248032129456867,-0.13099999725818634,0.4678874449208954,0.6678874449208954
4.664381504058838,0.35180457647001007,0.3280909436770931,0.6770479375987943,-0.0009538134335088332,-0.0004681472664478381,0.17288203111016945,0.16200000047683716,-0.1142172188362052,-0.13099999725818634,0.48135443805262584,0.6813544380526259
4.712291479110718,0.35180457647001007,0.3280909436770931,0.6770479375987943,-0.0009538134335088332,-0.0004681472664478381,0.14452355058933178,0.16899999976158142,-0.11915253024241246,-0.0430000014603138,0.48135443805262584,0.6813544380526259
4.762305736541748,0.36255398001089206,0.33668086048238877,0.6707732094633996,-0.0009457091905218564,0.0011514326943838915,0.17964778895081313,0.1770000010728836,-0.13612251693153682,-0.13099999725818634,0.4951219257407498,0.6951219257407498
4.811692476272583,0.3754203380055312,0.35763519980907615,0.6787445966600445,0.007659263333180607,0.023344123268266178,0.15258018872830711,0.17299999296665192,-0.2589034457526912,-0.17499999701976776,0.518106917933578,0.718106917933578
4.863659858703613,0.3853080098166367,0.37036921143819856,0.6785604837404738,0.011808613541408023,0.03353576609101517,0.13300018213180945,0.15800000727176666,-0.2933892921173063,-0.08699999749660492,0.5335849337111629,0.7335849337111628
4.920579671859741,0.38789254776662097,0.37245307294188484,0.6770948927433862,0.011923726110018825,0.034366476523891576,0.13427837539427204,0.15800000727176666,-0.2977724424459589,-0.17499999701976776,0.5368763796290146,0.7368763796290145
4.961179494857788,0.3977898480842021,0.3803472504983329,0.6657051125779326,0.012367245322346914,0.03202974075802845,0.1274641728632693,0.1509999930858612,-0.29283899642830763,-0.17499999701976776,0.5494181545754213,0.7494181545754213
5.011650800704956,0.3977898480842021,0.3803472504983329,0.6657051125779326,0.012367245322346914,0.03202974075802845,0.14443702082537854,0.1469999998807907,-0.28508168484202934,-0.21899999678134918,0.5494181545754213,0.7494181545754213
5.0620200634002686,0.4071262130170513,0.38759586806356366,0.6506454011499357,0.012732532372343746,0.025864070118365112,0.14233262094328553,0.1469999998807907,-0.2871133439937218,-0.21899999678134918,0.5611208181395881,0.7611208181395881
5.112328290939331,0.41138358457077545,0.3908192493137069,0.6411381488168911,0.012867858687590049,0.02052776555392377,0.14514557571881667,0.13199999928474426,-0.2553471830902063,-0.3070000112056732,0.5664061117438598,0.7664061117438599
5.162880182266235,0.41790037010119085,0.3956296712595451,0.6223110446668773,0.013017743335222109,0.008209675909892522,0.14677317688763017,0.13500000536441803,-0.2516444471902284,-0.2630000114440918,0.5744202618406985,0.7744202618406986
5.213863372802734,0.42206937913418047,0.3986017907553627,0.6105188321974674,0.013055337082603894,0.0006478943454460984,0.1382399585403691,0.12399999797344208,-0.22570138921822724,-0.3070000112056732,0.5794850925595061,0.779485092559506
5.265854597091675,0.426338992896466,0.4015700012700717,0.598343804766374,0.013054362597379757,-0.00712967293185629,0.14142964776704267,0.12800000607967377,-0.22703548011532906,-0.2630000114440918,0.584627670648259,0.7846276706482591
5.3119590282440186,0.4306443910132927,0.40448602308752685,0.5877489480870628,0.013013243356759213,-0.013224335075181615,0.14223690862440996,0.13199999928474426,-0.2300453957963196,-0.21899999678134918,0.5897688230296254,0.7897688230296254
5.361944198608398,0.44190794721662385,0.41181778115194734,0.5614653469402918,0.012772017882393233,-0.02739794892324166,0.1488368401779364,0.13500000536441803,-0.22635886305518105,-0.2630000114440918,0.6030494530720474,0.8030494530720473
5.416743993759155,0.44662186360587824,0.41476601472239616,0.550668131286403,0.01261997196856267,-0.03296678667952724,0.15086802629184856,0.13899999856948853,-0.22961785329991627,-0.21899999678134918,0.6085416784208229,0.8085416784208228
5.46619176864624,0.45143499533395626,0.4177059454705885,0.5412266036097554,0.01243617898867116,-0.03696902490082887,0.15649186941058535,0.14300000667572021,-0.2349280357778338,-0.2630000114440918,0.6141105317184075,0.8141105317184074
5.506596803665161,0.4564139699587306,0.42068074830342916,0.530492835671875,0.012222905085572836,-0.041965688642521703,0.16427729679473677,0.1509999930858612,-0.24541075564557793,-0.2630000114440918,0.6198358477323824,0.8198358477323824
5.55583381652832,0.46149382222612506,0.42364205088004236,0.5207333768110844,0.011977787459688418,-0.04575605678504091,0.161339513663768,0.1469999998807907,-0.23816109885380451,-0.3070000112056732,0.6256384807047706,0.8256384807047705
5.607287645339966,0.4666715132002542,0.42659381734284085,0.5109620734617445,0.011708168360434751,-0.04930445990679966,0.16807133723665219,0.15399999916553497,-0.2492479968717479,-0.3070000112056732,0.6315186761862744,0.8315186761862745
5.655895471572876,0.47767489217705333,0.43264971003520486,0.48916797559234687,0.011075884907144128,-0.05741065181575361,0.17463937330082263,0.16200000047683716,-0.26109229908188064,-0.21899999678134918,0.6439060987998486,0.8439060987998486
5.705865859985352,0.4863338163442618,0.43719609250863695,0.4741608066429859,0.01051366255803656,-0.06118451218547049,0.18085826656034776,0.16899999976158142,-0.2761124091999736,-0.21899999678134918,0.6535489752864048,0.8535489752864047
5.756924390792847,0.49527002708317036,0.4417285237395228,0.4603023629356952,0.009913150735479475,-0.06297232066948262,0.17122273317010447,0.16599999368190765,-0.27909149526158006,-0.17499999701976776,0.663427670807918,0.863427670807918
5.806851387023926,0.4984415824969735,0.4433010567981847,0.4558841968076817,0.009698128872508247,-0.06298719532682645,0.18781370200699724,0.1770000010728836,-0.3018564063055945,-0.21899999678134918,0.6669184144833088,0.8669184144833089
5.85559344291687,0.5046616718633294,0.44633368591068173,0.4457304472075012,0.009277400164914648,-0.0643019540188996,0.1859360824989107,0.17299999296665192,-0.30136253467623136,-0.2630000114440918,0.6737415938077633,0.8737415938077633
5.907557249069214,0.5109868455787366,0.4493323109582544,0.43422093306949633,0.008838547456619782,-0.06655440129185403,0.1867479296222323,0.1770000010728836,-0.31367853692451364,-0.21899999678134918,0.6806439870796807,0.8806439870796807
5.956223726272583,0.5274880467220566,0.45676868969633483,0.40780253263118754,0.007666002336149584,-0.06748301095014198,0.1931831310959872,0.1809999942779541,-0.3458747526843045,-0.2630000114440918,0.6984943785238436,0.8984943785238435
6.007628440856934,0.5342901641047313,0.4596825804474694,0.3968137826142051,0.0071851394067574325,-0.06734970230591203,0.1975970377643434,0.1850000023841858,-0.3660199041743932,-0.3070000112056732,0.7057975334740247,0.9057975334740247
6.05583930015564,0.5413259939824921,0.46260855837111264,0.3856855364683364,0.006696732258845567,-0.06656926376901974,0.20776989233087992,0.19599999487400055,-0.40341755356957937,-0.35100001096725464,0.7133192536205614,0.9133192536205614
6.107291221618652,0.5483009597594827,0.4654191923791229,0.37472915397088585,0.006222381304301953,-0.06528887983588255,0.20707826597245874,0.19599999487400055,-0.42055740616662746,-0.35100001096725464,0.7207452855377628,0.9207452855377629
6.1573240756988525,0.5628688455369362,0.4709982600680243,0.3501237603932187,0.005271817155254479,-0.06290008941791797,0.19978610382814457,0.19200000166893005,-0.4485729382711854,-0.3070000112056732,0.7361606601127699,0.9361606601127699
6.205562353134155,0.5628688455369362,0.4709982600680243,0.3501237603932187,0.005271817155254479,-0.06290008941791797,0.20671544141725667,0.20000000298023224,-0.46726348026697156,-0.3070000112056732,0.7361606601127699,0.9361606601127699
6.263976335525513,0.5779311740980072,0.4763343242873311,0.32319333692580493,0.004350169698644146,-0.05970048593863886,0.20781293019429684,0.20000000298023224,-0.5107276673373096,-0.39500001072883606,0.7519695260527192,0.9519695260527192
6.316739559173584,0.5894724999541677,0.48009881049797193,0.2994006498765072,0.0036783617657035208,-0.058757189982201974,0.20605667376590153,0.20000000298023224,-0.542319583553488,-0.39500001072883606,0.7639922539379025,0.9639922539379024
6.356664657592773,0.5999298274254683,0.48306398358059205,0.2742172391553983,0.002916134633913091,-0.06033912093059113,0.21681657809428562,0.210999995470047,-0.5960794721138246,-0.4390000104904175,0.7747578136384278,0.9747578136384278
6.406718730926514,0.6001670373376106,0.48265010983082124,0.26667553481769474,0.0024473285608519794,-0.0676819130171404,0.21656874135553986,0.2070000022649765,-0.5660114271076517,-0.4819999933242798,0.7748458427598054,0.9748458427598055
6.4556989669799805,0.6059527222947502,0.4826252457062648,0.23291831764874277,0.0005591469549307608,-0.08893561018021595,0.21381598224327653,0.2029999941587448,-0.5126656099073774,-0.4390000104904175,0.7802961003242171,0.9802961003242172
6.506379842758179,0.6141748668771262,0.48453008062766284,0.21322795614962597,-0.00015114127096889233,-0.08857464761795825,0.22251623084580333,0.210999995470047,-0.554055029974704,-0.5260000228881836,0.7887021985028991,0.9887021985028992
6.556457996368408,0.6227459647110122,0.4863387575243507,0.1934464563677807,-0.0008772472689113502,-0.08647429497521911,0.21833855129769392,0.2070000022649765,-0.5685434958963917,-0.5699999928474426,0.797443375995597,0.997443375995597
6.606756210327148,0.6311163521076598,0.4879276210042669,0.17228096679933133,-0.001568624369026771,-0.08525845753191316,0.23161522084402805,0.22200000286102295,-0.6336175429569263,-0.5699999928474426,0.8059627713521308,1.0059627713521309
6.656417369842529,0.64412582885807,0.49003720670069745,0.1389540202851249,-0.002603070504591012,-0.0816856493713297,0.2301079377809385,0.22200000286102295,-0.6728775632139964,-0.5699999928474426,0.8191794563246412,1.0191794563246412
6.706951379776001,0.6571390053765644,0.49170334788659864,0.10481399529437357,-0.003569349297472493,-0.07616057939310877,0.22652096378230144,0.22200000286102295,-0.7136950052034667,-0.5699999928474426,0.8323867168381008,1.032386716838101
6.756215333938599,0.6703408276744284,0.49293799552775414,0.07095257320769782,-0.0044487789375715365,-0.06676696395177742,0.22296780061563204,0.21899999678134918,-0.7493624342852654,-0.6140000224113464,0.8457916483937212,1.0457916483937213
6.8058178424835205,0.6792821194970138,0.4935138237835088,0.04718493905966176,-0.004967991376450464,-0.05942365159781266,0.22578431110331712,0.22599999606609344,-0.8044470859336375,-0.6140000224113464,0.8548833876332583,1.0548833876332584
6.8557984828948975,0.6883146515532567,0.4938768112105831,0.022262401438481686,-0.005420633217179039,-0.05137483523155398,0.22826248449487185,0.22599999606609344,-0.8346558020266525,-0.7020000219345093,0.8640835572442144,1.0640835572442144
6.906603574752808,0.697193374436078,0.4940160830266847,-0.003310011615921759,-0.005785607171539748,-0.043010707867751775,0.22638695992481384,0.22599999606609344,-0.8625035308960709,-0.7020000219345093,0.8731465387105894,1.0731465387105894
6.956866502761841,0.7061526679690797,0.49392410653166147,-0.030035152949198823,-0.006074015193413644,-0.033935356177566295,0.22147159390835308,0.21899999678134918,-0.8612525611876195,-0.7900000214576721,0.8823144511261092,1.0823144511261091
7.0076518058776855,0.7196379432555842,0.49331688449975447,-0.07015020524591462,-0.006354694044469547,-0.017277215557054738,0.21978914292902443,0.22599999606609344,-0.92831012025296,-0.7900000214576721,0.8961652039948755,1.0961652039948755
7.055750846862793,0.7374991249861209,0.4916628731213762,-0.13018092628767852,-0.006350681260988449,0.00291506246755871,0.20616145442534484,0.2150000035762787,-0.9175777196921885,-0.8339999914169312,0.914617481196699,1.114617481196699
7.105921030044556,0.7462937437118634,0.4904367719433501,-0.1636879287436995,-0.006215758881462344,0.01082410887463664,0.20831887742316763,0.22200000286102295,-0.9555414026711948,-0.8339999914169312,0.9237567076600544,1.1237567076600543
7.155839204788208,0.7542499961440254,0.49056821573882303,-0.193406558763084,-0.00456118702669838,0.017991390672198376,0.20791940942449944,0.21899999678134918,-0.959191499781398,-0.878000020980835,0.9317393577236973,1.1317393577236974
7.215869426727295,0.7642050314111792,0.49414537622734,-0.23447559463231796,0.001213256620560037,0.018885033502913956,0.21223198376110672,0.210999995470047,-0.9526157173829143,-0.9649999737739563,0.940673811714132,1.140673811714132
7.263162136077881,0.7757956837906247,0.49227646599213376,-0.28804054609981555,0.002629789134610694,0.020255838798905138,0.20882479576310256,0.2029999941587448,-0.9066329442775634,-0.9649999737739563,0.952224251018828,1.152224251018828
7.314770698547363,0.7797651500408673,0.49110040529607274,-0.3072763464281519,0.00275407723781393,0.02055342948897715,0.20995333264442034,0.2029999941587448,-0.8994305329300457,-0.9649999737739563,0.9563099776764502,1.1563099776764503
7.361119270324707,0.7951128909253772,0.4857422151537706,-0.38511103648039685,0.003246879419442326,0.019384474800585916,0.20235864897067457,0.19200000166893005,-0.8163484432032001,-0.921999990940094,0.9723324611726749,1.1723324611726749
7.413230895996094,0.7951128909253772,0.4857422151537706,-0.38511103648039685,0.003246879419442326,0.019384474800585916,0.21393998795921038,0.2029999941587448,-0.863118373756593,-0.9649999737739563,0.9723324611726749,1.1723324611726749
7.463807821273804,0.8131869060564689,0.47762454461250614,-0.47701098254032287,0.0038128167188076186,0.01944439381532931,0.2070070070639904,0.19599999487400055,-0.7876406452209747,-0.878000020980835,0.9918202019920873,1.1918202019920874
7.513985633850098,0.8203825723214534,0.47381975393704623,-0.5136088351926537,0.004045159668381057,0.019692907454386455,0.2080674352340246,0.19599999487400055,-0.7683304089620736,-0.878000020980835,0.9998123996451778,1.1998123996451777
7.561917066574097,0.8275032166769417,0.4697138011143516,-0.5490727860570446,0.004279885526682469,0.020733343270199708,0.2281268183636766,0.2150000035762787,-0.822728919527482,-0.921999990940094,1.0078772511809022,1.2078772511809022
7.616071939468384,0.8343412727691971,0.4654477503750449,-0.5823237945024151,0.004518258735485304,0.02245809638437879,0.2117891080141804,0.20000000298023224,-0.7484092226108229,-0.8339999914169312,1.0157799216389325,1.2157799216389324
7.671690940856934,0.8412181457047837,0.46083667106751147,-0.6139770576374608,0.004780842698828377,0.025847657247928035,0.21273398880300787,0.2070000022649765,-0.7600298258370966,-0.7459999918937683,1.0238929912161385,1.2238929912161385
7.725376844406128,0.8488185947092354,0.4530127097704792,-0.6489418571436227,0.003282992891770572,0.035294754837470355,0.22782036936433883,0.21899999678134918,-0.7791465113090136,-0.7900000214576721,1.0345192131211447,1.2345192131211447
7.761627912521362,0.8671600179824903,0.4336398631901888,-0.7360111613406625,0.0012460016789070552,0.05070095940911079,0.23233759794536987,0.21899999678134918,-0.7178441788284078,-0.7900000214576721,1.0608983313941995,1.2608983313941995
7.811622142791748,0.8736050667954298,0.4277073656702762,-0.767190623360843,0.0017577190548101506,0.05080472400586278,0.2335521873217237,0.21899999678134918,-0.6995762461201562,-0.878000020980835,1.0695953941609841,1.269595394160984
7.865270614624023,0.8800626852656195,0.4213815532798636,-0.7976862982629608,0.0022861778919838222,0.051250628824523914,0.23968833748754412,0.22599999606609344,-0.7044018555470016,-0.7900000214576721,1.0785575607798792,1.2785575607798791
7.918908357620239,0.886171674888625,0.4150201123708111,-0.8272459631823399,0.002796193880178609,0.05060259829610603,0.2445921619427053,0.23399999737739563,-0.7103588419509657,-0.7020000219345093,1.087289390420421,1.287289390420421
7.964123249053955,0.8923505174761703,0.4082041422613678,-0.8550883128591313,0.003329454560399073,0.0516120464990133,0.23184409294116903,0.22599999606609344,-0.6718547908595862,-0.6140000224113464,1.0963857092925409,1.2963857092925408
8.015226602554321,0.8982833753848761,0.4012780472514307,-0.8824883015438278,0.003858016894745917,0.051556043248897065,0.24716030151379537,0.2370000034570694,-0.6886550621903998,-0.6579999923706055,1.1053921862785128,1.3053921862785127
8.063572406768799,0.9273988921654989,0.38513759082580196,-0.9427425440139908,0.01890756011809441,0.07115206935601581,0.24472493290664737,0.23399999737739563,-0.8099738108328851,-0.7020000219345093,1.1342047241359587,1.3342047241359587
8.11667513847351,0.9329274159872036,0.37741220338124454,-0.9680347946141359,0.019626395371199083,0.06869731543397162,0.2461519425780305,0.2370000034570694,-0.8064719830601528,-0.6579999923706055,1.1432376145997216,1.3432376145997216
8.165250301361084,0.9383384567755068,0.36943429479879336,-0.9934706812157974,0.02033049177899904,0.06547924790245374,0.2540864568454611,0.24500000476837158,-0.8182406947557782,-0.6579999923706055,1.1524081082790762,1.3524081082790762
8.215689659118652,0.9435091839052526,0.36136983044612325,-1.01956160753385,0.02099058565696501,0.06055826277572085,0.252898958272343,0.2409999966621399,-0.7865097285273147,-0.7020000219345093,1.1615279128390807,1.3615279128390807
8.261004209518433,0.9500334051265502,0.34025922465435315,-1.0805184601857398,0.017297129871211396,0.04499717276714588,0.2590693837990039,0.24500000476837158,-0.6982278992688572,-0.7459999918937683,1.182444551490732,1.382444551490732
8.313329458236694,0.9500334051265502,0.34025922465435315,-1.0805184601857398,0.017297129871211396,0.04499717276714588,0.2630825959948699,0.24899999797344208,-0.7096275188537896,-0.7900000214576721,1.182444551490732,1.382444551490732
8.360967636108398,0.9514864045065918,0.31278980958963126,-1.151144149878901,0.007414077604534673,0.02363982290007338,0.2636944911404244,0.25200000405311584,-0.5255360874611605,-0.8339999914169312,1.2075066692141267,1.4075066692141267
8.411139011383057,0.9574678700238277,0.2987957415965286,-1.1934864795594888,0.007743374657724406,0.008486003470011827,0.27304794050574993,0.25999999046325684,-0.4902483895473978,-0.7459999918937683,1.2225162524144677,1.4225162524144677
8.462506771087646,0.9629574512718676,0.2843656085896224,-1.2339784287482536,0.00786438358400886,-0.005961551776361151,0.2771450457839859,0.2639999985694885,-0.44579709616855195,-0.7020000219345093,1.2377520101586688,1.4377520101586687
8.514261245727539,0.9647024013368173,0.2793822838969577,-1.2470540511339196,0.00785562487160479,-0.010453681750996147,0.2822750473762717,0.2680000066757202,-0.43542712553740237,-0.5699999928474426,1.2429645524809843,1.4429645524809842
8.56418514251709,0.956875645629993,0.24828101175505513,-1.3000247533063292,-0.00916277717729402,-0.021061761563814008,0.2444197093424656,0.2680000066757202,-0.16036245487536252,-0.5699999928474426,1.2701742418820476,1.4701742418820476
8.613345384597778,0.9563588581096502,0.23501430265741594,-1.3198166450755937,-0.01335657080704029,-0.022180334310228034,0.2540000609670562,0.27900001406669617,-0.09444362615958297,-0.5260000228881836,1.2829768250914533,1.4829768250914532
8.66210150718689,0.9590432809228845,0.22434698848474946,-1.336219716640486,-0.013562250242075063,-0.022819008388340833,0.25400065298061797,0.27900001406669617,-0.08153713584903267,-0.35100001096725464,1.2941884392226841,1.494188439222684
8.713204622268677,0.9615072164593637,0.2138524452897477,-1.349406392352503,-0.013769928199109379,-0.02104742981475205,0.24693993227611624,0.2709999978542328,-0.0740806149285781,-0.2630000114440918,1.3051712040993428,1.5051712040993428
8.768245697021484,0.9649240837505612,0.1982422302260187,-1.3674233843697114,-0.014028558402462444,-0.01769319401020586,0.2580632780566824,0.2709999978542328,-0.07033645191093083,-0.17499999701976776,1.3214491745784924,1.5214491745784924
8.815065145492554,0.9679758006625135,0.18302536879443512,-1.3818899564940608,-0.014232178485275197,-0.012244579448742245,0.23131533481406844,0.25600001215934753,-0.07048040222542647,-0.2630000114440918,1.3372443636112348,1.5372443636112347
8.863771915435791,0.9710582832737684,0.16303556483895357,-1.397499613719843,-0.01495233008663414,-0.0029605589876702254,0.248018845257888,0.24500000476837158,-0.07376531227273818,-0.13099999725818634,1.3578263013862242,1.5578263013862241
8.91141963005066,0.972938299650771,0.14751521332700757,-1.40890289407853,-0.01567758087685877,0.004151023310223988,0.26013534862911436,0.24899999797344208,-0.07878233664342936,-0.08699999749660492,1.373722919299234,1.573722919299234
8.961013317108154,0.974551715301801,0.13633334757119286,-1.4137681925726822,-0.015766657994807746,0.012348511265339646,0.26478617879749305,0.25200000405311584,-0.0963969605738553,-0.0430000014603138,1.3852278534912452,1.5852278534912452
9.012587547302246,0.9760675348177051,0.12673227344055754,-1.4157398146463236,-0.01559715141018664,0.021407014296882517,0.2553808781436592,0.24899999797344208,-0.11790575163519959,-0.08699999749660492,1.3951200197175837,1.5951200197175837
9.06213092803955,0.977576819071423,0.11704919372896726,-1.4159634326821122,-0.015337869050108399,0.03212242022957357,0.2362165673893275,0.24500000476837158,-0.14380178056848955,-0.13099999725818634,1.4050859796690442,1.6050859796690442
9.118796348571777,0.979848960093778,0.10246513089950135,-1.4175083524303738,-0.014748266409547798,0.04674351785424502,0.23043855870661953,0.24899999797344208,-0.1879702324305295,0.0,1.4200765059179357,1.6200765059179356
9.166024208068848,0.9828888332853504,0.08265704164946427,-1.4203392117823206,-0.013616711658033832,0.06534103984387829,0.2273023819775823,0.25200000405311584,-0.24980128572481983,-0.0430000014603138,1.4403881150596565,1.6403881150596564
9.21181058883667,0.980738321307538,0.0714865910740764,-1.4340642491611468,-0.01664566471582591,0.06317611117804844,0.22417824461224045,0.2409999966621399,-0.19655068873071566,-0.08699999749660492,1.4515300589288582,1.6515300589288582
9.261438846588135,0.9773470962151177,0.059933299793765604,-1.4517021955645113,-0.020809929483419153,0.057375164397144074,0.22055350757565298,0.2370000034570694,-0.12959396750292423,-0.13099999725818634,1.4630493222460534,1.6630493222460534
9.314326763153076,0.9768112146677185,0.05016494159850814,-1.4600808616338872,-0.02189802795451601,0.05912553423875133,0.20562097694381423,0.22599999606609344,-0.1154126459415498,-0.17499999701976776,1.4729884232669495,1.6729884232669494
9.36099100112915,0.9778112184438098,0.04109993749620592,-1.4660717850733718,-0.02132383668721053,0.06256494795673428,0.19985700591018277,0.21899999678134918,-0.1263023507585834,-0.17499999701976776,1.482294290339595,1.682294290339595
9.420191287994385,0.9787263126035742,0.032247121999422146,-1.4723618878136986,-0.020742004301985768,0.0654240253152536,0.20114303738709585,0.2150000035762787,-0.137245573814366,-0.13099999725818634,1.4913678946903521,1.691367894690352
9.461882829666138,0.9806967821039402,0.010837858122977127,-1.4873238777677964,-0.01924332938529791,0.07241744441058716,0.18763273451149168,0.2029999941587448,-0.1618151497264088,-0.17499999701976776,1.5132543781749819,1.7132543781749818
9.51237440109253,0.9813648517660091,0.00274539372933664,-1.492407049612207,-0.018631313035369423,0.07559214986654395,0.18902512097537674,0.2029999941587448,-0.17587217197531094,-0.17499999701976776,1.5215083153798967,1.7215083153798967
9.563859224319458,0.9798319896216146,-0.006487306182934988,-1.4979701017357359,-0.020146534293618675,0.0794471038062119,0.1856514421547219,0.20000000298023224,-0.16741058780100138,-0.13099999725818634,1.530926617781298,1.7309266177812979
9.613614797592163,0.9773508089891421,-0.01583018808842554,-1.5037268838647329,-0.022520969495440885,0.08327385795897913,0.18493966823216307,0.18799999356269836,-0.14387602897043966,-0.08699999749660492,1.5405016901581179,1.7405016901581178
9.661042928695679,0.9764236498155529,-0.024119976411617245,-1.5091192142316068,-0.023278299574796525,0.08640584853371958,0.17045249045017732,0.1770000010728836,-0.1360025199015723,-0.13099999725818634,1.54900394000436,1.74900394000436
9.715686082839966,0.9768612333401175,-0.031406838678072466,-1.5141018010190044,-0.022633489500196655,0.08890152780178993,0.17521133284768192,0.1850000023841858,-0.15461603515942096,-0.13099999725818634,1.5564470867370044,1.7564470867370043
9.768204927444458,0.9777988327085395,-0.049642613986931844,-1.5274219742166106,-0.02093848561866568,0.09436786709979249,0.17263140181448414,0.1809999942779541,-0.18179007048669188,-0.17499999701976776,1.575037689483911,1.775037689483911
9.812798976898193,0.9780859011599564,-0.05655664336430391,-1.5335826149642369,-0.020274717839034152,0.09536939182460036,0.16381818760771993,0.17299999296665192,-0.18338651128232317,-0.17499999701976776,1.5820733191206362,1.7820733191206362
9.867146492004395,0.9783313718599592,-0.06339222989542707,-1.5403326084412088,-0.019608173886920436,0.09572798370457104,0.16081509386357695,0.17299999296665192,-0.19204354013687153,-0.17499999701976776,1.5890225230899322,1.7890225230899321
9.913567543029785,0.9785236358993016,-0.07008945824097412,-1.5461259976620831,-0.018956235260460516,0.09692859525235774,0.14993863059104223,0.16899999976158142,-0.19745860466666698,-0.13099999725818634,1.5958255949850373,1.7958255949850372
9.962446212768555,0.978669282310786,-0.07656780533069604,-1.55210105188382,-0.01832134689908429,0.0977551247864874,0.14471130189121306,0.15800000727176666,-0.19314151820830558,-0.17499999701976776,1.6024011812229928,1.8024011812229928
10.021982431411743,0.9788203236422605,-0.08628660095392536,-1.5610360190051817,-0.017353584565391534,0.09909345083882948,0.1408245284076759,0.15800000727176666,-0.20645799495361192,-0.17499999701976776,1.6122561366307597,1.8122561366307597
10.065126180648804,0.9788949050572097,-0.0985463257288662,-1.571167481071001,-0.016105835710253456,0.10205939037408562,0.12533229141184393,0.1469999998807907,-0.21017630320544675,-0.13099999725818634,1.6246716187632795,1.8246716187632794
10.124083518981934,0.9788820628773461,-0.10458630266759783,-1.5769946910003847,-0.015481452000987037,0.10275038774061396,0.1311645003850601,0.1509999930858612,-0.22412933424263123,-0.17499999701976776,1.630782199550054,1.830782199550054
10.170776844024658,0.9788327459338125,-0.11046608086117371,-1.582965923697885,-0.014872484526266577,0.10316817685864654,0.13958583379010836,0.1469999998807907,-0.2257423087369885,-0.21899999678134918,1.636727543494157,1.836727543494157
10.21550989151001,0.9787528751301303,-0.11602549930364879,-1.5913116932807287,-0.014295219573562406,0.10091032744634852,0.13784646849316495,0.12800000607967377,-0.19949000988399002,-0.2630000114440918,1.6423462748991318,1.8423462748991317
10.263969898223877,0.9786321375513919,-0.12136411697412446,-1.6001429620059842,-0.013752778880026136,0.09797167097129499,0.1432616062060556,0.13500000536441803,-0.21233645690443845,-0.2630000114440918,1.6477412795818898,1.8477412795818897
10.307180881500244,0.9784636312177143,-0.12670144639939063,-1.6086878152277704,-0.013226455122287185,0.09536477153486733,0.11282136944630748,0.12800000607967377,-0.20357473750155194,-0.17499999701976776,1.6531353729625573,1.8531353729625573
10.356075763702393,0.9778622170944525,-0.13964724905349213,-1.6294210016282489,-0.012008494533210021,0.08925329511613088,0.13007498201662415,0.13199999928474426,-0.21585861072134202,-0.21899999678134918,1.6662223545037587,1.8662223545037586
10.40636420249939,0.9775485488289323,-0.14483777591284422,-1.635812261670843,-0.011538563644925282,0.08881903652234134,0.11131284709912169,0.12800000607967377,-0.21423730269436053,-0.17499999701976776,1.6714712115602655,1.8714712115602654
10.456435441970825,0.9772099558029409,-0.14986636582105184,-1.643127618582358,-0.011088035416165869,0.08732688430580793,0.1106156530850123,0.12800000607967377,-0.21770370187613342,-0.17499999701976776,1.6765568987012192,1.8765568987012191
10.507412433624268,0.9768344935292194,-0.15489234297525828,-1.649483834880976,-0.010644953013347275,0.08684947512455987,0.1234564593915463,0.12399999797344208,-0.21555399535750733,-0.21899999678134918,1.6816412498387903,1.8816412498387902
10.556529521942139,0.9760376232513485,-0.16433872187089743,-1.6645978270637376,-0.009821528735963982,0.08294890529793864,0.0974012683572908,0.11299999803304672,-0.20120800040572281,-0.17499999701976776,1.6912001324868395,1.8912001324868395
10.606589317321777,0.9760376232513485,-0.16433872187089743,-1.6645978270637376,-0.009821528735963982,0.08294890529793864,0.11941659118466003,0.11699999868869781,-0.2083304087911616,-0.21899999678134918,1.6912001324868395,1.8912001324868395
10.655802011489868,0.9712758227002142,-0.16910930561281318,-1.6849317384969298,-0.013651826759395544,0.06931284511724844,0.12064147546224283,0.10899999737739563,-0.16132479985635131,-0.21899999678134918,1.6968251549202644,1.8968251549202644
10.707724332809448,0.9672430175048192,-0.16704114129933467,-1.6945636069318295,-0.017993210345334847,0.058094717957381414,0.1234190133700544,0.10899999737739563,-0.12574941845467988,-0.21899999678134918,1.6954988556750499,1.8968251549202644
10.755594730377197,0.9662895641681554,-0.17082685334567083,-1.703556941604305,-0.01823695946761906,0.05387914997144749,0.12753520935967277,0.11299999803304672,-0.1250388984424519,-0.2630000114440918,1.6994816850376326,1.8994816850376326
10.808330059051514,0.9656920309726301,-0.17522645574653783,-1.712119505504214,-0.0179955836093995,0.05080641386936403,0.1313627821236515,0.11699999868869781,-0.12981303401270278,-0.21899999678134918,1.704014571019827,1.9040145710198269
10.85673213005066,0.9643076155450211,-0.18460475244230046,-1.7272780372331262,-0.0175075578502824,0.04755683701638813,0.13272487194412566,0.11999999731779099,-0.13804716792358268,-0.17499999701976776,1.7136933744905647,1.9136933744905646
10.905725002288818,0.9635512492500783,-0.1893447861970469,-1.7334697680230489,-0.017273114479657223,0.04749528568146766,0.1322286508218173,0.11999999731779099,-0.14253818852032718,-0.17499999701976776,1.7185942662468359,1.9185942662468358
10.955518960952759,0.9627415255894124,-0.19423825278375537,-1.7400517865907315,-0.017028267378889215,0.04732677336229573,0.13763168012001428,0.12399999797344208,-0.15209117626490892,-0.21899999678134918,1.7236582249532417,1.9236582249532417
11.005829095840454,0.9614532581644138,-0.20164704600841446,-1.748418852562004,-0.016657353640564348,0.04883818097253578,0.12187034389712945,0.12399999797344208,-0.16182862043726445,-0.13099999725818634,1.7313354383401591,1.931335438340159
11.056040048599243,0.9600633548722678,-0.20928153998342786,-1.7569437791899503,-0.01625745613452729,0.05070668867174798,0.10738568083647998,0.12800000607967377,-0.178276678870956,-0.08699999749660492,1.7392562000390497,1.9392562000390496
11.109578371047974,0.9595895705604972,-0.21179732030486415,-1.7600786278848115,-0.016123254976514338,0.05104985947369811,0.13103096761423538,0.12800000607967377,-0.18171983245896622,-0.17499999701976776,1.7418689844647373,1.9418689844647372
11.155780553817749,0.9576838461075506,-0.22153249548513393,-1.7713207199485461,-0.015589365732466724,0.05352098466882337,0.11796041247651885,0.11999999731779099,-0.18469147247757833,-0.17499999701976776,1.7519920517408882,1.9519920517408882
11.206171989440918,0.9567195214210221,-0.22623461437090042,-1.7772658977602984,-0.015324802915968216,0.05434800949117479,0.0968538454414494,0.11999999731779099,-0.19143314077268714,-0.08699999749660492,1.7568894392669252,1.9568894392669252
11.256860494613647,0.9557250284540938,-0.2309508991936619,-1.7827194396171002,-0.015052905727620022,0.05579500367909773,0.10302813312110497,0.12399999797344208,-0.20576103107168361,-0.13099999725818634,1.7618065717337867,1.9618065717337867
11.307053327560425,0.9547071922825873,-0.23564173103770725,-1.7891606047197497,-0.014776940799180025,0.05632716881989275,0.1082370183532018,0.11999999731779099,-0.2058615709155896,-0.17499999701976776,1.766702635758926,1.966702635758926
11.356420993804932,0.9531665754012045,-0.24247005660522591,-1.7977056179893727,-0.014371564224745306,0.05813397384336372,0.11745083480496131,0.11699999868869781,-0.21179143346576873,-0.21899999678134918,1.7738417543262943,1.9738417543262943
11.406951427459717,0.9516552397087094,-0.2489152082951095,-1.807373836679838,-0.013976609872116493,0.058469284746776706,0.10914964788233666,0.10899999737739563,-0.20590215752799523,-0.21899999678134918,1.78059174715945,1.9805917471594499
11.45747709274292,0.9501175180295142,-0.25518950382246985,-1.8180418541049856,-0.013591358473107738,0.05777722423322462,0.08928740994314259,0.10499999672174454,-0.20560143338364326,-0.17499999701976776,1.7871777602293197,1.9871777602293197
11.50645112991333,0.9490433296323105,-0.25941511133922995,-1.8250152791238827,-0.0133320696623389,0.05765679058711082,0.08765448795806063,0.10499999672174454,-0.21100871015252265,-0.17499999701976776,1.791622307605981,1.991622307605981
11.555701732635498,0.9479763778922926,-0.26347730266092695,-1.83218346588209,-0.013087083199945476,0.05718617505921486,0.08647581147559869,0.10499999672174454,-0.21593535062279823,-0.17499999701976776,1.7959036093663374,1.9959036093663374
11.60579252243042,0.9464440658115778,-0.26913341078423986,-1.8435831271871421,-0.012742993700859571,0.055301946011211855,0.09256020141498464,0.09399999678134918,-0.19848694441380108,-0.21899999678134918,1.8018763980317425,2.0018763980317424
11.655644178390503,0.9449256140271656,-0.27448202738270555,-1.854221244784481,-0.012431446052622442,0.05387855032846378,0.0770434588771316,0.09000000357627869,-0.19518131099837244,-0.17499999701976776,1.8075436480480902,2.0075436480480904
11.708099126815796,0.9444222743220905,-0.27621021197629725,-1.8585192169428948,-0.012331778044699444,0.052602590951727146,0.08694095104279706,0.0860000029206276,-0.1874276133238778,-0.21899999678134918,1.8093783008260023,2.009378300826002
11.756003141403198,0.9424678387341929,-0.2826814902624348,-1.8726727659858677,-0.011975285635118717,0.049980081816664024,0.07254783980655255,0.08299999684095383,-0.18611109754802505,-0.17499999701976776,1.8162690411783573,2.0162690411783575
11.80586290359497,0.9416086542580698,-0.2858652878457165,-1.879551383062877,-0.011675192046937793,0.048819924118125975,0.07161582284510325,0.08299999684095383,-0.18934048353227484,-0.17499999701976776,1.8196206650696543,2.019620665069654
11.855676412582397,0.9456207061005032,-0.2931855984135895,-1.8808200659349925,-0.005328830293484318,0.05709934824262498,0.0659108445858618,0.07900000363588333,-0.21511732919031867,-0.21899999678134918,1.8251246887208832,2.0251246887208834
11.907530784606934,0.9496205402722127,-0.30213246037484953,-1.8845665166578083,0.001657921055666281,0.06559363319094835,0.05751020102473836,0.07900000363588333,-0.2522108381458963,-0.21899999678134918,1.8320195247000406,2.0320195247000408
11.95737075805664,0.9483100308373698,-0.30612273866639833,-1.8962831606783648,0.0019341516009688986,0.06145796729499775,0.06842747206351839,0.06700000166893005,-0.21515802258088546,-0.2630000114440918,1.8361968199747438,2.036196819974744
12.00740933418274,0.9478815635243663,-0.3073923755185519,-1.9004926524333123,0.002018107492013392,0.05969370219217862,0.05589000028913124,0.06400000303983688,-0.20563477534347607,-0.21899999678134918,1.8375293573455296,2.0375293573455298
12.055744409561157,0.9461741366367116,-0.31228280808617465,-1.917292649525001,0.0023197005948046353,0.05246754431160383,0.07480481830044149,0.06400000303983688,-0.2058070107319335,-0.3070000112056732,1.8426797156618575,2.0426797156618575
12.106627464294434,0.945326949638776,-0.3146136346152038,-1.9252477208301229,0.0024502425016980577,0.04916479709986121,0.06719923157137692,0.05999999865889549,-0.19310644863188944,-0.2630000114440918,1.8451452316133716,2.045145231613372
12.155978202819824,0.9444887304391943,-0.31686247781674026,-1.9335433436047587,0.002568041316724659,0.045413701048508726,0.05566337273091674,0.06400000303983688,-0.2058037390729724,-0.21899999678134918,1.8475309183041255,2.0475309183041257
12.206004619598389,0.9435535459635563,-0.31930989619671807,-1.9415871699599025,0.002687661677061278,0.04238223601179447,0.06876911612753887,0.06700000166893005,-0.21592937147916474,-0.2630000114440918,1.8501350159230048,2.0501350159230047
12.25656533241272,0.9421349890550683,-0.3229212578850677,-1.9525404243639346,0.0028530461908613126,0.03895364713412697,0.068443548513188,0.06700000166893005,-0.21732601730497028,-0.2630000114440918,1.8539906079866462,2.053990607986646
12.307056665420532,0.9407513064473874,-0.32633119797860893,-1.9644603140845112,0.0029959229353356213,0.03428336209437277,0.05577251879320648,0.06400000303983688,-0.20799204183272751,-0.21899999678134918,1.857646622273502,2.057646622273502
12.362310886383057,0.9393277951342878,-0.329724671256875,-1.9757111375515763,0.0031225917597247003,0.03039241265301751,0.0479402008414855,0.05999999865889549,-0.19581017707683795,-0.17499999701976776,1.8613018878542305,2.0613018878542304
12.41147756576538,0.9383466937158439,-0.33200233720127426,-1.9827235742386968,0.0031996687375208176,0.028402273516656473,0.05600301852750067,0.06400000303983688,-0.20984042495926963,-0.21899999678134918,1.8637648192610727,2.0637648192610727
12.461234331130981,0.9373819366598254,-0.33419988425034536,-1.989657391466212,0.003269494318796348,0.0263773637656326,0.04812075214794932,0.05999999865889549,-0.19755768768481288,-0.17499999701976776,1.8661479189816605,2.0661479189816605
12.513225317001343,0.9364664375458054,-0.33624422246796354,-1.9971940091107294,0.0033288642650879567,0.023469228624287016,0.05692705985675357,0.0560000017285347,-0.18456254849405954,-0.21899999678134918,1.868371829685933,2.0683718296859332
12.56447982788086,0.9351313263214626,-0.3391523893382995,-2.007796432274748,0.003401873707751954,0.01955862966606592,0.048480373178708784,0.052000001072883606,-0.17172472966313326,-0.17499999701976776,1.8715484555886408,2.071548455588641
12.617304563522339,0.9338266742219751,-0.34192031664127054,-2.017386142369188,0.0034610262638882275,0.016455812480110854,0.049085980543130556,0.052000001072883606,-0.17236717392144582,-0.17499999701976776,1.8745856206675935,2.0745856206675937
12.662685871124268,0.9325214747035376,-0.3446215020448073,-2.026985153588722,0.003509464867697385,0.013300091758707834,0.0425288938747091,0.04899999871850014,-0.1629590044646669,-0.13099999725818634,1.8775627741670335,2.0775627741670335
12.711647510528564,0.9316542272868614,-0.34637916584322564,-2.0328907413114465,0.0035354380611753978,0.011648935175110786,0.055179480203173516,0.04899999871850014,-0.16349891866270463,-0.21899999678134918,1.8795076102231694,2.0795076102231693
12.760745763778687,0.9307496172378161,-0.34818525069075085,-2.0391190890251947,0.0035588880736695,0.009842319770797303,0.0506453989360352,0.052000001072883606,-0.1740470415213948,-0.17499999701976776,1.8815117579152094,2.0815117579152096
12.813183069229126,0.9299059377316958,-0.349842913069965,-2.045136715018435,0.0035764227843767425,0.007930558707042845,0.05111925559989912,0.052000001072883606,-0.1744155456628451,-0.17499999701976776,1.8833570386258047,2.0833570386258047
12.866429328918457,0.9289808822379418,-0.3516386647631786,-2.0517948886998996,0.003594268147345279,0.00577133176915634,0.05159337846934532,0.052000001072883606,-0.17477626632930565,-0.17499999701976776,1.8853608375973314,2.0853608375973316
12.921214818954468,0.927582622178569,-0.35429287843409485,-2.0615502171046542,0.003610104058455865,0.0027748726535614665,0.052174873085309346,0.052000001072883606,-0.1754023991749616,-0.17499999701976776,1.8883364300207826,2.0883364300207825
12.961663722991943,0.9257270766229101,-0.3577231711137229,-2.074874659044134,0.003618395273216086,-0.0016243527947659155,0.046723088114650174,0.04899999871850014,-0.1658011450360945,-0.13099999725818634,1.8922041511594758,2.0922041511594758
13.013640880584717,0.9257372478201213,-0.36039212751211563,-2.080954430040516,0.004918911677300485,-0.0023033247865731354,0.052684279783893465,0.052000001072883606,-0.17994021294957005,-0.17499999701976776,1.8945118087058792,2.0945118087058794
13.062451839447021,0.928920264899735,-0.36633835585976554,-2.086786052110891,0.010607225856724365,0.0003038758218392168,0.04129577149958102,0.04899999871850014,-0.18368687597294867,-0.13099999725818634,1.8980700731817661,2.0980700731817663
13.113708019256592,0.9317014765975573,-0.3719600448843894,-2.092546899288215,0.015815435760858223,0.0027041846910482725,0.04515760324169129,0.052000001072883606,-0.20785757648170558,-0.17499999701976776,1.9014569219438526,2.1014569219438526
13.166506290435791,0.9297093404324379,-0.37538243918089775,-2.106192568018813,0.015823235400561696,-0.0015952727456136628,0.04669642336419471,0.052000001072883606,-0.20832456780800312,-0.17499999701976776,1.9052689889048973,2.105268988904897
13.211534023284912,0.9297093404324379,-0.37538243918089775,-2.106192568018813,0.015823235400561696,-0.0015952727456136628,0.04370192160405585,0.04100000113248825,-0.164255910381265,-0.21899999678134918,1.9052689889048973,2.105268988904897
13.262779951095581,0.9273472832381768,-0.37930626153380753,-2.122637652883995,0.015811407985035754,-0.007025595195316647,0.04056453118105741,0.04899999871850014,-0.19656890711810715,-0.13099999725818634,1.9096746076638804,2.1096746076638806
13.313108205795288,0.9264013592028095,-0.38083769301732856,-2.129161286459858,0.01580005961359453,-0.009158872255033756,0.045549447980603244,0.04100000113248825,-0.16455097187014384,-0.21899999678134918,1.9114054950459474,2.1114054950459473
13.366575002670288,0.9254884622667064,-0.3822954434066728,-2.135127298462039,0.015786005025715536,-0.01089834764908826,0.0393285188646385,0.03700000047683716,-0.14865762981323397,-0.17499999701976776,1.9130587032183053,2.1130587032183055
13.41538953781128,0.924566067383821,-0.3837472165973076,-2.1418132365865077,0.015768024890473253,-0.01332642386174987,0.037426196804917974,0.04100000113248825,-0.1646418786809814,-0.13099999725818634,1.9147114534710488,2.114711453471049
13.460975408554077,0.9228226915916767,-0.386430646327151,-2.1553543257002556,0.015721731969054697,-0.01886025855092477,0.04125669379004577,0.03700000047683716,-0.1480687325263705,-0.17499999701976776,1.9177849359428443,2.1177849359428444
13.509326219558716,0.9228226915916767,-0.386430646327151,-2.1553543257002556,0.015721731969054697,-0.01886025855092477,0.03915050765557518,0.04100000113248825,-0.1640761654872886,-0.13099999725818634,1.9177849359428443,2.1177849359428444
13.561758756637573,0.9206723256599227,-0.3896361628804768,-2.1717333482036483,0.015643418354276007,-0.025424275950453268,0.04267931349691663,0.03700000047683716,-0.14744871288389658,-0.17499999701976776,1.921490117035798,2.121490117035798
13.614185094833374,0.919787695612336,-0.3909210522861616,-2.1788173977503895,0.015603738951810496,-0.028492369785909855,0.041964134512829966,0.04100000113248825,-0.16293906928474963,-0.13099999725818634,1.9229870645435823,2.122987064543582
13.66065001487732,0.918986071503682,-0.39206880273580036,-2.184988432906472,0.01556408110294737,-0.031035899773350643,0.04265144654356032,0.04100000113248825,-0.16260564760573823,-0.13099999725818634,1.9243299576118404,2.1243299576118404
13.713372468948364,0.9180846654228276,-0.39334202299510795,-2.192347312249227,0.015515933088058547,-0.034325889461958685,0.04442724107082201,0.03700000047683716,-0.14624395259679013,-0.17499999701976776,1.925825986456204,2.125825986456204
13.76211667060852,0.9163954765571033,-0.3956745957614165,-2.2051794201407997,0.015412976447790914,-0.039572446247730486,0.04332526947964502,0.032999999821186066,-0.12984076065803793,-0.21899999678134918,1.928586723073462,2.128586723073462
13.812220335006714,0.9153742042487049,-0.3970585487050934,-2.211690148063368,0.015346532044165855,-0.04150623202305592,0.05215996790592914,0.04500000178813934,-0.1770533390787455,-0.17499999701976776,1.9302351279242775,2.1302351279242777
13.862386226654053,0.9139931447116822,-0.3988976706110242,-2.220502487660955,0.015250815196886045,-0.044144374291553046,0.04596967766696824,0.03700000047683716,-0.14554181735527955,-0.17499999701976776,1.9324385670967834,2.1324385670967834
13.916441679000854,0.9130478939678939,-0.40013867255628854,-2.2268748389085578,0.015183343578980883,-0.04629137726770205,0.04640306966229834,0.04100000113248825,-0.16110546286707883,-0.13099999725818634,1.9339328585580446,2.133932858558045
13.961121559143066,0.9119962136937458,-0.40149966980240975,-2.2329141079612,0.015104668228422,-0.047636839894017236,0.05320195572911854,0.04500000178813934,-0.17702624355157584,-0.17499999701976776,1.9355799452994609,2.135579945299461
14.018921852111816,0.9109369187195956,-0.4028547549010813,-2.2394096137251673,0.015024459492007473,-0.04940095882229122,0.05151432543084812,0.04100000113248825,-0.16130956837749766,-0.21899999678134918,1.93722678364691,2.13722678364691
14.062708616256714,0.9087901382859771,-0.4055425810946403,-2.2526218493551613,0.014852659458305877,-0.05303868661694277,0.05400102292543138,0.04500000178813934,-0.1770044688063635,-0.17499999701976776,1.9405192329197156,2.140519232919716
14.11159896850586,0.9076533085999418,-0.4069381299912777,-2.259786713679695,0.014758621181839396,-0.05513268301098951,0.05429049942591178,0.04500000178813934,-0.17688432447147537,-0.17499999701976776,1.9422418472051481,2.142241847205148
14.161409378051758,0.9064039504181277,-0.4084483075352792,-2.266689273710358,0.014651806693409344,-0.056467058446235,0.05545542681679899,0.04899999871850014,-0.19287315446965883,-0.13099999725818634,1.9441170339033083,2.144117033903308
14.212326526641846,0.904777853967647,-0.4105426494036957,-2.276564488324588,0.014606814198142673,-0.05872092432985543,0.0607737634804174,0.052000001072883606,-0.20499759578633928,-0.17499999701976776,1.9466566077443934,2.1466566077443936
14.261880874633789,0.9107928934872496,-0.40672747448082164,-2.2818239265861013,0.017169349873401296,-0.08285288273615476,0.06383881104696719,0.052000001072883606,-0.19387223061268707,-0.17499999701976776,1.9403103141097546,2.1466566077443936
14.316089630126953,0.9127822089982459,-0.40546520486803106,-2.2835467428301675,0.018043762673476262,-0.09063899847351875,0.06742798057352294,0.0560000017285347,-0.20503095533572724,-0.13099999725818634,1.9382293169623064,2.1466566077443936
14.362208127975464,0.9104458638813004,-0.4083872347649765,-2.298139100552208,0.017867293965043825,-0.0948497388550953,0.07250066254030539,0.05999999865889549,-0.21952523227150558,-0.17499999701976776,1.9417796700194576,2.1466566077443936
14.41127634048462,0.9088454452725896,-0.41017570770724937,-2.3061556333676783,0.017641763088283052,-0.09613416147828513,0.07248981333262389,0.05999999865889549,-0.21995209650820757,-0.17499999701976776,1.9440497232011362,2.1466566077443936
14.461662292480469,0.9071238698153957,-0.41207042167735297,-2.314879064804412,0.017399669867670987,-0.09759552938507764,0.0769919142178245,0.06400000303983688,-0.23502109816945108,-0.21899999678134918,1.9464710409399073,2.1466566077443936
14.51534366607666,0.9053858810807772,-0.41395003143441633,-2.3225286450869955,0.0171539906664519,-0.09789832332580106,0.07697147719297817,0.06400000303983688,-0.23602198314034972,-0.21899999678134918,1.9488922848065262,2.1488922848065264
14.560988664627075,0.90246309357326,-0.417049215241694,-2.336655805795893,0.016745277849876804,-0.09960309181036386,0.08810058495842539,0.07500000298023224,-0.2776222045189314,-0.2630000114440918,1.9529218438698188,2.152921843869819
14.61958122253418,0.8994972506029808,-0.4201071245686983,-2.350467775171164,0.01633040587579642,-0.10074397557273951,0.0801826999165903,0.06700000166893005,-0.24917430876467253,-0.2630000114440918,1.956952019060822,2.1569520190608222
14.660963535308838,0.896375684791324,-0.423236337645359,-2.3646448392219215,0.01589546490618585,-0.1015081190704623,0.08808513492224557,0.07500000298023224,-0.28043948075294806,-0.2630000114440918,1.9611344396541108,2.161134439654111
14.711903095245361,0.8941176247473308,-0.4254468797052534,-2.373991011555095,0.01558369606811529,-0.10109593803676553,0.09193076647449654,0.07900000363588333,-0.29714875874836477,-0.21899999678134918,1.9641256181246005,2.1641256181246007
14.76700210571289,0.8917791170096365,-0.4276894157296082,-2.384178442010781,0.015262874372808865,-0.10112962009986504,0.09588148615019403,0.08299999684095383,-0.31364531402711865,-0.2630000114440918,1.9671930919168248,2.167193091916825
14.810920476913452,0.8893169798445603,-0.4300050516767727,-2.3942371397902753,0.014930704130337428,-0.10043182051347976,0.10270789794647506,0.09000000357627869,-0.34225249482789805,-0.2630000114440918,1.970394324617793,2.170394324617793
14.862112998962402,0.8866700269363013,-0.43244498889188493,-2.4048404783002373,0.014581135975333628,-0.09939205450117462,0.10260176903437512,0.09000000357627869,-0.3446832149867271,-0.35100001096725464,1.9738054618981267,2.1738054618981266
14.916438341140747,0.8827692246533249,-0.435943725192472,-2.421142738079768,0.014076696476100565,-0.09840100848257059,0.10245422134320721,0.09000000357627869,-0.34755644892182325,-0.2630000114440918,1.978773100167115,2.178773100167115
14.962017297744751,0.8769712333629507,-0.4409494098111647,-2.4442196346946354,0.01335987957681101,-0.09544958330800712,0.10610758198597851,0.09399999678134918,-0.36817589859310457,-0.3070000112056732,1.9860419634624826,2.1860419634624826
15.012727737426758,0.873912732040697,-0.44349615418599253,-2.456671512812287,0.0129960276148499,-0.09401722520675326,0.10981703605242037,0.09799999743700027,-0.3862677625942555,-0.35100001096725464,1.9898232185562206,2.1898232185562208
15.063456535339355,0.8707137963919376,-0.4460924882528054,-2.469188628300147,0.01262632207941247,-0.09190388767125324,0.11636204236996836,0.10499999672174454,-0.41693028452560127,-0.35100001096725464,1.9937391733161287,2.193739173316129
15.119100093841553,0.8675455419237138,-0.4485991171533506,-2.482823944446612,0.012272497166597438,-0.09093912867443389,0.12063706742421357,0.10899999737739563,-0.43458812802400465,-0.39500001072883606,1.9975818761890602,2.1975818761890604
15.16308069229126,0.8606580903219205,-0.45381525536009104,-2.5106768708135405,0.01153392180464972,-0.08672644359943861,0.12308847647405416,0.11299999803304672,-0.45580695885759176,-0.35100001096725464,2.005807730915576,2.205807730915576
15.210967063903809,0.8606580903219205,-0.45381525536009104,-2.5106768708135405,0.01153392180464972,-0.08672644359943861,0.12448213870280059,0.11299999803304672,-0.45580695885759176,-0.4390000104904175,2.005807730915576,2.205807730915576
15.256054878234863,0.8493680189171062,-0.46171377024880933,-2.5598224857177407,0.010423646043114318,-0.08236154437438925,0.12867523580262258,0.11699999868869781,-0.4753035368807227,-0.4819999933242798,2.0189544659102556,2.218954465910256
15.306990385055542,0.8474129455635644,-0.46299960592052114,-2.5679596645207075,0.010242061743778627,-0.0811147957154228,0.12791327587959272,0.11699999868869781,-0.47603875831154857,-0.39500001072883606,2.0211932796200873,2.2211932796200875
15.357095003128052,0.8453971214060827,-0.4643020535906766,-2.576632151299224,0.01005919721907211,-0.0800883791794309,0.1386995842411471,0.12800000607967377,-0.5212143674031177,-0.4390000104904175,2.0234878560793668,2.223487856079367
15.407437801361084,0.8390790166961624,-0.46823046557706105,-2.602177191651358,0.009512439871191249,-0.07506926028749517,0.143355794628654,0.13199999928474426,-0.5403109100679956,-0.4819999933242798,2.0306081613521205,2.2306081613521207
15.455896854400635,0.8193031434706246,-0.47283686142022013,-2.6543592635817115,0.0026503863174038604,-0.044137913414410423,0.13887814228023332,0.12800000607967377,-0.5232449405744205,-0.5260000228881836,2.0492230570335845,2.2492230570335847
15.506110668182373,0.8143572965818248,-0.47390432871753235,-2.666746907594612,0.0011173196846372942,-0.03452127961743878,0.14061328402089565,0.13199999928474426,-0.5406801589011468,-0.4819999933242798,2.0540045910291655,2.2540045910291657
15.556135892868042,0.8073482343749874,-0.47741645070894584,-2.694742667984254,0.0009076925647742178,-0.026197139918095132,0.13977985558553707,0.13199999928474426,-0.5424371672446267,-0.4819999933242798,2.0618051959044523,2.2618051959044525
15.606181859970093,0.797522570028182,-0.4819455584546773,-2.735111233645955,0.0007376540239054283,-0.015634020125663284,0.1440205669715896,0.13899999856948853,-0.5705547378641839,-0.4819999933242798,2.0725824147375382,2.2725824147375384
15.656244993209839,0.792403249763445,-0.4841146810249811,-2.7558031248523305,0.0006923892629281042,-0.009909142230814627,0.14785497812505485,0.13899999856948853,-0.5697668154792792,-0.5699999928474426,2.0781234411752787,2.278123441175279
15.705631971359253,0.7870186702270069,-0.48627015956228165,-2.7776058054248454,0.0006860016124634126,-0.004055317229150646,0.14275154733283585,0.13899999856948853,-0.5683114481588102,-0.4819999933242798,2.083904550743191,2.283904550743191
15.755656957626343,0.7817384833425545,-0.4882522083697582,-2.798607542057233,0.0007114407726884659,0.0018540321383411218,0.15418533893652772,0.1469999998807907,-0.599378150331427,-0.5699999928474426,2.089525795685438,2.2895257956854382
15.807462453842163,0.7737788298664962,-0.4909970633677358,-2.8299424054485685,0.0008043533201510458,0.010663085391666716,0.14880206446770036,0.14300000667572021,-0.5799216202290355,-0.5260000228881836,2.097915064208802,2.297915064208802
15.856328248977661,0.762988916555383,-0.49428340469320214,-2.8726057232849604,0.0010454885523254753,0.02133552203939848,0.15326149436847766,0.1469999998807907,-0.5893884046693945,-0.5699999928474426,2.109143802769788,2.309143802769788
15.90604281425476,0.7574654601095213,-0.49576959989562835,-2.8934988709755958,0.0012089000502278158,0.027154498262183857,0.1497891744647109,0.14300000667572021,-0.570320828166207,-0.6140000224113464,2.114831436158494,2.314831436158494
15.955864667892456,0.751777293468643,-0.4971778154784842,-2.9150637794954735,0.0014158109783623993,0.03267545770610302,0.15201809579774633,0.1469999998807907,-0.5824271624345021,-0.5699999928474426,2.12065231719201,2.3206523171920104
16.006331205368042,0.7460401894771415,-0.49846573551911005,-2.937360432966479,0.0016534022153188977,0.0371925310992407,0.15142210889656962,0.1469999998807907,-0.5771710886286417,-0.5699999928474426,2.1264864385473237,2.326486438547324
16.05684208869934,0.7401972497082102,-0.49964076568068055,-2.9602775390650424,0.0019204812417887762,0.04102685033473196,0.15119158911845834,0.1469999998807907,-0.5708872556991624,-0.5699999928474426,2.132392750606386,2.332392750606386
16.10605788230896,0.731228406952504,-0.5011779386542147,-2.9949631324175607,0.002371052392126368,0.04629904146831132,0.15452781841782598,0.1509999930858612,-0.5759277728880424,-0.6140000224113464,2.1413960978941646,2.341396097894165
16.155635833740234,0.7178762114300669,-0.502172249355129,-3.035856216147426,0.0024055182489861977,0.062118822114868966,0.1531699093222499,0.1509999930858612,-0.5684637888384049,-0.5260000228881836,2.1546516355225123,2.3546516355225124
16.205211877822876,0.7178762114300669,-0.502172249355129,-3.035856216147426,0.0024055182489861977,0.062118822114868966,0.15846159932322762,0.1509999930858612,-0.5684637888384049,-0.6140000224113464,2.1546516355225123,2.3546516355225124
16.257758617401123,0.7028720630000743,-0.5020909611939435,-3.070629582124794,0.0021263290534023903,0.08761294849430203,0.15532302799587594,0.1469999998807907,-0.5549039512115658,-0.5699999928474426,2.1695191020366567,2.369519102036657
16.306010723114014,0.6969248380181404,-0.5024791675876319,-3.0936577812686856,0.0026814776971821365,0.08737464479820847,0.162027975031191,0.15399999916553497,-0.5715527103728768,-0.5699999928474426,2.1753983497345426,2.375398349734543
16.355727434158325,0.6908304110182656,-0.5027370614133194,-3.116529354786862,0.0032486938588286497,0.08717053908583085,0.1585849596790868,0.1509999930858612,-0.5509723747306688,-0.5260000228881836,2.1814047585002467,2.381404758500247
16.406925678253174,0.6816517333444256,-0.5028672301414076,3.132359235216825,0.004099668744041648,0.08570719481264,0.16424405061328382,0.15399999916553497,-0.5464254225754194,-0.5699999928474426,2.1904247170610565,2.3904247170610566
16.456177711486816,0.6692572399247205,-0.5025355367911115,3.0860474520646344,0.005206749346526914,0.08137241976607834,0.1657935772248983,0.15399999916553497,-0.5231435829544383,-0.5699999928474426,2.202579937146762,2.402579937146762
16.506837129592896,0.6631088418649022,-0.5021584990041327,3.0638656476701707,0.005733746813673513,0.07904994094682971,0.1792864158411426,0.16599999368190765,-0.5516408691596714,-0.6140000224113464,2.208608817194455,2.4086088171944553
16.555767059326172,0.6566516673343393,-0.5016166520535739,3.042229509772652,0.00627237250967289,0.0776136893820425,0.16716715949271999,0.15399999916553497,-0.5015648737480993,-0.5699999928474426,2.2149451385751293,2.4149451385751295
16.605735301971436,0.650287235779711,-0.5009441428283429,3.0224652571952837,0.006792704312814798,0.07712016730619586,0.170327327639599,0.16200000047683716,-0.5187980523018708,-0.4819999933242798,2.2211980577075217,2.421198057707522
16.6576087474823,0.6405099846684109,-0.49967237885355326,2.9929023198095925,0.007592704591493099,0.07595329377580294,0.1717789964701037,0.16200000047683716,-0.5054291995429797,-0.4819999933242798,2.2308213363641687,2.430821336364169
16.70701026916504,0.6245544865074029,-0.49321875363151335,2.9543064772541645,0.005252158716128616,0.08333156520361396,0.17880579081607798,0.16899999976158142,-0.4934018053091166,-0.4819999933242798,2.2475782709507945,2.4475782709507947
16.755730628967285,0.6188891324088216,-0.49069587134879433,2.9405060505710163,0.0043837411407654705,0.08514246264826843,0.18582631105238034,0.17299999296665192,-0.4914472626617279,-0.5260000228881836,2.2536436344469037,2.453643634446904
16.807602167129517,0.6106681968761978,-0.48797275727988726,2.9172963741063302,0.004184776860734348,0.08308755985533356,0.18642656350274445,0.17299999296665192,-0.47290816399215924,-0.5260000228881836,2.2622110658395007,2.462211065839501
16.85575795173645,0.5970706821279975,-0.4846441091946759,2.8761040856837026,0.005352759553576842,0.07391046052713968,0.18979011846585112,0.1770000010728836,-0.45650759001886926,-0.4819999933242798,2.276009489593031,2.4760094895930314
16.907049417495728,0.5903248389294602,-0.4827753002529694,2.8568622056075887,0.00588939422639837,0.06975732650130029,0.19503184890060304,0.1809999942779541,-0.45393747262845763,-0.5260000228881836,2.2829040305306667,2.482904030530667
16.95651602745056,0.579855721070544,-0.4796011715970753,2.8300516248263676,0.006670378408607231,0.06540085531055073,0.19512611315332598,0.1809999942779541,-0.4379208058657896,-0.5260000228881836,2.2936751815157868,2.493675181515787
17.006929636001587,0.5694155321172707,-0.4761376791387445,2.8041081121850944,0.007410680649053271,0.06071203485256227,0.20060471572341282,0.18799999356269836,-0.43825538571980294,-0.4390000104904175,2.3045005302801456,2.5045005302801457
17.055633306503296,0.5587806948106979,-0.4723184805993603,2.7799509404253864,0.008131180253599544,0.05711137199213523,0.2088953579659738,0.19599999487400055,-0.4421427918876623,-0.4390000104904175,2.315617911747336,2.515617911747336
17.106106996536255,0.5587806948106979,-0.4723184805993603,2.7799509404253864,0.008131180253599544,0.05711137199213523,0.2097848860747293,0.20000000298023224,-0.45116613269335715,-0.39500001072883606,2.315617911747336,2.515617911747336
17.169107675552368,0.5518486464215646,-0.4668459633491947,2.7516222706900035,0.006014265598896665,0.04363828536715797,0.21252772670129708,0.20000000298023224,-0.39479954937900086,-0.39500001072883606,2.3240872218524378,2.524087221852438
17.212184190750122,0.5475309882431016,-0.4638197156925446,2.736891968070932,0.00510482139145278,0.037609968177066744,0.21701524097623373,0.2029999941587448,-0.37378367799049544,-0.4390000104904175,2.3292324219502847,2.529232421950285
17.27271866798401,0.5399345748275655,-0.4605255289821149,2.7181773217008574,0.005434896008526978,0.032275832845644725,0.2171729429639416,0.2029999941587448,-0.35668288890967986,-0.4390000104904175,2.3374353253347664,2.5374353253347666
17.31155514717102,0.5286577366543174,-0.4553214689556911,2.691272550680399,0.00584406427251813,0.024407700117978326,0.22936328227820724,0.2150000035762787,-0.3508945276754002,-0.4819999933242798,2.3497412038825702,2.5497412038825704
17.363852977752686,0.5134830973701608,-0.4477487671238526,2.658330027330897,0.006252357404078938,0.015577254800527298,0.2331991787001467,0.21899999678134918,-0.3242778547770243,-0.4390000104904175,2.366550167852095,2.566550167852095
17.41129231452942,0.5134830973701608,-0.4477487671238526,2.658330027330897,0.006252357404078938,0.015577254800527298,0.23616561163008604,0.22200000286102295,-0.3287200262388163,-0.39500001072883606,2.366550167852095,2.566550167852095
17.463543176651,0.49815371760838534,-0.4394756661900661,2.6286495551778737,0.006521870260275652,0.008623456144857045,0.24010246502632687,0.22599999606609344,-0.3044488026872598,-0.35100001096725464,2.3838226785387366,2.583822678538737
17.5130832195282,0.49029279014709015,-0.43501175626348315,2.6140865591166387,0.006618442853580255,0.005114771251812478,0.24007932850529642,0.22599999606609344,-0.2891854553321155,-0.35100001096725464,2.3927895306190954,2.5927895306190956
17.56512975692749,0.4825756089841377,-0.43147298589331906,2.6022296814772736,0.007530610679249515,0.0031438744748530922,0.24403574708564457,0.23000000417232513,-0.2922791605176658,-0.39500001072883606,2.4011603645663038,2.601160364566304
17.617176294326782,0.47171370912273386,-0.43006205604134984,2.5927250795123977,0.011986676291576554,0.004832390279760013,0.2546923775861517,0.2409999966621399,-0.35258933855479013,-0.35100001096725464,2.411057182311997,2.6110571823119972
17.66281008720398,0.45556331917813375,-0.42128328539649224,2.5741621857048145,0.013190240527970238,0.005419720630197133,0.2580834942373987,0.24500000476837158,-0.35854527897219457,-0.3070000112056732,2.429159231811772,2.629159231811772
17.711825609207153,0.4471977835159914,-0.41591481554232346,2.5630563133967996,0.01326184675403173,0.004034168475329558,0.2650250833139234,0.25200000405311584,-0.3583330901618778,-0.3070000112056732,2.4389703725352523,2.6389703725352525
17.763078689575195,0.43882520102302736,-0.4104103406334314,2.5506982338345634,0.01331898320608744,0.0010478928728763215,0.26957879552788816,0.25600001215934753,-0.34951717653227365,-0.35100001096725464,2.4488656456315363,2.6488656456315365
17.81092596054077,0.43040773444135766,-0.404720835642202,2.5368172470715318,0.013340744873888278,-0.003745418384056176,0.2773704966117324,0.2639999985694885,-0.34060967032445677,-0.35100001096725464,2.4589044654639842,2.6589044654639844
17.867823600769043,0.42174193799924475,-0.3986862360354682,2.520935590286439,0.013312114522971803,-0.010605400020840872,0.269310064221181,0.25600001215934753,-0.30530291899935463,-0.35100001096725464,2.4693441629273125,2.6693441629273127
17.915562391281128,0.41330322669672603,-0.3926078337178715,2.506687612791502,0.013209270686107279,-0.01635797845699649,0.2771535376502521,0.2639999985694885,-0.29145614866666253,-0.35100001096725464,2.4796309865292407,2.679630986529241
17.965009212493896,0.40061645319784395,-0.3831239706041738,2.4853350898530007,0.012936883539055435,-0.025484520736138716,0.2806029994939922,0.2680000066757202,-0.2578590970553344,-0.3070000112056732,2.495308630500054,2.695308630500054
18.011359691619873,0.38173574072313043,-0.3711774400196579,2.4529988841850336,0.014604075633078096,-0.0419557594946971,0.28794312129704275,0.2750000059604645,-0.22824246179107827,-0.3070000112056732,2.517371121186198,2.7173711211861984
18.062931776046753,0.37294404072743914,-0.36438193997980733,2.439130657240514,0.014518848388281306,-0.048447572010064555,0.28357559999047954,0.2709999978542328,-0.20014424689816168,-0.2630000114440918,2.528375256674303,2.7283752566743034
18.115891695022583,0.3644515301511463,-0.3571416778393305,2.425957113825186,0.013978941270565367,-0.05455665048767334,0.2915384014122105,0.27900001406669617,-0.17570088920320162,-0.2630000114440918,2.5394214540639393,2.7394214540639394
18.16390323638916,0.35594349992229424,-0.3497051306531069,2.4143417251345505,0.013371582054014312,-0.05933423394210946,0.29843774427909786,0.28600001335144043,-0.15197355565934262,-0.2630000114440918,2.550611576834335,2.750611576834335
18.211153745651245,0.3476419472317761,-0.34227662293252936,2.4040211036453916,0.012716988476177617,-0.06321927630733402,0.30071999438651736,0.28999999165534973,-0.12779378715681997,-0.21899999678134918,2.561648320403266,2.7616483204032662
18.26142930984497,0.32647418560554364,-0.32268984541727996,2.383585867915791,0.010860130331357654,-0.06826664803105674,0.2984762967398092,0.28999999165534973,-0.07274681861438632,-0.13099999725818634,2.5902465932985907,2.790246593298591
18.31343173980713,0.32647418560554364,-0.32268984541727996,2.383585867915791,0.010860130331357654,-0.06826664803105674,0.30409739361093335,0.2939999997615814,-0.07375022507139732,-0.17499999701976776,2.5902465932985907,2.790246593298591
18.370357513427734,0.3094756078617401,-0.30643465533981906,2.3710344060270634,0.0092721738168004,-0.0695162928752655,0.3004118211057249,0.28999999165534973,-0.03597964715330087,-0.13099999725818634,2.6135989648318665,2.8135989648318667
18.41219687461853,0.3008763590721001,-0.2980648894432814,2.367397452617229,0.008455299900206364,-0.0677797845886845,0.3131336117889982,0.3019999861717224,-0.02527117114061316,-0.08699999749660492,2.6255235081880306,2.8255235081880308
18.463607788085938,0.29236111368465767,-0.2897236096270759,2.3637418295741583,0.007667975162964032,-0.06634865904426324,0.30575802808448155,0.2939999997615814,-0.012484713285260525,-0.08699999749660492,2.6373764607321863,2.8373764607321865
18.515360116958618,0.2789662660083361,-0.2808770755579366,2.3612858395224854,0.009766031473397559,-0.062366356876945694,0.32436505319932063,0.31299999356269836,-0.05173080449315872,-0.0430000014603138,2.653235261529507,2.853235261529507
18.562663316726685,0.2387430639425943,-0.26138049996566026,2.360587472031634,0.021884306015735502,-0.04764392703315857,0.3152029937489774,0.3089999854564667,-0.26334014591805,-0.08699999749660492,2.696019724768217,2.8960197247682173
18.610975980758667,0.22559479935915056,-0.2483093797518923,2.359460110736043,0.021029193579270144,-0.042935022455840695,0.3116861821338233,0.31299999356269836,-0.26226780028987856,-0.0430000014603138,2.714414714573339,2.914414714573339
18.663193941116333,0.21210954044566743,-0.23489640223923375,2.358114127462794,0.020255136189867576,-0.03874337222504787,0.3253864297748433,0.31700000166893005,-0.2607967912333891,-0.08699999749660492,2.7333046430541494,2.9333046430541496
18.71150255203247,0.20767454974340332,-0.23047842009464478,2.3562094552601316,0.02001809981225055,-0.03892083084840347,0.3243662695073857,0.31299999356269836,-0.2514357463348245,-0.13099999725818634,2.739525371241373,2.9395253712413734
18.762500047683716,0.19867789628817834,-0.22145802079478824,2.3511307395124774,0.019527068737169473,-0.04062667409494747,0.3336083820496987,0.3240000009536743,-0.24310657312604095,-0.08699999749660492,2.7521892015966056,2.952189201596606
18.81828212738037,0.1899941006385958,-0.2126625131864908,2.3459149619250974,0.019027978403967576,-0.04274397545732266,0.32920592833909407,0.31700000166893005,-0.2198268154297204,-0.17499999701976776,2.76447937990642,2.96447937990642
18.86182165145874,0.1724652483407536,-0.19458597126341223,2.3328001560263782,0.017898002809257508,-0.05006141042568402,0.33219499189903,0.3199999928474426,-0.1737199350135612,-0.21899999678134918,2.789526750281958,2.989526750281958
18.911689043045044,0.16359383207401335,-0.1852483339772525,2.324719187869449,0.017242745530245834,-0.05543243248223905,0.33512173077362983,0.3240000009536743,-0.14453988681768065,-0.17499999701976776,2.8023424016779717,3.002342401677972
18.967379570007324,0.15038770870712154,-0.17106462381709808,2.312424135335984,0.016124776669727267,-0.06395923729648036,0.3264558422444678,0.31700000166893005,-0.09184723926242068,-0.17499999701976776,2.821627117466754,3.021627117466754
19.01830267906189,0.1372659367271052,-0.15661316442735332,2.300869172652057,0.014825114247117683,-0.07208368629614802,0.3397600327320298,0.335999995470047,-0.04315214001505928,-0.21899999678134918,2.8410505535961015,3.0410505535961017
19.06320285797119,0.12414867479487109,-0.14183513754495078,2.289075410061437,0.013351680267656886,-0.08076119192538878,0.33149549993119665,0.3319999873638153,0.01564578139435161,-0.17499999701976776,2.860711477755308,3.060711477755308
19.111628770828247,0.12414867479487109,-0.14183513754495078,2.289075410061437,0.013351680267656886,-0.08076119192538878,0.3377785663481639,0.335999995470047,0.01583428517383265,-0.13099999725818634,2.860711477755308,3.060711477755308
19.16262674331665,0.10687485638651043,-0.122179961941389,2.278304913619652,0.011359973360320156,-0.08793280890961963,0.32367179146456765,0.328000009059906,0.07821159216987747,-0.13099999725818634,2.8867579985609666,3.0867579985609668
19.21092391014099,0.09909458198947185,-0.11487023940668466,2.274715331442529,0.011592567641189868,-0.09021850426160638,0.3362323126720555,0.328000009059906,0.08464379589106254,-0.0430000014603138,2.897415927398478,3.0974159273984783
19.26268696784973,0.08700369825342721,-0.10242015254424788,2.2718628880151526,0.011203925131573903,-0.09115361717082537,0.3347230358295072,0.328000009059906,0.09846912612281011,-0.0430000014603138,2.914744662142911,3.114744662142911
19.316776990890503,0.0740553341160815,-0.0870726396441443,2.273876214588414,0.009390595451118092,-0.08723531608668722,0.351081666096052,0.33899998664855957,0.12435515124732636,0.08699999749660492,2.934722953997001,3.134722953997001
19.36277151107788,0.061008199053917495,-0.07173018362973572,2.2797836202599275,0.0076853629934075214,-0.07973726373810264,0.3463335366328018,0.335999995470047,0.13182856009729663,0.0430000014603138,2.9547769849076784,3.1547769849076785
19.415523290634155,0.061008199053917495,-0.07173018362973572,2.2797836202599275,0.0076853629934075214,-0.07973726373810264,0.3444885475330605,0.3319999873638153,0.1302591692754773,0.17499999701976776,2.9547769849076784,3.1547769849076785
19.463211059570312,0.04355007442764526,-0.051528746959069,2.2881025557348726,0.005679836330565721,-0.06979294802950475,0.34132630769228245,0.328000009059906,0.13558967584998236,0.13099999725818634,2.9813904977236483,3.1813904977236485
19.5114688873291,0.03466237905540963,-0.04136712596885767,2.292928642656922,0.004760419377401507,-0.06435202545256935,0.3513654858199312,0.33899998664855957,0.14074693445131334,0.08699999749660492,2.994855921017345,3.194855921017345
19.566985845565796,0.02117380636464744,-0.026116330671614243,2.301352355745898,0.003499568282142888,-0.05526184557885916,0.34914849920051744,0.335999995470047,0.13534889025889882,0.13099999725818634,3.015174026645506,3.215174026645506
19.616955518722534,0.007445444590657407,-0.010892012382174845,2.309545169467896,0.0024373640331929506,-0.04671235841955035,0.35923367393533306,0.34700000286102295,0.13399733790929128,0.17499999701976776,3.0356453486282007,3.235645348628201
19.662229776382446,-0.006464835840381447,0.004302129333339508,2.318982190239269,0.001529209193667905,-0.03723403001291592,0.3590713632972393,0.34700000286102295,0.12240936756806382,0.17499999701976776,3.0562231042302517,3.256223104230252
19.710996866226196,-0.015870687179789032,0.014400117521023336,2.3242626930244943,0.0010386239272704033,-0.03210360917864508,0.35564123849813023,0.34299999475479126,0.11553010853777126,0.13099999725818634,3.0700152254422717,3.270015225442272
19.7620530128479,-0.025530741161864434,0.024671090492920166,2.3293950208708374,0.0006022700409414114,-0.027272526640372163,0.35914987111524116,0.34700000286102295,0.11157178345877804,0.08699999749660492,3.0841086667980697,3.28410866679807
19.81163191795349,-0.035289434768518146,0.0349313638370495,2.334212848538532,0.00023787326398962158,-0.02290796155693275,0.36584669668007247,0.3540000021457672,0.10886355520494806,0.08699999749660492,3.0982641466818537,3.298264146681854
19.86440920829773,-0.0452178643791712,0.0452784271282706,2.3398037046342566,-7.564427997550685e-05,-0.01793166438706706,0.37762112886425303,0.3659999966621399,0.10438028888641154,0.13099999725818634,3.1126021739933214,3.3126021739933216
19.921739101409912,-0.06001515399307608,0.06051577959888728,2.3454055813612666,-0.00043166103858932256,-0.01352929746395759,0.37321265977217344,0.3619999885559082,0.10020091738836127,0.08699999749660492,3.133838843775289,3.3338388437752893
19.96254014968872,-0.0800318335740837,0.08083125370479965,2.3540524440609714,-0.0007504302150514507,-0.0070464466133319794,0.372545933320649,0.3619999885559082,0.09151209980114024,0.08699999749660492,3.162355665361238,3.362355665361238
20.011049032211304,-0.09047429194019563,0.0912908295980721,2.360161303472063,-0.0008449769210824918,-0.0023141419042649325,0.3788372847476848,0.37299999594688416,0.0834032068161253,0.13099999725818634,3.1771342680433086,3.3771342680433087
20.06235909461975,-0.10103246330419738,0.1017476405929926,2.3655795654362524,-0.0008780233601635793,0.0015414467815078048,0.3731233688070558,0.3659999966621399,0.0734091967964733,0.13099999725818634,3.1919928945802014,3.3919928945802016
20.112199544906616,-0.11175639442422568,0.11223556106766228,2.3704880586794825,-0.0008417855379227236,0.004685793235442048,0.37888265896163903,0.37299999594688416,0.06779609455402096,0.13099999725818634,3.2069913086722677,3.406991308672268
20.167527198791504,-0.12252726630623821,0.12267530579260036,2.374935903455888,-0.0007661651620637506,0.007179162129961281,0.38802579589526204,0.37700000405311584,0.06333117815504626,0.08699999749660492,3.2219895497674287,3.421989549767429
20.21637487411499,-0.13318586453881134,0.13291454897993654,2.380689799217128,-0.0006559246735061158,0.010814932967378343,0.3961225017733324,0.38499999046325684,0.054426049248966456,0.08699999749660492,3.2367676188430754,3.4367676188430756
20.272169589996338,-0.15854125044424658,0.15685473480736384,2.388177404840215,-0.00022966221506704737,0.01252294214969707,0.3917325938142549,0.38100001215934753,0.05385832497589089,0.13099999725818634,3.2716341261771507,3.471634126177151
20.311233520507812,-0.16536551740080419,0.16335156814510204,2.3872169130987455,-0.00018968232555976856,0.009803857438369867,0.38756997094238,0.37700000405311584,0.06694524878636439,0.08699999749660492,3.2810559798014953,3.4810559798014955
20.363394737243652,-0.17375361635459718,0.17138227261268374,2.3876028720988995,-0.00019650290535131788,0.007902246218496778,0.3822577507187356,0.37700000405311584,0.07952243948551124,0.08699999749660492,3.2926681350346976,3.4926681350346978
20.416510105133057,-0.18509086574305222,0.18201043863987557,2.390623664150385,-8.540728805921924e-05,0.007650565290829637,0.38156291821099025,0.38499999046325684,0.08757033643335724,0.08699999749660492,3.3082072718445334,3.5082072718445336
20.45628046989441,-0.19667983881618178,0.19280864307031945,2.3938312383010816,2.15561339176306e-05,0.007261790412303348,0.37150131904240735,0.3959999978542328,0.09779070209893531,0.0430000014603138,3.324045219920137,3.5240452199201373
20.508772134780884,-0.20814198279786028,0.20342010146729644,2.39718124290923,0.00011934593885658578,0.00679855151375186,0.36701845247771736,0.3919999897480011,0.10524212686532292,0.0,3.3396651985556884,3.5396651985556886
20.556315898895264,-0.23679709398857013,0.22963872906078214,2.4047699145552865,0.0003127224903167742,0.0036741245478788542,0.36005976744593726,0.38499999046325684,0.13466117484790607,0.08699999749660492,3.3785085953509735,3.5785085953509737
20.61549210548401,-0.24802905298095546,0.2398205047764478,2.4087235210741436,0.00033974241612065153,0.002937485888691249,0.36001428623263526,0.38499999046325684,0.14691469438792043,0.08699999749660492,3.393670146838472,3.593670146838472
20.66345453262329,-0.2592636428501243,0.24990977769267403,2.4134344715911427,0.00036395693038907066,0.0026694614031517183,0.3450090816553202,0.3700000047683716,0.15183710508463455,0.08699999749660492,3.4087718738398953,3.6087718738398955
20.72072410583496,-0.27029964964176956,0.2597411086072921,2.4175639381808316,0.00037179895483006187,0.0016148557341648662,0.3414601933258735,0.3659999966621399,0.16432019362398914,0.13099999725818634,3.423553802683949,3.6235538026839493
20.765469551086426,-0.28127978659622066,0.26942437326233276,2.422603668367275,0.0003750858981544915,0.0012005523581763988,0.3482498066331189,0.3540000021457672,0.1709660111125743,0.17499999701976776,3.4381958341357195,3.6381958341357197
20.814902305603027,-0.29183753392878986,0.27864900530140807,2.4280801486526897,0.0003657771619630795,0.0011382186096318136,0.3220012043901893,0.34700000286102295,0.17858629722403377,0.08699999749660492,3.452217884098621,3.6522178840986212
20.862236976623535,-0.312912742923122,0.2967167155609268,2.4400914772534015,0.0003679448651089703,0.0012094386181540349,0.31804234594543196,0.34299999475479126,0.19916855715838713,0.13099999725818634,3.479982206869878,3.679982206869878
20.911706924438477,-0.3285031180649566,0.3098112930675224,2.448518666588237,0.00035456019493293825,-1.3545777985513041e-05,0.3180050746690661,0.34299999475479126,0.22247218717778952,0.13099999725818634,3.500345741301826,3.700345741301826
20.962826251983643,-0.3439122513211703,0.322529688408349,2.4585999171475756,0.0003138662568036222,-0.00021115950700067998,0.2990843822013988,0.3240000009536743,0.23082796521166682,0.17499999701976776,3.5203291802698615,3.7203291802698617
21.01964497566223,-0.348938697888575,0.3266193067737751,2.462356350702197,0.0003011594832529227,2.628315882047261e-05,0.3052345885047803,0.328000009059906,0.23991919227657543,0.21899999678134918,3.5268102391078524,3.7268102391078526
21.062602043151855,-0.36886314934500836,0.3425011240618019,2.4786779620634496,0.0002764765992268923,0.0015694856030665782,0.2887975814587699,0.31299999356269836,0.2524044404249746,0.21899999678134918,3.5522944099737406,3.7522944099737408
21.11436629295349,-0.36886314934500836,0.3425011240618019,2.4786779620634496,0.0002764765992268923,0.0015694856030665782,0.30749977003106493,0.3089999854564667,0.24917881796966124,0.2630000114440918,3.5522944099737406,3.7522944099737408
21.16283679008484,-0.3883899779129256,0.35756119944134035,2.4970005409917735,0.00026959690454482607,0.004019260782420543,0.28642200476104646,0.3019999861717224,0.2662151486015372,0.2630000114440918,3.57695874011974,3.77695874011974
21.213030099868774,-0.39800090237120694,0.3647465650478371,2.5079868044827642,0.00029954228057692083,0.006663187315631979,0.278793594016971,0.2939999997615814,0.2667397671837408,0.2630000114440918,3.5889611136346686,3.788961113634669
21.264209270477295,-0.41220924996809283,0.37506492837572664,2.5251378437878884,0.00040038136430177733,0.010806927759470675,0.27426790170891036,0.2939999997615814,0.27832266264232,0.2630000114440918,3.6065252792843894,3.8065252792843896
21.31493639945984,-0.4223849891535433,0.3790553756164241,2.544825470736562,0.003098205605378973,0.022151017994158192,0.30038582017484644,0.2939999997615814,0.22232244702484255,0.2630000114440918,3.617132036274001,3.817132036274001
21.363661527633667,-0.43230180949696506,0.38208166968692214,2.5642298402192214,0.0063468356968680055,0.03341611854440485,0.3000726745057513,0.28600001335144043,0.1536190016329827,0.2630000114440918,3.627016834398328,3.827016834398328
21.411762237548828,-0.4417331662390698,0.3881961688112295,2.574332883027071,0.006692477631607277,0.03377365673020005,0.29204588195838277,0.27900001406669617,0.1632119710475737,0.2630000114440918,3.6383151150670066,3.8383151150670067
21.46160650253296,-0.4512762321685156,0.39424754363662623,2.5846402417957166,0.007040394909879248,0.03376087305170694,0.2762639855113643,0.2750000059604645,0.1765430200631685,0.21899999678134918,3.6496806522776324,3.8496806522776326
21.510632753372192,-0.46094958327772984,0.4002417359783454,2.59369969722883,0.007387829781048422,0.0318703732241703,0.27102256694268523,0.28600001335144043,0.20711536334992942,0.17499999701976776,3.661134401140804,3.861134401140804
21.561494827270508,-0.47086231225925285,0.40626647440806657,2.6032786805340264,0.007710326003274203,0.02966008231213957,0.2680996860808469,0.28299999237060547,0.23171733356819754,0.21899999678134918,3.672818981776659,3.872818981776659
21.62284231185913,-0.4806456796756954,0.4120793556046121,2.611336101082881,0.008003986156362674,0.025503847584977816,0.264710602952974,0.28600001335144043,0.268737877729724,0.17499999701976776,3.684291227984808,3.884291227984808
21.665201663970947,-0.4955487446204445,0.42074618003769254,2.6207374919747206,0.008335522167510451,0.015048512549010962,0.25050551061488957,0.2750000059604645,0.3256471064351324,0.13099999725818634,3.7016904783532105,3.9016904783532107
21.71265697479248,-0.5146781949781047,0.4316116161147664,2.634303029464752,0.008459460191428939,0.0006624216558011042,0.24644836507093784,0.2709999978542328,0.41954383780705284,0.17499999701976776,3.7239254609644394,3.9239254609644396
21.762495279312134,-0.5241819110200014,0.43686696357560156,2.641606930706114,0.008409467774965592,-0.007035138159894316,0.23960050217824364,0.2639999985694885,0.4621984535939277,0.2630000114440918,3.7349119970702382,3.9349119970702384
21.81111168861389,-0.5334625117660186,0.44190516494638066,2.6498505850821337,0.008282261595123172,-0.014210591027631114,0.2355489454617892,0.25999999046325684,0.5085352616236594,0.3070000112056732,3.7455999802791267,3.945599980279127
21.866251230239868,-0.5427136098082638,0.44682928425083607,2.6593901309004058,0.008076720975553798,-0.020850038368625867,0.2311798228620319,0.25600001215934753,0.5543712574709284,0.2630000114440918,3.756210367842741,3.956210367842741
21.913676977157593,-0.551674070367768,0.45148976699624993,2.670598844542114,0.007809934000204063,-0.026103849929503653,0.22745230678756787,0.25200000405311584,0.5961811014686351,0.39500001072883606,3.7664377080500167,3.966437708050017
21.965815544128418,-0.5732956735240917,0.4621318646175618,2.705351353544712,0.00700058361738142,-0.03447957928410528,0.20534498435270815,0.23000000417232513,0.6514775268321605,0.39500001072883606,3.790843499799305,3.990843499799305
22.015681505203247,-0.5818503470977383,0.46607547197443294,2.7242656556565015,0.006629985721455525,-0.03404112881615973,0.20608223915975535,0.23000000417232513,0.6871132467397993,0.4819999933242798,3.8003822875730795,4.000382287573079
22.067626953125,-0.5902050687136251,0.46973212189172603,2.745398506117512,0.006278012146621691,-0.03173635527838936,0.2079003601720575,0.22599999606609344,0.7053839829238489,0.6140000224113464,3.8096170379142853,4.0096170379142855
22.123255252838135,-0.598491751317398,0.4731394715997817,2.768531907875811,0.00596172463148564,-0.02807383231113647,0.20415039430644982,0.2150000035762787,0.6963564293433044,0.6579999923706055,3.8186905632910952,4.018690563291095
22.1702778339386,-0.6065205085846069,0.4762210537798215,2.7941142652470115,0.005693209697757045,-0.022126189273964147,0.1980463385969007,0.2070000022649765,0.6886703950289871,0.6579999923706055,3.8274007641594645,4.027400764159465
22.220857858657837,-0.6143994285795998,0.4790154892794342,2.8205726100985684,0.0054807179792890565,-0.01570819139391544,0.20041269564975345,0.2029999941587448,0.6909028803575095,0.7020000219345093,3.8358699264298672,4.035869926429867
22.26136565208435,-0.6212196422558462,0.48145926102204856,2.8769646541323364,0.005134892225261289,0.022553961725485294,0.19304518931928516,0.19200000166893005,0.6055146525237775,0.6579999923706055,3.8432028078019425,4.043202807801943
22.314276456832886,-0.6205522755251965,0.4812381551511552,2.8969101025475945,0.0051572801546672185,0.04429309478277332,0.19809809288822383,0.19200000166893005,0.5631526035865665,0.6579999923706055,3.8424909032456998,4.043202807801943
22.364365577697754,-0.6278021995723573,0.48299521688785685,2.924582230722881,0.005467293645563772,0.05255301775895971,0.18807611091695303,0.1809999942779541,0.5329562893862935,0.6140000224113464,3.850047509641679,4.050047509641679
22.416220903396606,-0.634960035415149,0.48452689063358134,2.9495952398666176,0.00582501170766673,0.057686786526353284,0.19395292361078742,0.18799999356269836,0.5615908504665047,0.6140000224113464,3.8574710347233365,4.057471034723337
22.482019901275635,-0.6496558136016205,0.4870949104909641,2.99904214495137,0.006650643006064754,0.06386419252783204,0.1911892561918506,0.1809999942779541,0.561311097376075,0.7020000219345093,3.872637957836346,4.072637957836346
22.513420820236206,-0.6496558136016205,0.4870949104909641,2.99904214495137,0.006650643006064754,0.06386419252783204,0.19351606900891385,0.18799999356269836,0.5830192598311393,0.6140000224113464,3.872637957836346,4.072637957836346
22.561553716659546,-0.6644392313122788,0.48894420366953817,3.0472677956539873,0.007525273623742282,0.06493619388304728,0.19205974478064447,0.1850000023841858,0.5996706018969589,0.6579999923706055,3.887846824794145,4.087846824794145
22.611387014389038,-0.675621492572837,0.48985632914899513,3.0838126077978716,0.008186157198394488,0.0631989503898005,0.19198367379263914,0.18799999356269836,0.6302493047568518,0.6140000224113464,3.899348330001472,4.099348330001472
22.663300037384033,-0.6871291955996901,0.49037624021800685,3.1209728713102862,0.008820579439128298,0.05845268768058709,0.19626189770652344,0.19200000166893005,0.6672643018464406,0.6579999923706055,3.911207669269698,4.111207669269698
22.715168237686157,-0.6908884194398981,0.49045376448023126,3.133582305661421,0.00901356672207278,0.05680400801740059,0.1961137205337871,0.19200000166893005,0.6742078947263447,0.6579999923706055,3.915089818922457,4.115089818922457
22.763009786605835,-0.7063262093322737,0.490299468953588,-3.100520659755929,0.009699261693017653,0.04431628731555139,0.1886178626164287,0.18799999356269836,0.6935224583482921,0.6140000224113464,3.9310921959114014,4.1310921959114015
22.821109771728516,-0.7139174556876182,0.4899379939573565,-3.075514919314544,0.009964342190180577,0.03725684920057538,0.19802367086661074,0.20000000298023224,0.7535413795542937,0.6579999923706055,3.9390028026059154,4.139002802605916
22.863022804260254,-0.721597104791367,0.48938097174447015,-3.0507917673564453,0.010171259086291485,0.028371630961078864,0.1902397506582194,0.19599999487400055,0.7550948666709267,0.6140000224113464,3.9470386117253526,4.147038611725352
22.911022663116455,-0.7293205873564486,0.4886303778386928,-3.0259557191311255,0.010303558012188997,0.018241011675970586,0.19286045344423736,0.18799999356269836,0.7401977455325164,0.7020000219345093,3.9551557390539784,4.155155739053979
22.962111711502075,-0.7406638021057628,0.4871510519775839,-2.9869476918805478,0.010369768213123128,0.00390908146383051,0.18099200801712073,0.18799999356269836,0.758279322208181,0.6140000224113464,3.967147555528088,4.167147555528088
23.015148401260376,-0.7464331247097922,0.48517803956823147,-2.9476595016866804,0.011367752046898874,0.014352379535901516,0.19571223549986702,0.18799999356269836,0.7252477682467623,0.7020000219345093,3.973476446957584,4.173476446957584
23.07022476196289,-0.7386272926270412,0.48262848838941297,-2.9089112610936114,0.015142547235576353,0.08838825878728507,0.20036420599016003,0.19200000166893005,0.5881313643339241,0.7459999918937683,3.9657203635153158,4.173476446957584
23.112201690673828,-0.743360217774273,0.4807909011667044,-2.881667208318762,0.016220787900486863,0.09142653975876101,0.195481556131498,0.18799999356269836,0.5477759179831178,0.7020000219345093,3.971056744811406,4.173476446957584
23.162413120269775,-0.7506137023307683,0.4788073176319564,-2.8546332077855108,0.016820294125749386,0.081037312144149,0.19573721403120312,0.18799999356269836,0.5482935695928374,0.7020000219345093,3.9791713192177727,4.179171319217772
23.215723991394043,-0.7577536226080065,0.47664610742757607,-2.828531838670962,0.017335571287200802,0.0692713702585146,0.19882629776163477,0.19200000166893005,0.5657489744884808,0.6579999923706055,3.9872607102874356,4.187260710287435
23.26141095161438,-0.7649687133887377,0.47425850453371543,-2.8037376570969683,0.01776256523362694,0.05483269594451423,0.1944711566929015,0.1850000023841858,0.5536736247284154,0.6579999923706055,3.9955374494745017,4.195537449474502
23.317060470581055,-0.7756550653343335,0.4703480710864456,-2.7672009588483233,0.01819605764399437,0.03191324801043205,0.19793829538754976,0.18799999356269836,0.5756422986178397,0.6140000224113464,4.007978956372373,4.207978956372373
23.368351459503174,-0.7885087464626993,0.46534329079946324,-2.725176676043359,0.018094969235914936,0.0016959423699738354,0.19837498470745316,0.19200000166893005,0.6084990386370516,0.5699999928474426,4.023086359659613,4.2230863596596135
23.413640022277832,-0.7944147098236328,0.4629589719784002,-2.706597792785867,0.017792313446414295,-0.012700964347771126,0.20262370170952773,0.19599999487400055,0.6325418851876975,0.6140000224113464,4.030038253381289,4.230038253381289
23.46150231361389,-0.8014319192270414,0.4596462602900109,-2.6834736132776866,0.017586105804782117,-0.02932294343994757,0.2010591350485664,0.19599999487400055,0.6421408461444679,0.6140000224113464,4.038496146998807,4.238496146998807
23.51754379272461,-0.8084419077811245,0.4561358894766038,-2.659858280849557,0.017249277588855902,-0.04514722641793023,0.1985318265117153,0.20000000298023224,0.6636768443980163,0.5699999928474426,4.047021027809136,4.2470210278091365
23.567389965057373,-0.815562946174223,0.45236068970830523,-2.636099638325821,0.016771751042140275,-0.06094773513112983,0.19861954027443568,0.19599999487400055,0.6588997242954008,0.6140000224113464,4.05574023356934,4.25574023356934
23.619512796401978,-0.8225205019278917,0.4484529986653536,-2.6119480247777958,0.0161831512582736,-0.07486066626323495,0.204042284633065,0.20000000298023224,0.6785822573227229,0.6579999923706055,4.064326064752611,4.264326064752611
23.67342519760132,-0.8397273020588204,0.43782987869521633,-2.550206677750931,0.01421452277634744,-0.10388968402129573,0.20805742738342797,0.2070000022649765,0.7127039966583599,0.6579999923706055,4.085839827094475,4.285839827094475
23.711416006088257,-0.8454941257832272,0.43581090840371906,-2.5367280294555976,0.012001423557870363,-0.11448920049287371,0.20606233099779625,0.210999995470047,0.7507079201520918,0.6140000224113464,4.091847657840893,4.2918476578408935
23.756186723709106,-0.8512461709806588,0.4335892690429465,-2.5219265248660894,0.009814051845197597,-0.12323167453207606,0.2021994178690214,0.2029999941587448,0.7417087216387919,0.7020000219345093,4.097870447489367,4.297870447489367
23.807666540145874,-0.857689293737499,0.4291706462303396,-2.4970433153649103,0.008592009730617595,-0.128683781127362,0.20228120610929293,0.2029999941587448,0.7413908496781652,0.7020000219345093,4.105865011804726,4.305865011804726
23.855786561965942,-0.8642089098093447,0.4241975600672387,-2.4704332274523932,0.007471793455612972,-0.1327009493983038,0.1997965186145747,0.20000000298023224,0.7263921920941431,0.6579999923706055,4.11423457846978,4.31423457846978
23.908677339553833,-0.8704872534681862,0.4191434683444144,-2.4425296884103793,0.006342229978707712,-0.13362267323286448,0.20529475132524766,0.2029999941587448,0.7287119323997218,0.7020000219345093,4.122415213510396,4.322415213510396
23.956796407699585,-0.8854476945648467,0.4058456367766133,-2.3725965724034075,0.003550953592451169,-0.13014022707767658,0.20217296274558003,0.19599999487400055,0.6764737787486057,0.7020000219345093,4.142573289364707,4.342573289364707
24.00691032409668,-0.891197239185535,0.4001973541856158,-2.3441105573027436,0.0024651939894449666,-0.1264677450870466,0.21183026314873352,0.2070000022649765,0.6998995949752749,0.7459999918937683,4.150633363083689,4.3506333630836895
24.05585217475891,-0.8963945433843243,0.3949401826582311,-2.309277690976344,0.0014057035932517794,-0.11345966960419628,0.2107336206551483,0.20000000298023224,0.6463497644087812,0.7459999918937683,4.157992674233526,4.357992674233526
24.107133150100708,-0.9012043980592483,0.3895445472939782,-2.275724738601677,0.000587653341657674,-0.10052239952833508,0.21239817516132534,0.2029999941587448,0.6246494583997797,0.6140000224113464,4.165195583724649,4.365195583724649
24.155733346939087,-0.911304738022183,0.37711629194065643,-2.219733610671007,-0.0010092905314234616,-0.08764458585835921,0.21323240709123156,0.20000000298023224,0.5774772318404207,0.6579999923706055,4.181123617362597,4.381123617362597
24.20564842224121,-0.911304738022183,0.37711629194065643,-2.219733610671007,-0.0010092905314234616,-0.08764458585835921,0.22003085171757664,0.2070000022649765,0.597688932588438,0.6579999923706055,4.181123617362597,4.381123617362597
24.257728338241577,-0.920953979670462,0.3638329634396169,-2.1648857916769253,-0.002446159969087169,-0.0736108304977412,0.22454609976847797,0.210999995470047,0.5678685737735482,0.7020000219345093,4.197409742503063,4.397409742503063
24.30577278137207,-0.9278942521173414,0.35324584212466775,-2.124299694354196,-0.003389823188632397,-0.06239643213591517,0.22849463161425146,0.2150000035762787,0.5457712287101137,0.6579999923706055,4.209948530156882,4.409948530156882
24.355793714523315,-0.9375736750451499,0.34027294717858786,-2.085501584205649,-0.006088081257459864,-0.05829509919652854,0.22854598628055228,0.2150000035762787,0.5421629489754141,0.6579999923706055,4.2257450585808645,4.425745058580865
24.407168865203857,-0.9445071689063288,0.33343611919797983,-2.0732847993336248,-0.009385407864396995,-0.06482390738476518,0.23906151044691074,0.22599999606609344,0.6056886542138524,0.6140000224113464,4.2347624316795915,4.434762431679592
24.457316398620605,-0.9667729360036889,0.3087482561614978,-2.02485685948114,-0.020040850683470307,-0.07505554422996054,0.22412767634196568,0.210999995470047,0.65088379535794,0.6140000224113464,4.265403433191922,4.465403433191923
24.506128311157227,-0.9705924230859742,0.3007983544092234,-2.0019188988778858,-0.020714238310123693,-0.06713103094064765,0.24647411516164835,0.23399999737739563,0.7031356693526103,0.6140000224113464,4.273891568813318,4.473891568813318
24.55806803703308,-0.974353878111128,0.2924903853724737,-1.9791225230914526,-0.021340379101109492,-0.0593750834710196,0.23894148917302524,0.22599999606609344,0.6611567219704148,0.6140000224113464,4.282673747986842,4.482673747986842
24.605574131011963,-0.9779231979683778,0.28409805657615156,-1.9558774287609533,-0.021891800609737094,-0.050695129475570644,0.23913136384997763,0.22599999606609344,0.6410220637340934,0.6140000224113464,4.291462105166814,4.491462105166814
24.656111240386963,-0.9830022636214646,0.2711169290205338,-1.920958230908369,-0.022579698326206123,-0.037209011323525276,0.24727905905638303,0.23399999737739563,0.6306557827425509,0.6140000224113464,4.304908270880498,4.504908270880498
24.70702815055847,-0.9899938571172394,0.2568155797249752,-1.882829602347801,-0.025011916635902774,-0.02214265625387113,0.2509042258029104,0.2370000034570694,0.6188687715355752,0.6579999923706055,4.320092115183533,4.520092115183533
24.75569176673889,-1.0091090123329762,0.236579403406244,-1.8331810313935029,-0.037968609758964766,-0.006194621632999109,0.2586870476743462,0.24500000476837158,0.7164649998313258,0.6579999923706055,4.343673067884267,4.543673067884267
24.8056480884552,-1.0159755575824678,0.22507797002920732,-1.8030518228080932,-0.04180344301920628,0.007416132257035191,0.26279798386800135,0.24899999797344208,0.7272580395406528,0.7020000219345093,4.355849246871548,4.555849246871548
24.86152958869934,-1.0181999120117111,0.21536980430172692,-1.7766482687352638,-0.04172181432577078,0.021386917051372523,0.26278991214248687,0.24899999797344208,0.6905849117788653,0.7020000219345093,4.365289407692861,4.565289407692861
24.906656742095947,-1.0202091560324944,0.20539028542872007,-1.7503779926736864,-0.04149456004365625,0.03523865729791509,0.2658721744619869,0.25200000405311584,0.660690374522053,0.7459999918937683,4.37495003605153,4.57495003605153
24.956100702285767,-1.0227223825592577,0.19031937187636777,-1.7104333647842391,-0.04087634415283071,0.05706231649445037,0.26514712052058564,0.25200000405311584,0.5983783100342005,0.6579999923706055,4.389470339531427,4.589470339531427
25.00721287727356,-1.0246487739245222,0.17516218935009856,-1.6711575155835723,-0.03993789432339113,0.07877655123434679,0.26856827957699,0.25600001215934753,0.5416491406440304,0.6140000224113464,4.404011158471237,4.604011158471237
25.05578112602234,-1.0209181434466603,0.15868274282489248,-1.632342371443792,-0.033467600622027624,0.10005993080626285,0.2805189168888345,0.2680000066757202,0.43657459744976196,0.5699999928474426,4.418976309380625,4.618976309380625
25.106732845306396,-1.0158882821081936,0.1467625758075397,-1.608930650000404,-0.026652052032621804,0.11131932566591886,0.28073467506843425,0.2680000066757202,0.3245641402087434,0.5699999928474426,4.4296081711891375,4.629608171189138
25.156251668930054,-1.0151076469980622,0.13596542029985648,-1.588293860082106,-0.024333557680140616,0.12041555360903011,0.28804407879430904,0.2750000059604645,0.2773169892425776,0.4819999933242798,4.439888173087339,4.639888173087339
25.207693338394165,-1.0152483732513682,0.1248064538062523,-1.5679189335282016,-0.023004988188579902,0.1288761023830951,0.2921033504875817,0.27900001406669617,0.23900467379319223,0.5260000228881836,4.450686679866395,4.6506866798663955
25.25597381591797,-1.0150297546017502,0.10806843907366392,-1.5394936518514148,-0.020830657842515386,0.1397604635919052,0.2894317687938804,0.2750000059604645,0.1758174876031528,0.39500001072883606,4.466899974747587,4.666899974747587
25.308553457260132,-1.0143480195940466,0.09112259015053245,-1.51431595513615,-0.01846527704275737,0.14750718729804557,0.29357259093041466,0.27900001406669617,0.12422799727063763,0.4390000104904175,4.483351479323462,4.683351479323462
25.35678744316101,-1.0132490641406031,0.07397805853139072,-1.491752898542162,-0.015960270700418305,0.15269381949204977,0.30857930263488087,0.2939999997615814,0.07982131209619865,0.2630000114440918,4.500048673023016,4.700048673023016
25.4058895111084,-1.0093460830497927,0.0653627314543299,-1.4846490808011208,-0.011469022009608549,0.15135434834406247,0.3167906712298211,0.3019999861717224,0.020316545501661426,0.2630000114440918,4.508256694476632,4.708256694476632
25.457040309906006,-1.0046811716545663,0.05741443659005094,-1.4822121490093845,-0.0063256899988343085,0.14604097240946334,0.31676126432868923,0.3019999861717224,-0.039820659493322946,0.08699999749660492,4.515835182039952,4.715835182039952
25.50572967529297,-1.0024365823249528,0.046571215609669134,-1.475763591473517,-0.0035201314379180912,0.141657918574972,0.32393732690938803,0.3089999854564667,-0.06958517560789726,0.17499999701976776,4.526493693865925,4.726493693865925
25.556116580963135,-1.0006078410778618,0.027960921385769104,-1.4685493223953592,-0.0009987383093130245,0.13022675985236964,0.3238607821681957,0.3089999854564667,-0.07093936241745237,0.08699999749660492,4.544980983113867,4.744980983113867
25.607758283615112,-0.9986650485570782,0.00928169469343295,-1.4648857232302037,0.0012918182984288046,0.1152052603424285,0.32762836297211134,0.31299999356269836,-0.05701125716817129,0.0430000014603138,4.563623737476873,4.763623737476873
25.656095266342163,-0.9966276165421768,-0.009910467495562673,-1.4671225192137438,0.003323108495441594,0.09372739853855562,0.33095056907932263,0.31700000166893005,-0.016387954416055884,0.0,4.582861285200632,4.7828612852006325
25.705679416656494,-0.9953120925110345,-0.022662794200846596,-1.4702831495272854,0.004429800333718026,0.07772447866434518,0.335559537272963,0.3319999873638153,0.02244484231669241,-0.08699999749660492,4.595683309967854,4.795683309967854
25.75639581680298,-0.9921076220939022,-0.03532760076025121,-1.4702352895542559,0.007262789618527856,0.06487596457710798,0.3241074542471475,0.3240000009536743,0.022961914323126838,-0.08699999749660492,4.608511858778569,4.808511858778569
25.8060040473938,-0.9880040964966502,-0.04794007507711905,-1.4681359841178583,0.010830743411611943,0.05394439041383503,0.3350947174503495,0.328000009059906,0.006581558861605681,-0.0430000014603138,4.621404203741925,4.821404203741925
25.855762720108032,-0.9847800314264639,-0.06728146966462512,-1.4697735194853225,0.0129133740992329,0.032158014317994255,0.31315377198053734,0.3199999928474426,0.05412919650415816,-0.0430000014603138,4.641141167822241,4.841141167822241
25.90739870071411,-0.9828370742139471,-0.08670449835466351,-1.472415191491804,0.013315572739169878,0.008987049425927651,0.3023646247659322,0.3240000009536743,0.13759335275694082,-0.08699999749660492,4.660926582785143,4.860926582785143
25.957858562469482,-0.980946430558495,-0.105911680671976,-1.4723230311350144,0.013284567480481612,-0.011662226864882497,0.2928922812971611,0.31700000166893005,0.21686298996097375,0.0,4.680502779721664,4.880502779721664
26.00612998008728,-0.9796935101490452,-0.11865021118749022,-1.4710688856565524,0.013040149553390166,-0.024452471953484878,0.29936211260897594,0.3240000009536743,0.27962466187122237,0.0,4.693485384555037,4.893485384555037
26.05553674697876,-0.9784410095360054,-0.13116770241133477,-1.4683561549569342,0.012644461295857267,-0.03580058057230495,0.27736498579779806,0.3019999861717224,0.3135703849999316,0.08699999749660492,4.706239816139465,4.906239816139466
26.1058828830719,-0.9700116112647104,-0.1406832928744291,-1.4607931781091645,0.01961801290528171,-0.04039823782758423,0.2789700171474451,0.3019999861717224,0.232635725102831,0.08699999749660492,4.717065054757672,4.917065054757672
26.156538486480713,-0.9560962474373633,-0.1482297826918553,-1.4492004011532846,0.032191588724561446,-0.040148075297009145,0.2973028767711816,0.28600001335144043,0.0462826122649071,0.17499999701976776,4.72697668330599,4.92697668330599
26.206970691680908,-0.9468105418389973,-0.16290785352583537,-1.4355237250524822,0.03883620031381204,-0.046126790100812,0.30419430180859647,0.28999999165534973,-0.014185808962071379,0.21899999678134918,4.74372296567834,4.94372296567834
26.25632619857788,-0.9435541883474452,-0.18537248215684357,-1.4127139570567586,0.037658824392144984,-0.05246845990822546,0.29047523847143114,0.28299999237060547,0.05411559032931066,0.21899999678134918,4.767507496278882,4.967507496278882
26.308347940444946,-0.9417728457168337,-0.19638936327380754,-1.4029097338620458,0.037015440899796234,-0.05761082284768504,0.2901343388068408,0.28999999165534973,0.09916003305312963,0.21899999678134918,4.779206983639288,4.979206983639288
26.35611915588379,-0.9398471791770054,-0.20760522970542158,-1.3949554689916548,0.0362957688132688,-0.06537525382426046,0.2717847306549844,0.28600001335144043,0.1519185809124555,0.17499999701976776,4.791140380362089,4.991140380362089
26.406471490859985,-0.9378511722151788,-0.21872752619330982,-1.3894617789799557,0.035486716028566324,-0.07599869071556986,0.2675415550119977,0.28999999165534973,0.22068093151741086,0.13099999725818634,4.802989945765292,5.002989945765292
26.455605506896973,-0.9357295917491493,-0.23021321898054878,-1.384984839618789,0.034515524064559724,-0.08876056566962576,0.2503723651330466,0.2750000059604645,0.2837325134514847,0.0430000014603138,4.815233011965392,5.0152330119653925
26.507567644119263,-0.9326131243281488,-0.2466605477867978,-1.379493566966397,0.03284245883090415,-0.10910236734046162,0.25408328509771444,0.27900001406669617,0.4102439952733299,0.08699999749660492,4.832759537935778,5.032759537935778
26.55621337890625,-0.9283454006820573,-0.26826293279918134,-1.3689464052950606,0.030135420392141638,-0.13479155662759412,0.24307932278800085,0.2680000066757202,0.5601880402860981,0.21899999678134918,4.855754183399376,5.055754183399376
26.606236219406128,-0.9261732064647343,-0.27876052197990236,-1.360647824774327,0.02861959154742101,-0.1451726006004517,0.23526408499964346,0.25999999046325684,0.6218107965741106,0.3070000112056732,4.866914977976787,5.066914977976787
26.655479192733765,-0.9240197158783544,-0.2887100879828554,-1.3517797263678126,0.02708500666252474,-0.15473339984204523,0.2272388698687493,0.25200000405311584,0.6768161771405913,0.3070000112056732,4.877491977868675,5.077491977868675
26.70596408843994,-0.9218128573097614,-0.2984839952692233,-1.3403195532975969,0.025478291297742785,-0.16211763991694483,0.22056956831101837,0.24500000476837158,0.7264535598637368,0.39500001072883606,4.887877597689614,5.087877597689614
26.756765842437744,-0.9195365052308161,-0.30801587275789094,-1.3250211171383321,0.023842637153435757,-0.16598242651318618,0.21690323691611227,0.2409999966621399,0.7742170282397949,0.4390000104904175,4.898012642199218,5.098012642199218
26.808712244033813,-0.9159243541651623,-0.32185163577746834,-1.2950168124419494,0.021410304279479413,-0.1653531151843186,0.21278114322840014,0.23399999737739563,0.8238388468408959,0.6140000224113464,4.912768671357908,5.112768671357908
26.855807065963745,-0.9106705913062351,-0.33925430843520593,-1.2457771847802936,0.018375695578190476,-0.1561836799849439,0.20512110676840156,0.22200000286102295,0.8516617735509738,0.7459999918937683,4.9314895661946005,5.131489566194601
26.90604591369629,-0.9078527344849943,-0.3474428346863488,-1.2164675516924002,0.016997313044949627,-0.14715005586206864,0.20371059813201714,0.21899999678134918,0.8628661777140595,0.7900000214576721,4.940397558747192,5.140397558747193
26.95612621307373,-0.8997100707859556,-0.3525666854160541,-1.1805823956601225,0.021586540922388767,-0.1322807857887169,0.20237079960611398,0.2070000022649765,0.7692538391860778,0.8339999914169312,4.949259153907077,5.149259153907077
27.007407903671265,-0.8906146376845807,-0.35704802239664113,-1.1412480938325538,0.02713874720839117,-0.11526871821778961,0.19781555634012438,0.20000000298023224,0.6836084405374371,0.8339999914169312,4.958288139143347,5.158288139143347
27.055718183517456,-0.8854346435655148,-0.363337572196763,-1.1061999835520018,0.028219399165774265,-0.10265230555583349,0.19887506988981224,0.20000000298023224,0.6740992359948884,0.8339999914169312,4.966985320530296,5.166985320530296
27.10739803314209,-0.8817907831849601,-0.3704592061143729,-1.0718595818458345,0.027374679847044576,-0.09141905031472486,0.2052398696010179,0.2029999941587448,0.6959787613277557,0.878000020980835,4.975582777872987,5.175582777872987
27.15587306022644,-0.8717829238187923,-0.3874681155124276,-0.9903523744115758,0.025625266864310898,-0.07147013336063301,0.19777803605936986,0.19599999487400055,0.7088271492117293,0.7900000214576721,4.996873983189046,5.196873983189046
27.206191062927246,-0.8674343276553376,-0.39399130406112515,-0.959735504687905,0.02502204624293768,-0.06721174907801253,0.20209134292468953,0.2029999941587448,0.7537253921238057,0.7900000214576721,5.005357490252568,5.2053574902525686
27.255555391311646,-0.8628524391688367,-0.4004265278166453,-0.9299824027288313,0.02444347301246307,-0.06518881121542297,0.19281010387724523,0.2029999941587448,0.7760275227706147,0.7020000219345093,5.013922051409055,5.213922051409055
27.305874824523926,-0.858030503133955,-0.4067846137815578,-0.8995034194017242,0.023872068643022323,-0.06394690024404337,0.1972616175860531,0.19599999487400055,0.7703472061519028,0.7900000214576721,5.022587844537157,5.222587844537157
27.3562171459198,-0.8505718837351829,-0.4158754312680917,-0.8540756614431423,0.023042328642177364,-0.06391598832643608,0.1873771378435496,0.19599999487400055,0.8002157796480733,0.7020000219345093,5.03538336037979,5.235383360379791
27.407950162887573,-0.8428194020523131,-0.42450317688658323,-0.8081882763362876,0.02220614414841818,-0.06553432597157771,0.19393887597624052,0.20000000298023224,0.8436827160733968,0.7459999918937683,5.048028022683882,5.248028022683882
27.456090450286865,-0.834665488103665,-0.4327806138084703,-0.7615972951289196,0.02133338601010918,-0.06921700412997633,0.1963295178068495,0.19599999487400055,0.8507535678344712,0.7900000214576721,5.060709846678901,5.2607098466789015
27.506588220596313,-0.829126686040877,-0.4379843197462534,-0.7303940844593753,0.020734448190364442,-0.07229718169567256,0.1917626660037077,0.18799999356269836,0.8286259319041738,0.7900000214576721,5.06900713277584,5.26900713277584
27.55576729774475,-0.8233664712972442,-0.4430635725926446,-0.6996552569203446,0.020102959232285618,-0.07724692674265277,0.19183452634321418,0.18799999356269836,0.8417538997992279,0.7900000214576721,5.07738996692947,5.27738996692947
27.616756439208984,-0.8175752916982685,-0.44786035634692956,-0.6674407670107282,0.0194479044579596,-0.08091245758603471,0.1919520164677649,0.18799999356269836,0.8495944253899104,0.7900000214576721,5.085591096157514,5.285591096157514
27.656762838363647,-0.8116325862107052,-0.45246811696097833,-0.6359478753670789,0.01876230085569669,-0.08613036446412814,0.18686677780095243,0.1809999942779541,0.8255468939008729,0.7900000214576721,5.093781167974272,5.293781167974272
27.707550764083862,-0.8026157376389672,-0.45890576137091205,-0.5885189234412356,0.017680976825765138,-0.09398678811316902,0.19756093045422984,0.19200000166893005,0.8831476317852098,0.8339999914169312,5.105816374802025,5.305816374802025
27.755754947662354,-0.7901254064348435,-0.4668032311762517,-0.5239924842288604,0.016105358829790275,-0.10469688878087036,0.19168537136807823,0.1850000023841858,0.8534265250667554,0.8339999914169312,5.121784334770088,5.321784334770088
27.806164503097534,-0.7798152056133772,-0.46738294042685125,-0.48702615613085537,0.01952815652739753,-0.11858126546160896,0.18941714564244336,0.1850000023841858,0.8293708264186357,0.8339999914169312,5.132434436490907,5.3324344364909075
27.856465101242065,-0.7687929399358724,-0.4674098604008738,-0.45011673859663176,0.023187238360027673,-0.13711070144956905,0.18809920084998677,0.18799999356269836,0.8178722732953263,0.878000020980835,5.144013755678654,5.344013755678654
27.906823873519897,-0.7607456573218231,-0.46971564671885035,-0.41564035068600313,0.023283228239904055,-0.14749566047346707,0.19071321729253088,0.19200000166893005,0.8267010727973464,0.8339999914169312,5.153425866292799,5.353425866292799
27.956336975097656,-0.7537660550396315,-0.47272241589779074,-0.3826905680479054,0.022083384886949935,-0.15420181780718525,0.1886459068906669,0.19200000166893005,0.8237453331132106,0.8339999914169312,5.161830300777871,5.361830300777871
28.009460926055908,-0.7430866514435513,-0.47682141501002573,-0.3340831552394231,0.02017956460014456,-0.16357925986121863,0.18578410631157272,0.19599999487400055,0.8348716801596733,0.878000020980835,5.174342018166194,5.374342018166194
28.057583570480347,-0.7158993537404432,-0.48198048554983797,-0.257740566623818,0.017850563306216722,-0.21904454209693516,0.1750502920858839,0.19200000166893005,0.843782027771274,0.8339999914169312,5.204445726715653,5.404445726715653
28.111894845962524,-0.6943793806485641,-0.4842592796085897,-0.21300290118373424,0.015402354489805715,-0.26559585374971967,0.17245799073303816,0.19200000166893005,0.8792999625551784,0.8339999914169312,5.227474666668438,5.427474666668438
28.15695285797119,-0.6832868011208163,-0.4858619000629645,-0.1775912988580492,0.012984083252897523,-0.27247602601007526,0.16692815668709537,0.1850000023841858,0.8475095943175689,0.8339999914169312,5.239020098113127,5.439020098113128
28.207195281982422,-0.6761507164185181,-0.4870827102803321,-0.14609107078343012,0.011003302774639016,-0.266372613124729,0.16226746967691688,0.1770000010728836,0.7983739091104743,0.8339999914169312,5.2462838353888435,5.446283835388844
28.258201837539673,-0.6623966146488367,-0.48877507022227007,-0.08227362013467665,0.00736144997195146,-0.24825712060901373,0.1607468966201755,0.16899999976158142,0.7304361093349568,0.8339999914169312,5.260081499205819,5.4600814992058195
28.30632734298706,-0.6623966146488367,-0.48877507022227007,-0.08227362013467665,0.00736144997195146,-0.24825712060901373,0.1643332901617633,0.17299999296665192,0.7477245086142459,0.7900000214576721,5.260081499205819,5.4600814992058195
28.367870330810547,-0.6457222249202996,-0.48962139521140946,-0.003246206589527408,0.0033550251728543235,-0.21957915331427544,0.1671468472476142,0.16599999368190765,0.6699638336798414,0.7900000214576721,5.276562859597644,5.476562859597644
28.407158136367798,-0.629765780037743,-0.48965707141125087,0.03422183224857428,-0.0004487866010131424,-0.22563865358617152,0.17278546822602509,0.16599999368190765,0.6788116210420649,0.7900000214576721,5.292125291757386,5.492125291757386
28.45590090751648,-0.6112703495675518,-0.48939651641715076,0.07236317389346615,-0.005360803681283391,-0.2326273229069431,0.1707330156200538,0.15800000727176666,0.6622857147700424,0.7020000219345093,5.309831019103698,5.509831019103698
28.508339405059814,-0.6010562988246415,-0.48886213928635164,0.10470228621438069,-0.008032766320472565,-0.22321620184234295,0.1754848651578917,0.16200000047683716,0.669693255460548,0.7459999918937683,5.319550749625767,5.519550749625767
28.55559277534485,-0.5881228275254745,-0.4872126862501804,0.16283542033405562,-0.010815524055516772,-0.1927572320485575,0.1758845931991888,0.16200000047683716,0.627541416130226,0.7459999918937683,5.332028702789581,5.532028702789582
28.606103658676147,-0.5817366957085719,-0.48611453023855694,0.19026603123704203,-0.01205121671960947,-0.17839343650786063,0.18312541199502647,0.16899999976158142,0.6333796277093362,0.7459999918937683,5.33824029374388,5.53824029374388
28.656818628311157,-0.5751673653726763,-0.484798870462466,0.21750350833129636,-0.01323470140564191,-0.16422517461376987,0.18300828435748806,0.16899999976158142,0.6120268963440949,0.6579999923706055,5.344669590690472,5.544669590690472
28.708006381988525,-0.5653556225392319,-0.48249158425362987,0.2578090627094108,-0.014843253801028642,-0.1427473210335442,0.18342212694039003,0.16899999976158142,0.5789201412468176,0.6579999923706055,5.354355744693897,5.554355744693897
28.755558490753174,-0.5533595568156396,-0.4921591988348954,0.29975094311158723,-0.02847024544794256,-0.11364587382911667,0.1827306480364037,0.16899999976158142,0.6178806122957736,0.5699999928474426,5.361267189476457,5.561267189476458
28.80778980255127,-0.5492605126841057,-0.49524420741806435,0.3137104626309148,-0.03294747212989314,-0.10398636465973471,0.1948620021626236,0.1809999942779541,0.6736350042566613,0.6140000224113464,5.363639966808703,5.5636399668087035
28.85743474960327,-0.5353756703624608,-0.49181432630682015,0.3637945239900691,-0.035608982471123804,-0.0769369072636209,0.1950553485183434,0.1809999942779541,0.6349076758950012,0.6140000224113464,5.376903296127003,5.5769032961270035
28.906343460083008,-0.52862559562622,-0.48919671640556966,0.38862455509015054,-0.036161861349845725,-0.06333148466486194,0.20243263824387395,0.18799999356269836,0.63397639550983,0.7020000219345093,5.38371939623757,5.58371939623757
28.95578408241272,-0.5218154514523949,-0.48635340913770636,0.4130363687460299,-0.03661916692533014,-0.04997249437250229,0.20241118714846665,0.18799999356269836,0.6082635367741946,0.7020000219345093,5.390682951158819,5.590682951158819
29.006558418273926,-0.5099635808299999,-0.48389296447237135,0.44503822231841467,-0.03980999095473829,-0.034686427527503616,0.20624973683645487,0.19200000166893005,0.6080763504498401,0.6579999923706055,5.401720960445245,5.601720960445245
29.056071996688843,-0.4852970336230693,-0.48013483961117537,0.5003609822044337,-0.048230658174098585,-0.010164385432274934,0.20983259220699782,0.19599999487400055,0.620580844995926,0.6140000224113464,5.423856217707675,5.623856217707675
29.107643604278564,-0.47432589054181046,-0.47442523973020917,0.5377748775867177,-0.04870273260992075,0.012383962400481896,0.20976022950383907,0.19599999487400055,0.5761798110817041,0.6140000224113464,5.435494506614191,5.635494506614191
29.15577745437622,-0.464042969958772,-0.46812521481142916,0.5724737218556145,-0.04849344071743209,0.033329472869437105,0.22041486070107527,0.2070000022649765,0.5597143893967584,0.5699999928474426,5.4468839251897885,5.646883925189789
29.205897331237793,-0.45717563162777336,-0.4636443959544204,0.5952043453759824,-0.04821079160751668,0.047119347054340954,0.22044091156776816,0.2070000022649765,0.5262711935239105,0.5699999928474426,5.454646557349903,5.654646557349903
29.256365537643433,-0.4478763159724551,-0.45666532932558607,0.6207964349087467,-0.04717014732392587,0.06059005768135617,0.22837258770192576,0.2150000035762787,0.5040755123673564,0.5699999928474426,5.465648753508769,5.665648753508769
29.30638074874878,-0.43121503211849777,-0.44313010319979057,0.6618719803062446,-0.044782485228174365,0.0808163694063736,0.22808525114112524,0.2150000035762787,0.43056148304817277,0.5699999928474426,5.486023292942781,5.686023292942781
29.355750799179077,-0.42061915733472166,-0.43462485594023437,0.6975689936514368,-0.04357325038407563,0.10421058101076464,0.2318093754796743,0.21899999678134918,0.37167930941700694,0.5260000228881836,5.499013028826067,5.699013028826067
29.40669083595276,-0.4171549771852476,-0.4317213959606894,0.7090624925368807,-0.04311195374033801,0.1117668790966222,0.2387142912042269,0.22599999606609344,0.36044351258234497,0.5260000228881836,5.503338825118289,5.703338825118289
29.45581078529358,-0.40360929647655674,-0.41971826390640893,0.7515315607427021,-0.0409419521142571,0.13919624867834202,0.24226325496117015,0.23000000417232513,0.2752364293815539,0.4819999933242798,5.520674824617723,5.720674824617723
29.50667405128479,-0.39691776812975416,-0.41340463093276003,0.7703615605216301,-0.03965465673700676,0.15081110618609983,0.24183603515100385,0.23000000417232513,0.2317480411019622,0.39500001072883606,5.529493443623869,5.729493443623869
29.55642795562744,-0.38715029508596077,-0.4037699545315501,0.7940360401656478,-0.03755255865238829,0.1642181787678727,0.24159325397639264,0.23000000417232513,0.17346813967710642,0.39500001072883606,5.542654806769274,5.742654806769274
29.60721755027771,-0.38038568378429133,-0.3945667230156186,0.8076370199360772,-0.034142562703686964,0.1699552609998901,0.24531237530522154,0.23399999737739563,0.12170506398004037,0.35100001096725464,5.553273777938344,5.753273777938344
29.65641474723816,-0.3737112177856012,-0.38516295401879147,0.8193308570009874,-0.030602319124031857,0.17405413246668833,0.24550821269983159,0.23399999737739563,0.06855397907206803,0.35100001096725464,5.564002666141592,5.764002666141592
29.70681142807007,-0.3670679811049416,-0.3775915744877084,0.8299138638411168,-0.028581183838408644,0.17808503401956455,0.26061358344644936,0.24899999797344208,0.03446133330826731,0.17499999701976776,5.57367651136088,5.77367651136088
29.75656485557556,-0.3538669089970693,-0.36299612232837014,0.8430490921454025,-0.025105602288415227,0.17906689306986878,0.25406850156001193,0.2409999966621399,-0.01787012667110698,0.08699999749660492,5.592720640619233,5.792720640619233
29.806644201278687,-0.34735452694747926,-0.3556729466033901,0.84660738124173,-0.02337930453173927,0.17691053593484296,0.26515216534385383,0.25200000405311584,-0.038707041599319994,0.13099999725818634,5.602228830060748,5.8022288300607485
29.855613470077515,-0.3407786471876143,-0.34821903747850674,0.8496701958062727,-0.021644829138125748,0.1743886696347775,0.26251854392604773,0.24899999797344208,-0.057264831098609296,0.08699999749660492,5.611890565032448,5.811890565032448
29.906372547149658,-0.33348842174634524,-0.3377096398981881,0.851183403258525,-0.018040597217561537,0.1691976277080427,0.26619366156919916,0.25200000405311584,-0.09458576735093953,0.0430000014603138,5.624029543782051,5.824029543782051
29.956030130386353,-0.34447298528223586,-0.33240267834252957,0.8465532984817385,-0.007003977876125313,0.16737836342995294,0.2666596108378097,0.25200000405311584,-0.21990242504528706,-0.0430000014603138,5.618866871136967,5.824029543782051
30.008060932159424,-0.347897173306818,-0.3305589887305383,0.8435792551246324,-0.0034191350312309885,0.16523360956833322,0.27472786968697777,0.25999999046325684,-0.26273843899186944,-0.0430000014603138,5.617363457852622,5.824029543782051
30.05568289756775,-0.333769054418063,-0.314752823224052,0.8350038339211847,-9.551476087181036e-05,0.14555438117728337,0.2854034497149773,0.2709999978542328,-0.28582249446267927,-0.17499999701976776,5.638281625192265,5.838281625192265
30.105968475341797,-0.32647948125469056,-0.3067299001439463,0.828680628045536,0.0014291079466949707,0.13389219261583163,0.28458695964637737,0.2709999978542328,-0.2795827638560746,-0.2630000114440918,5.6490172285085745,5.849017228508575
30.15582013130188,-0.31922750496648045,-0.29886239662423664,0.8215222033378609,0.0028029141024368087,0.12167131103113982,0.2845965737987129,0.2709999978542328,-0.26956572798203987,-0.2630000114440918,5.659639163296156,5.859639163296156
30.20598030090332,-0.31171388488871454,-0.29082842231073086,0.8135098670703852,0.004081399664506783,0.10866939191492553,0.28903925983502105,0.2750000059604645,-0.25986528295094,-0.21899999678134918,5.670581610567312,5.870581610567312
30.255667209625244,-0.3003350211342599,-0.2786856869393357,0.799990878498438,0.005898405342797822,0.08799813651452648,0.29219387180236056,0.27900001406669617,-0.23789486292543008,-0.2630000114440918,5.68715787277138,5.88715787277138
30.30731725692749,-0.292963099193011,-0.2656989471184755,0.7870238047388766,0.010873101995371082,0.06930590593154451,0.296228867375046,0.28299999237060547,-0.26396110783955834,-0.3070000112056732,5.701285675407557,5.901285675407557
30.355984687805176,-0.2823674553112572,-0.2531800070042499,0.7742737000197722,0.01328438348437726,0.050344223594446014,0.2998137518369974,0.28600001335144043,-0.25280791315935486,-0.2630000114440918,5.717582429125922,5.917582429125922
30.407586812973022,-0.2742107929387215,-0.24524448331252,0.7652831541091739,0.01380375669044376,0.037242156290115735,0.3078812260471875,0.2939999997615814,-0.23308967554052948,-0.2630000114440918,5.729007618551075,5.929007618551076
30.45580220222473,-0.2658242555263451,-0.23723044037529714,0.756855098030571,0.014182219323593861,0.024813396729943205,0.2997573001785867,0.28600001335144043,-0.20054642293782754,-0.2630000114440918,5.740657305415766,5.940657305415766
30.507245540618896,-0.2574867831207639,-0.2293972231838656,0.7487387609132873,0.014414296441743637,0.012938052662050947,0.30414463923233054,0.28999999165534973,-0.17608150115761034,-0.21899999678134918,5.752148757277417,5.952148757277417
30.555991411209106,-0.24885430470383646,-0.22141117542425878,0.7402544627696895,0.014518520706448072,0.0007724235149074721,0.29983408214427915,0.28600001335144043,-0.1440942300035536,-0.2630000114440918,5.76396146994979,5.9639614699497905
30.607540607452393,-0.2358307004206424,-0.20963261475433823,0.7266810658281085,0.014398145071719286,-0.01796234424721921,0.31167049924007384,0.2980000078678131,-0.09813454254773149,-0.21899999678134918,5.781594160525811,5.981594160525812
30.655887603759766,-0.21803096223916127,-0.1940153831569712,0.7093559019843645,0.013742285061685445,-0.04164699747575995,0.3039361165794908,0.2939999997615814,-0.024651627161057656,-0.17499999701976776,5.805352635068118,6.005352635068118
30.70585584640503,-0.20903343142439396,-0.18631930856723397,0.7030997873947202,0.013210977930302221,-0.050836560860005986,0.30975322371913094,0.3050000071525574,0.0070271790011314774,-0.13099999725818634,5.817223629882319,6.017223629882319
30.757025718688965,-0.19982347562763494,-0.1785334117685095,0.6968741194653132,0.012565371472263031,-0.05988888010014304,0.3005554861778549,0.3019999861717224,0.04056976383231096,-0.17499999701976776,5.82930280532374,6.0293028053237405
30.80723476409912,-0.19054636581337742,-0.17079641940791834,0.6920766122231918,0.011804986972169165,-0.06735773408688916,0.30236289143639905,0.3089999854564667,0.07287025334630115,-0.08699999749660492,5.841391495397485,6.041391495397485
30.85571837425232,-0.17132760737257285,-0.15496461663534045,0.6863393750329235,0.009990500178345345,-0.0781252051822452,0.2869492594742222,0.3019999861717224,0.1243963497783225,-0.08699999749660492,5.866278023213102,6.066278023213102
30.90476942062378,-0.17132760737257285,-0.15496461663534045,0.6863393750329235,0.009990500178345345,-0.0781252051822452,0.31628262722882955,0.3089999854564667,0.12727970871655078,0.0,5.866278023213102,6.066278023213102
30.956108570098877,-0.14291461100367278,-0.13170391883195495,0.687719662749481,0.006993414068303964,-0.08306134261140197,0.3147165323163397,0.3019999861717224,0.17514588182333235,0.08699999749660492,5.902928252473037,6.1029282524730375
31.00623631477356,-0.13830934846145498,-0.12792065253898294,0.6887094387886747,0.006496220395122434,-0.08298030484923358,0.32151341924778304,0.3089999854564667,0.18511867939109564,0.08699999749660492,5.9088777989431716,6.108877798943172
31.055784463882446,-0.1289430562648462,-0.12019718020201065,0.6928920721048965,0.0054896046717796635,-0.08054884826694308,0.3184743064386508,0.3050000071525574,0.18766043255282913,0.13099999725818634,5.920986247826201,6.120986247826202
31.107242584228516,-0.11950516258317992,-0.112340705217811,0.6981266894803465,0.0045074973536399715,-0.07695540355340391,0.3222339542062591,0.3089999854564667,0.1911664163142519,0.17499999701976776,5.933235173866705,6.133235173866705
31.15566396713257,-0.10053298051588329,-0.09624534778465202,0.7129101289200234,0.0026916967218542738,-0.06510606577164357,0.3219825089202054,0.3089999854564667,0.1766044229432406,0.17499999701976776,5.958058867464652,6.158058867464653
31.206867933273315,-0.09095558606048786,-0.08793538193604092,0.7219311457800155,0.0018805209987826019,-0.05738452976145825,0.3298610623877818,0.31700000166893005,0.1664649849219965,0.17499999701976776,5.970716427580758,6.170716427580758
31.25649666786194,-0.07670586523190957,-0.0752774028609326,0.7346563070113072,0.0008540153621819027,-0.046368098687869175,0.33615254709067516,0.3240000009536743,0.14636600785884676,0.17499999701976776,5.989749207317697,6.189749207317697
31.306793212890625,-0.062330043190001926,-0.06219133291471559,0.7475790480699561,1.2421329650605416e-05,-0.03489278484351521,0.3093506729095771,0.328000009059906,0.11950026828533387,0.21899999678134918,6.009171506805638,6.209171506805638
31.35642981529236,-0.048066733218627054,-0.04886525155717269,0.7586730008390273,-0.000604981151131706,-0.024956658438151424,0.30644642700114977,0.3240000009536743,0.09106908585770987,0.17499999701976776,6.028683255157425,6.228683255157425
31.40571641921997,-0.048066733218627054,-0.04886525155717269,0.7586730008390273,-0.000604981151131706,-0.024956658438151424,0.30644642700114977,0.3240000009536743,0.09106908585770987,0.17499999701976776,6.028683255157425,6.228683255157425
31.468724012374878,-0.029441802699108878,-0.031040777879447666,0.7714690157221507,-0.0011404309304869583,-0.013242204906888431,0.2845933960676761,0.3089999854564667,0.05291585674407891,0.17499999701976776,6.054456608795064,6.254456608795064
31.505844831466675,-0.02049186842400682,-0.02231446856728691,0.7779272152550455,-0.0012922407453686115,-0.007127428993439988,0.2805487226211071,0.3050000071525574,0.03301683999676493,0.13099999725818634,6.066955262496256,6.266955262496256
31.55582356452942,-0.011264181032315848,-0.012821399366363388,0.7804510884495917,-0.0011017414781787265,-0.004838535244786946,0.2796808943813602,0.3019999861717224,0.019882377172920646,0.08699999749660492,6.080192511453456,6.280192511453456
31.60564088821411,0.004176759538318593,0.004396806070300921,0.7750202108496019,0.00015563290098949704,-0.010362310539124064,0.2731054125901635,0.2980000078678131,0.012144089775684817,0.13099999725818634,6.103283586179755,6.303283586179755
31.65688133239746,0.021348326725299134,0.021658519055491408,0.7769021457733876,0.00022296942489521772,-0.00814179118610081,0.27139397172818713,0.28299999237060547,-0.000911902858554512,0.0430000014603138,6.127633849817417,6.327633849817417
31.706720113754272,0.02924935158261457,0.029426412008940545,0.7791364792487951,0.0001343452342845012,-0.005605090322476469,0.253085497186926,0.2680000066757202,-0.008718224932165987,0.0430000014603138,6.13871235325303,6.3387123532530305
31.75570058822632,0.03691626719546269,0.03700444583960751,0.7810944702617046,8.05615602243307e-05,-0.0032638382113816533,0.2752302537611187,0.2639999985694885,-0.016209469635627406,0.0,6.149492226729048,6.349492226729049
31.80574131011963,0.04441538078152463,0.044439302877155556,0.7822461415816294,4.8464411357764e-05,-0.0016515646026231676,0.2474450963404506,0.2680000066757202,-0.022484042561304318,0.0430000014603138,6.160052213867618,6.360052213867618
31.856642961502075,0.05178937739206138,0.051773072881935986,0.7827626999533758,3.8341547301490936e-05,-0.0005990050573619898,0.2628074343246588,0.25600001215934753,-0.02605347134260837,0.0,6.170452239511814,6.370452239511814
31.90649127960205,0.06273584198217344,0.06266199406090384,0.7839810218601744,3.617141778203465e-05,0.0015658074292149715,0.26650592311490234,0.25200000405311584,-0.03401255476403322,-0.0430000014603138,6.185891755603787,6.3858917556037875
31.95608615875244,0.0767572466401814,0.07667029339943482,0.7868021918225745,0.00010019633269433413,0.00586620427910256,0.22146279454118756,0.24500000476837158,-0.04805065231652597,0.0430000014603138,6.2057131213755055,6.405713121375506
32.005754232406616,0.08383250657374448,0.08376543924886548,0.7886338484202882,0.0001632173388331189,0.008558595780844613,0.22075075665372668,0.24500000476837158,-0.05726789676811002,0.0430000014603138,6.215732821309988,6.415732821309988
32.05740785598755,0.09079304413549878,0.09077724397343734,0.7898625159810688,0.00025655649820184904,0.010710224663788348,0.22041149408864621,0.24500000476837158,-0.06550394443827477,0.0430000014603138,6.225612156987934,6.425612156987934
32.10631513595581,0.09768868906534517,0.09774073350958266,0.7894441153134659,0.0003705205875782932,0.011280135655242107,0.24811519149790368,0.23399999737739563,-0.06695513471232853,-0.08699999749660492,6.23541111543487,6.43541111543487
32.15641665458679,0.10428614675550142,0.10438023325419062,0.7874355593061051,0.0004726417393937987,0.010283249388205129,0.2425590282407543,0.23000000417232513,-0.06631300157641296,-0.13099999725818634,6.244770002432022,6.444770002432022
32.20704531669617,0.1107301892000473,0.11083380761929776,0.7842103190810866,0.0005593201338146369,0.008107391659153973,0.24801969306490004,0.23399999737739563,-0.06499708016752123,-0.08699999749660492,6.253888868457946,6.4538888684579465
32.25567102432251,0.12061866621347739,0.1206593515207373,0.7775049112293391,0.0006562498796416373,0.0031273643510669746,0.0,0.22599999606609344,0.0,-0.08699999749660492,6.267827019603078,6.467827019603078
32.306732416152954,0.1343062680487287,0.13403794505287336,0.7682290316505044,0.0006731952009866523,-0.003540485647125835,0.0,0.2370000034570694,0.0,-0.13099999725818634,6.286964169309632,6.4869641693096325
32.356043577194214,0.14043837133358333,0.1399529867890043,0.7650227473145909,0.0006411031331314045,-0.005496876440978848,0.0,0.17299999296665192,0.0,-0.08699999749660492,6.295482811902754,6.495482811902754
32.40595269203186,0.1452176260176003,0.14453373472781844,0.7657025777081107,0.0006025448722987566,-0.0038080923272435507,0.0,0.12399999797344208,0.0,-0.21899999678134918,6.302101526079219,6.502101526079219
32.455806016922,0.14836642428045646,0.14754945810165665,0.7727358856029943,0.0005791916342810779,0.0039077810536505275,0.0,0.07100000232458115,0.0,-0.13099999725818634,6.306460638672483,6.5064606386724835
32.50578022003174,0.1505184219085127,0.1496396281018243,0.7907102183839948,0.0005858965405001935,0.022360099109733023,0.0,0.029999999329447746,0.0,-0.08699999749660492,6.3094600242324885,6.509460024232489
32.55654454231262,0.14315235473258253,0.14923146129736975,0.7994435949348917,0.0054139225405355155,0.030210469100720783,0.0,0.003000000026077032,0.0,-0.0430000014603138,6.303885098481785,6.509460024232489
32.60656237602234,0.1329323502148826,0.14813106960271882,0.8013130603020929,0.011737289378267823,0.030839899387415156,0.0,-0.003000000026077032,0.0,0.0430000014603138,6.295792445037629,6.509460024232489
32.65568208694458,0.12877173148184085,0.14756956928865622,0.7972090921018276,0.014232983029038351,0.026234240638797424,0.0,0.0,0.0,0.0,6.292423191049709,6.509460024232489
32.70430588722229,0.12877173148184085,0.14756956928865625,0.7972090921018276,0.014232983029038372,0.026234240638797424,0.0,0.0,0.0,0.0,6.292423191049709,6.509460024232489
32.75523614883423,0.12877173148184085,0.14756956928865625,0.7972090921018276,0.014232983029038372,0.026234240638797424,0.0,0.0,0.0,0.0,6.292423191049709,6.509460024232489
32.80544590950012,0.12877173148184085,0.14756956928865625,0.7972090921018276,0.014232983029038372,0.026234240638797424,0.0,0.0,0.0,0.0,6.292423191049709,6.509460024232489
32.854414224624634,0.12877173148184085,0.14756956928865625,0.7972090921018276,0.014232983029038372,0.026234240638797424,0.0,0.0,0.0,0.0,6.292423191049709,6.509460024232489
32.904423236846924,0.12877173148184085,0.14756956928865625,0.7972090921018276,0.014232983029038372,0.026234240638797424,0.0,0.0,0.0,0.0,6.292423191049709,6.509460024232489
32.95504021644592,0.12877173148184085,0.14756956928865625,0.7972090921018276,0.014232983029038372,0.026234240638797424,0.0,0.0,0.0,0.0,6.292423191049709,6.509460024232489
33.00471830368042,0.12877173148184085,0.14756956928865625,0.7972090921018276,0.014232983029038372,0.026234240638797424,0.0,0.0,0.0,0.0,6.292423191049709,6.509460024232489
33.05541515350342,0.12877173148184085,0.14756956928865625,0.7972090921018276,0.014232983029038372,0.026234240638797424,0.0,0.0,0.0,0.0,6.292423191049709,6.509460024232489
33.1052610874176,0.12877173148184085,0.14756956928865625,0.7972090921018276,0.014232983029038372,0.026234240638797424,0.0,0.0,0.0,0.0,6.292423191049709,6.509460024232489
33.15481472015381,0.12877173148184087,0.14756956928865625,0.7972090921018276,0.014232983029038351,0.026234240638797424,0.0,0.0,0.0,0.0,6.292423191049709,6.509460024232489
33.206076860427856,0.12877173148184087,0.14756956928865625,0.7972090921018276,0.014232983029038351,0.026234240638797424,0.0,0.0,0.0,0.0,6.292423191049709,6.509460024232489
33.254417419433594,0.12877173148184085,0.14756956928865625,0.7972090921018276,0.014232983029038372,0.026234240638797424,0.0,0.0,0.0,0.0,6.292423191049709,6.509460024232489
33.30541777610779,0.12877173148184085,0.14756956928865625,0.7972090921018276,0.014232983029038372,0.026234240638797424,0.0,0.0,0.0,0.0,6.292423191049709,6.509460024232489
33.35484576225281,0.12877173148184085,0.14756956928865625,0.7972090921018276,0.014232983029038372,0.026234240638797424,0.0,0.0,0.0,0.0,6.292423191049709,6.509460024232489
33.40659141540527,0.12877173148184085,0.14756956928865625,0.7972090921018276,0.014232983029038372,0.026234240638797424,0.0,0.0,0.0,0.0,6.292423191049709,6.509460024232489
33.454694986343384,0.12877173148184085,0.14756956928865625,0.7972090921018276,0.014232983029038372,0.026234240638797424,0.0,0.0,0.0,0.0,6.292423191049709,6.509460024232489
33.50538229942322,0.12877173148184085,0.14756956928865625,0.7972090921018276,0.014232983029038372,0.026234240638797424,0.0,0.0,0.0,0.0,6.292423191049709,6.509460024232489
33.55433368682861,0.12877173148184085,0.14756956928865625,0.7972090921018276,0.014232983029038372,0.026234240638797424,0.0,0.0,0.0,0.0,6.292423191049709,6.509460024232489
33.60484766960144,0.12877173148184085,0.14756956928865625,0.7972090921018276,0.014232983029038372,0.026234240638797424,0.0,0.0,0.0,0.0,6.292423191049709,6.509460024232489
33.65448451042175,0.12877173148184085,0.14756956928865625,0.7972090921018276,0.014232983029038372,0.026234240638797424,0.0,0.0,0.0,0.0,6.292423191049709,6.509460024232489
33.70559287071228,0.12877173148184085,0.14756956928865625,0.7972090921018276,0.014232983029038372,0.026234240638797424,0.0,0.0,0.0,0.0,6.292423191049709,6.509460024232489
33.75436210632324,0.12877173148184085,0.14756956928865625,0.7972090921018276,0.014232983029038372,0.026234240638797424,0.0,0.0,0.0,0.0,6.292423191049709,6.509460024232489
33.80512595176697,0.12877173148184085,0.14756956928865625,0.7972090921018276,0.014232983029038372,0.026234240638797424,0.0,0.0,0.0,0.0,6.292423191049709,6.509460024232489
33.85462951660156,0.12877173148184085,0.14756956928865625,0.7972090921018276,0.014232983029038372,0.026234240638797424,0.0,0.0,0.0,0.0,6.292423191049709,6.509460024232489
33.90546274185181,0.12877173148184085,0.14756956928865625,0.7972090921018276,0.014232983029038372,0.026234240638797424,0.0,0.0,0.0,0.0,6.292423191049709,6.509460024232489
33.954490423202515,0.12877173148184085,0.14756956928865625,0.7972090921018276,0.014232983029038372,0.026234240638797424,0.0,0.0,0.0,0.0,6.292423191049709,6.509460024232489
34.004926919937134,0.12877173148184085,0.14756956928865625,0.7972090921018276,0.014232983029038372,0.026234240638797424,0.0,0.0,0.0,0.0,6.292423191049709,6.509460024232489
34.055126667022705,0.12877173148184085,0.14756956928865625,0.7972090921018276,0.014232983029038372,0.026234240638797424,0.0,0.0,0.0,0.0,6.292423191049709,6.509460024232489
34.10582685470581,0.12877173148184085,0.14756956928865625,0.7972090921018276,0.014232983029038372,0.026234240638797424,0.0,0.0,0.0,0.0,6.292423191049709,6.509460024232489
34.15434193611145,0.12877173148184085,0.14756956928865625,0.7972090921018276,0.014232983029038372,0.026234240638797424,0.0,0.0,0.0,0.0,6.292423191049709,6.509460024232489
