Time (s),x (m),y (m),yaw (rad),CTE (m),Orientation Error (rad),linear_x_cmd (m/s),linear_x (m/s),angular_z_cmd (rad/s),angular_z (rad/s),nearest s,look-ahead s
7.677078247070312e-05,-0.049998232845064675,0.025979048130735337,0.7600524180591832,0.05372339809550287,-0.0252335548124879,0.01201696148530939,0.0,-0.0,0.0,-0.016990164698144863,0.2
0.006880044937133789,-0.049998232845064675,0.025979048130735337,0.7600524180591832,0.05372339809550287,-0.0252335548124879,0.01201696148530939,0.0,-0.0,0.0,-0.016990164698144863,0.2
0.05474543571472168,-0.049998232845064675,0.025979048130735337,0.7600524180591832,0.05372339809550287,-0.0252335548124879,0.01201696148530939,0.0,-0.0,0.0,-0.016990164698144863,0.2
0.10634994506835938,-0.049998232845064675,0.025979048130735337,0.7600524180591832,0.05372339809550287,-0.0252335548124879,0.01201696148530939,0.0,-0.0,0.0,-0.016990164698144863,0.2
0.15429282188415527,-0.049998232845064675,0.025979048130735337,0.7600524180591832,0.05372339809550287,-0.0252335548124879,0.01201696148530939,0.0,-0.0,0.0,-0.016990164698144863,0.2
0.20468425750732422,-0.049998232845064675,0.025979048130735337,0.7600524180591832,0.05372339809550287,-0.0252335548124879,0.01201696148530939,0.0,-0.0,0.0,-0.016990164698144863,0.2
0.25478672981262207,-0.049998232845064675,0.025979048130735337,0.7600524180591832,0.05372339809550287,-0.0252335548124879,0.01201696148530939,0.0,-0.0,0.0,-0.016990164698144863,0.2
0.308490514755249,-0.04995474485093482,0.02602038570603994,0.7605040395403447,0.05372188422573998,-0.024782710087544957,0.012010471346207415,0.0,-0.0,0.0,-0.01693014201495249,0.2
0.35574936866760254,-0.04991127552463699,0.026061742922384157,0.7601725226429674,0.05372039739800717,-0.02511500102519648,0.012015214883732833,0.0,-0.0,0.0,-0.016870118790877922,0.2
0.40605616569519043,-0.04986779249565307,0.026103085720498027,0.7605695909037815,0.053718890639381726,-0.02471870407332466,0.012425030295108276,0.003000000026077032,-0.005921085719683834,0.0430000014603138,-0.016810096219782588,0.2
0.45656442642211914,-0.04952094082440307,0.026434888965927904,0.7664709125157229,0.05370830105523219,-0.01882345520836126,0.013353627886377756,0.007000000216066837,-0.014235074962416673,0.08699999749660492,-0.01632989160555358,0.2
0.506201982498169,-0.04926187594094307,0.026684859510256106,0.7699457578795607,0.05370190694472698,-0.015353050402665882,0.01241954545217704,0.010999999940395355,-0.022774043168157503,0.13099999725818634,-0.01596970771507994,0.2
0.5556261539459229,-0.04901809993633727,0.02692186818448222,0.7746626577301247,0.053697154796819906,-0.010640254546742,0.0192539228432725,0.007000000216066837,-0.014824494137981474,0.0,-0.01562952019554334,0.2
0.607222318649292,-0.048817995962671036,0.02711772119568872,0.7767890490177154,0.05369417511587748,-0.008517177445945157,0.012175437971058415,0.007000000216066837,-0.014991001583015388,0.08699999749660492,-0.015349357104073336,0.2
0.6566567420959473,-0.04836271257243631,0.027567516386376795,0.7819537344746331,0.05369035084189023,-0.0033598445460133464,0.011977638241867965,0.007000000216066837,-0.015392362579322288,0.08699999749660492,-0.014708981022581008,0.2
0.7055835723876953,-0.04836271257243631,0.027567516386376795,0.7819537344746331,0.05369035084189023,-0.0033598445460133464,0.011103693891994242,0.003000000026077032,-0.006596726673431447,0.0430000014603138,-0.014708981022581008,0.2
0.7556047439575195,-0.0480228434251425,0.02790646816342949,0.7880759022042921,0.05368974148190941,0.0027570120957363113,0.01116626354780405,0.003000000026077032,-0.006785632100685186,0.0430000014603138,-0.014228692924326701,0.2
0.8060023784637451,-0.04798053083175612,0.02794900797772446,0.7889358780191114,0.05368990688816377,0.0036163362469325833,0.016854395859226507,0.003000000026077032,-0.006811798724918589,-0.0430000014603138,-0.014168653574293626,0.2
0.8557264804840088,-0.04793825483974197,0.02799158418731188,0.7880759022042921,0.05369012387182837,0.0027557115459312387,0.011884669676268597,0.0,-0.0,0.0,-0.014108619140214645,0.2
0.9069509506225586,-0.04789594224635561,0.028034124001606903,0.7874304302408786,0.05369028920021673,0.0021095934202689515,0.01683407988382317,0.003000000026077032,-0.006779373772677556,-0.0430000014603138,-0.014048584702566496,0.2
0.9555730819702148,-0.04749981293595336,0.028429953243290815,0.7827468019772059,0.0536901186594967,-0.0025799342184743557,0.021116106906208132,0.007000000216066837,-0.015607890574863708,-0.08699999749660492,-0.01348827458670228,0.2
1.0066654682159424,-0.04718799573814534,0.028740388264788613,0.7872675200289704,0.05368917175261991,0.0019363150897218073,0.019908081338826166,0.010999999940395355,-0.025059968377792535,0.0430000014603138,-0.013048033075254307,0.2
1.055964469909668,-0.046779310213460865,0.029151940906258014,0.7917131365873601,0.05369123629032914,0.006376265038423257,0.007496792847053615,0.010999999940395355,-0.025620024454424045,0.13099999725818634,-0.012467735502656006,0.2
1.10591459274292,-0.04637245833583783,0.029565306319408936,0.7959557785154188,0.0536958760218493,0.01061349509954701,0.024292176763633915,0.02199999988079071,-0.05232785333331419,0.08699999749660492,-0.011887463597947377,0.2
1.1555604934692383,-0.04585512610715332,0.030094425320604537,0.7972677888667706,0.053704249433779154,0.011918970535508056,0.027698129680580254,0.014999999664723873,-0.03608663182849438,0.0,-0.011147164180402985,0.2
1.2071902751922607,-0.045394008142978795,0.03056662219211604,0.7982019559563336,0.053712114143641305,0.012847658783587512,0.027923447172004276,0.017999999225139618,-0.04370709463086546,0.0430000014603138,-0.010486914359512017,0.2
1.2554826736450195,-0.04458435002000999,0.03139731615442527,0.7977752899417359,0.05372703438906399,0.012412162273770955,0.03472209452345462,0.02199999988079071,-0.05388994417997098,0.0,-0.009326554362577292,0.2
1.3079071044921875,-0.04335537486087331,0.03265716532629706,0.7983489783355032,0.053748916847970576,0.01297439655262067,0.03473550728983977,0.02199999988079071,-0.05485848299949735,0.0,-0.007566109708397967,0.2
1.3558175563812256,-0.04262939570170527,0.03340184924978519,0.7983557701854549,0.05376216461862917,0.012975521053779639,0.03473545380935665,0.02199999988079071,-0.0553753066717032,0.0,-0.0065258479657566044,0.2
1.4061305522918701,-0.04186172165374502,0.03418967998444378,0.797584405219724,0.053776434361627636,0.012199052198484385,0.04280649659925605,0.029999999329447746,-0.07605650364654697,0.0,-0.005425667928358864,0.2
1.4555261135101318,-0.041079472215845445,0.03499123139512328,0.7977476123664247,0.053790094791845676,0.012358002694012882,0.04985092424663495,0.03700000047683716,-0.09481683100918907,0.0,-0.004305523299897277,0.2
1.5067286491394043,-0.04019958788964049,0.035893120267327355,0.7980543578694568,0.05380566270378629,0.012661093154974545,0.04985733705710873,0.03700000047683716,-0.09601715967900043,0.0,-0.0030454292241914073,0.2
1.557504653930664,-0.03870565222147622,0.03742535944597408,0.7988846800301993,0.05383275354133835,0.013487957795435768,0.04671810178546964,0.032999999821186066,-0.08759073430976329,-0.0430000014603138,-0.000905611050593922,0.2
1.6057796478271484,-0.03624859438776141,0.039945924008761804,0.7960391185400734,0.05387766514564407,0.010644236946454222,0.062106939909697276,0.04899999871850014,-0.13000438602983544,-0.0430000014603138,0.0026141884197580546,0.20261418841975806
1.6555023193359375,-0.034988816365126595,0.041231597515049324,0.794243396293849,0.05389598566045243,0.008853073583573014,0.06509477899108045,0.052000001072883606,-0.13719618660727095,-0.08699999749660492,0.004413880050133521,0.20441388005013353
1.7069082260131836,-0.03357193590772597,0.04267133392144713,0.791982966253422,0.05391217068636306,0.0066006738691251066,0.0686694920048485,0.0560000017285347,-0.14668612913980691,-0.0430000014603138,0.006433377485797913,0.20643337748579793
1.7562084197998047,-0.03199779610219168,0.04426497149297784,0.7892277088355872,0.053926006541082046,0.0038579245426609843,0.07250696177546553,0.05999999865889549,-0.155753169075276,-0.08699999749660492,0.00867265655825396,0.20867265655825398
1.8065037727355957,-0.030362221043814204,0.04591035632050256,0.7860065305222343,0.05393302780961065,0.0006536948164410639,0.0793326977926342,0.06700000166893005,-0.17204635554664852,-0.08699999749660492,0.010991730060265922,0.21099173006026595
1.8561627864837646,-0.027615781858136495,0.048651056819824255,0.7808204851185008,0.0539292147450917,-0.0044949278072452525,0.07906492711746801,0.06700000166893005,-0.16899223527391416,-0.08699999749660492,0.014869672755344787,0.2148696727553448
1.9080820083618164,-0.025710440448892504,0.05053575240313381,0.7768630698093415,0.053914880024694314,-0.008419862232286746,0.08680848297957022,0.07500000298023224,-0.1865141703355464,-0.08699999749660492,0.01754791026282224,0.21754791026282225
1.9560439586639404,-0.02164729074116339,0.05450476347212765,0.7688971405866543,0.053849203231532354,-0.016299055424163548,0.08357716399488642,0.07100000232458115,-0.1714208327038169,-0.13099999725818634,0.023222757002720654,0.22322275700272065
2.016246795654297,-0.01943103248587566,0.05664359227028476,0.7646826974820161,0.0537951605388848,-0.020456301688024814,0.09132894917764683,0.07900000363588333,-0.18765303945593215,-0.13099999725818634,0.02629927982959688,0.22629927982959688
2.055790424346924,-0.017205782314998017,0.05877306305971148,0.7591760923859434,0.05372832954450953,-0.02589857206275681,0.0877049266434722,0.07500000298023224,-0.17428194460434399,-0.17499999701976776,0.02937509321257211,0.22937509321257213
2.1059441566467285,-0.014909900363578414,0.06094435282993358,0.7527273003808826,0.05364136540899482,-0.03227394784086668,0.09813427579273155,0.0860000029206276,-0.19458245237181504,-0.21899999678134918,0.032529948981568815,0.2325299489815688
2.1577308177948,-0.009908753140344631,0.06558119708384837,0.7399638537939294,0.05338707643217567,-0.0448534163797738,0.09568632232279459,0.08299999684095383,-0.1775041381416136,-0.17499999701976776,0.03933519476289301,0.23933519476289303
2.206653356552124,-0.007349329376723661,0.06790947994802805,0.7333511858395156,0.05322582455062437,-0.05135942293121731,0.10254525290533485,0.09000000357627869,-0.18657475321208505,-0.17499999701976776,0.04278585886732748,0.24278585886732748
2.2555248737335205,-0.0019179516831671906,0.0727569397325337,0.721107543199456,0.05281882728811675,-0.06334946015771992,0.10248125458211296,0.09000000357627869,-0.17532149967182276,-0.17499999701976776,0.050040845595763286,0.2500408455957633
2.305687427520752,-0.0005059290675092573,0.07399814918754583,0.7175292834410706,0.05269987698535365,-0.06685580194833696,0.10577498340844224,0.09399999678134918,-0.17965296728204913,-0.13099999725818634,0.051913451490234575,0.2519134514902346
2.356189727783203,0.0023323753011549597,0.07646422765353166,0.7112388438312132,0.05244075468660281,-0.07299454583160626,0.1104146455897981,0.09799999743700027,-0.18079668895137826,-0.17499999701976776,0.055656491450161626,0.2556564914501616
2.4067282676696777,0.005352043875157579,0.07905690149459169,0.7045906674656784,0.05214378389674084,-0.07947071046709542,0.12132229568958777,0.10899999737739563,-0.19334072966927718,-0.21899999678134918,0.059616390624191086,0.2596163906241911
2.455510377883911,0.011678356273730282,0.0843676246396262,0.6879272775147743,0.051438243753994584,-0.09573922087253972,0.11740930603140572,0.10499999672174454,-0.16748121085463824,-0.2630000114440918,0.06782548590445345,0.26782548590445343
2.5054872035980225,0.014930119029685059,0.08702581039989535,0.6796852129188992,0.05102621463063899,-0.10376087372075449,0.12059271065693179,0.10899999737739563,-0.16393391581284558,-0.13099999725818634,0.0719940916808929,0.2719940916808929
2.5558509826660156,0.020034296093070232,0.09111463281917298,0.6679019832808831,0.050322124635069146,-0.11517469072442277,0.12163777347405105,0.10899999737739563,-0.14925924277555888,-0.21899999678134918,0.0784772437658115,0.2784772437658115
2.6071348190307617,0.025311708481428948,0.09524240706149095,0.6577604466470081,0.04952599865630224,-0.12490480563299755,0.12541533681393452,0.11299999803304672,-0.14085631848408547,-0.17499999701976776,0.08510920435192582,0.2851092043519258
2.6555707454681396,0.02889310266628318,0.09799993266953202,0.6507458644395863,0.04895634625863053,-0.13162299068412286,0.12546064514823516,0.11299999803304672,-0.13113626677389564,-0.17499999701976776,0.08957863910438854,0.2895786391043885
2.706824779510498,0.030802618816960316,0.09945380576363375,0.647988844418503,0.04864155770142288,-0.13421641772315174,0.1255002585351348,0.11299999803304672,-0.12696343801045898,-0.17499999701976776,0.0919499687034724,0.2919499687034724
2.755575180053711,0.038370536368915194,0.1051298261868143,0.6367416624040098,0.04733685855640759,-0.14477628032126466,0.13560566965646742,0.12399999797344208,-0.12046558627414461,-0.13099999725818634,0.1012862781812127,0.30128627818121273
2.8064301013946533,0.04236242170545881,0.1080737091735188,0.6307296062323551,0.04661578739451336,-0.15040088957451814,0.13579213630752934,0.12399999797344208,-0.11023170913759599,-0.13099999725818634,0.1061755856562032,0.30617558565620323
2.855837821960449,0.04643665774446346,0.1110405410386903,0.6243002293442812,0.0458550091379259,-0.15641762870527476,0.14055526068494256,0.12800000607967377,-0.10249145373437196,-0.17499999701976776,0.11113874668974308,0.31113874668974306
2.9056434631347656,0.05281261311121984,0.11560260732216457,0.6158692473846702,0.04461120906885685,-0.16416897143847176,0.14381042881255418,0.13199999928474426,-0.08921452034638543,-0.13099999725818634,0.11884858968610697,0.31884858968610696
2.9556682109832764,0.061785797019094084,0.12189564174780337,0.6050889791099516,0.04277941767925952,-0.17392034635312437,0.14764948754477322,0.13500000536441803,-0.06842192681242844,-0.17499999701976776,0.12960926295329,0.32960926295329
3.007601737976074,0.061785797019094084,0.12189564174780337,0.6050889791099516,0.04277941767925952,-0.17392034635312437,0.1509231859358281,0.13899999856948853,-0.07044923963800022,-0.13099999725818634,0.12960926295329,0.32960926295329
3.0560548305511475,0.0712196904669875,0.12836666107922062,0.5956338214228518,0.04076275088906365,-0.18220260434689717,0.15909793322955165,0.1469999998807907,-0.050436822696050494,-0.13099999725818634,0.14082107047760764,0.3408210704776077
3.10557222366333,0.07602508684790818,0.1316144462217464,0.5909815602972587,0.039706237694610916,-0.18622163445541562,0.16365100711563912,0.1509999930858612,-0.03925134831318688,-0.17499999701976776,0.14649881839909926,0.34649881839909924
3.1553943157196045,0.08104654131315356,0.13497099827035597,0.5864560651756213,0.03857958530080388,-0.1900599405267683,0.1631882753885024,0.1509999930858612,-0.026465759543699518,-0.08699999749660492,0.15240589273144148,0.3524058927314415
3.2062010765075684,0.08860073380772426,0.13997274984588018,0.5819399838446955,0.03685844580423134,-0.19349021868091787,0.16334555767728667,0.1509999930858612,-0.010446794074017274,-0.08699999749660492,0.16125983515396608,0.3612598351539661
3.256843328475952,0.09917016177968296,0.14690506349080193,0.5774441571083334,0.03442004913675216,-0.19636035059469925,0.16481352851886544,0.15399999916553497,0.00961301945690227,-0.0430000014603138,0.1736043323840623,0.3736043323840623
3.3057258129119873,0.10181780157086423,0.14863005851124003,0.5772834824160349,0.03380418960102982,-0.19609437845561584,0.17322543766944726,0.16200000047683716,0.01394106930161193,-0.0430000014603138,0.17668954428481412,0.37668954428481416
3.355410099029541,0.10996414360706216,0.15393246694250243,0.5746517541412566,0.031914119836944595,-0.19736102701621394,0.17730766065764086,0.16599999368190765,0.0297514007778014,0.0,0.186178973327007,0.386178973327007
3.406447410583496,0.11830910343562934,0.1593329488634838,0.5721282885020248,0.029969482621281632,-0.19840510978192416,0.17354761046486702,0.16200000047683716,0.044207291909910275,-0.0430000014603138,0.19588113726611683,0.39588113726611684
3.456260919570923,0.12394340013806351,0.16295850468486786,0.5705354292467398,0.0286499817886343,-0.1989532766629435,0.17779036513773522,0.16599999368190765,0.05561548406828591,0.0,0.20241942435307808,0.4024194243530781
3.5072293281555176,0.12685537270655278,0.16482718587820216,0.570801402423388,0.02796707286260375,-0.19813278631740872,0.18502767609460546,0.17299999296665192,0.061647578549316163,0.0,0.2057957260742281,0.4057957260742281
3.555737018585205,0.13857700184457233,0.1723351353179156,0.5683067636041872,0.025227573897006104,-0.1982879219684185,0.18620090562111138,0.17299999296665192,0.08234093008164893,-0.08699999749660492,0.2193809418677195,0.4193809418677195
3.6070098876953125,0.14461154954528269,0.17618868247290692,0.5672651315152479,0.02382154973309444,-0.19805733954960106,0.18881714655566773,0.1770000010728836,0.09457856199144431,0.0430000014603138,0.22637061936402725,0.42637061936402726
3.6562623977661133,0.15377222267351134,0.18202149770070855,0.5679687011820929,0.021692354153956397,-0.19533482432418814,0.1936039109897515,0.1809999942779541,0.1084657984108877,0.0,0.2369738156686209,0.4369738156686209
3.7137954235076904,0.16304166470253315,0.18794415146609175,0.5707434022884867,0.01957528314000922,-0.19039890104171597,0.200825521008091,0.18799999356269836,0.12058600527337461,0.0,0.2477236261275067,0.4477236261275067
3.762328624725342,0.16602057687988409,0.1898566593729816,0.5723699178086266,0.01890658011800527,-0.18805120856014346,0.19961484921325628,0.18799999356269836,0.12159847866915736,0.08699999749660492,0.2511861937742811,0.4511861937742811
3.8164656162261963,0.17228810171832198,0.1939026035634154,0.5764632352601254,0.0175239945517383,-0.18239699342037452,0.1996713547906146,0.18799999356269836,0.12214894037338109,0.08699999749660492,0.2584884648113267,0.4584884648113267
3.864018678665161,0.18506442049222627,0.20228360700923712,0.5876366244271349,0.014839198809052398,-0.1678462305221201,0.20104143904596602,0.18799999356269836,0.11626360687908853,0.17499999701976776,0.2734758344206369,0.4734758344206369
3.912590980529785,0.1915170088581173,0.20659425488911418,0.5927507153961619,0.013559836614969133,-0.16091925102437776,0.21243364965034967,0.20000000298023224,0.12052334918069613,0.13099999725818634,0.28110414585038784,0.48110414585038785
3.967538356781006,0.20150597638823806,0.21335172983835818,0.5996381813912152,0.011669026378080882,-0.15108327435622837,0.21913866007644134,0.2070000022649765,0.12045793011896798,0.13099999725818634,0.2929777191150978,0.4929777191150978
4.01563835144043,0.21180655794278283,0.2204332072207902,0.6058618100977122,0.009840071152402265,-0.14162629892049516,0.22266923667775898,0.210999995470047,0.11828544372454049,0.08699999749660492,0.3053084357827358,0.5053084357827358
4.065245628356934,0.22208278689483238,0.22758507914839707,0.6130285927662433,0.008120522194556848,-0.13103483811529737,0.222798047888846,0.210999995470047,0.11007249105857504,0.08699999749660492,0.3176790783860483,0.5176790783860483
4.114048004150391,0.2255343748365686,0.23001304280446597,0.6150468015870832,0.007571624166237539,-0.12781973547597936,0.22291491355629275,0.210999995470047,0.10768257786831958,0.08699999749660492,0.321853959309591,0.521853959309591
4.162926197052002,0.23604984855543373,0.23748525539432078,0.6240438482491025,0.005986571221820062,-0.11502096820106766,0.22270159538439793,0.210999995470047,0.09300924188977365,0.08699999749660492,0.33463034835474853,0.5346303483547485
4.211580038070679,0.24308948170250957,0.24256323861104856,0.6291112321699454,0.005009316861922842,-0.10727289186936206,0.22397638546546386,0.22599999606609344,0.08984275496625573,0.17499999701976776,0.34324049404035406,0.5432404940403541
4.262601137161255,0.25027654158787965,0.24781260208605124,0.6346784162244828,0.004084200782915626,-0.09885304932897077,0.21448855096584607,0.21899999678134918,0.07533477607854122,0.17499999701976776,0.3520793055814724,0.5520793055814723
4.31101655960083,0.2608303143451197,0.25564050294020474,0.642087302290894,0.002861793164282025,-0.08702620118391258,0.2212460257518764,0.210999995470047,0.05543423508537665,0.08699999749660492,0.3651469392048602,0.5651469392048603
4.3621814250946045,0.27487756530930985,0.2662107518987537,0.6485546225367413,0.0014408563771285488,-0.07425684346496075,0.22599500525138388,0.21899999678134918,0.03755517570954413,0.08699999749660492,0.38265591762430456,0.5826559176243046
4.413430213928223,0.2819657408673898,0.2715929295499504,0.6520239678646301,0.0008032937475838903,-0.06741497398074515,0.22282789972766026,0.21899999678134918,0.025487519978958793,0.08699999749660492,0.39152933103656307,0.591529331036563
4.464590787887573,0.2888491800686469,0.27684778293695994,0.655374662796436,0.00023454635624873247,-0.06066302689108117,0.22932656737084153,0.22200000286102295,0.012980659975918176,0.0430000014603138,0.40016886291871795,0.600168862918718
4.511017560958862,0.29595047004144615,0.28231159148413615,0.6584592556786221,-0.0002885652771313537,-0.05392985694035113,0.2074682829818192,0.21899999678134918,-0.0006609652204506098,0.08699999749660492,0.40911368678249965,0.6091136867824997
4.562634706497192,0.3028744011945826,0.2876778520333207,0.6612462200692922,-0.0007370531376964669,-0.04744055549801074,0.20230890159354806,0.21899999678134918,-0.014493444801384607,0.08699999749660492,0.4178641053161312,0.6178641053161312
4.615814924240112,0.30983064068033,0.2931003255132757,0.6641408377293744,-0.0011306796587811107,-0.040683107909809335,0.20791753002608604,0.22200000286102295,-0.030155607772059514,0.0430000014603138,0.42667893999713385,0.6266789399971339
4.662399530410767,0.3202555825135373,0.3012946919428081,0.6667240101348874,-0.001603250788935278,-0.032023333993184244,0.22248033171112774,0.2150000035762787,-0.05016914237747015,-0.0430000014603138,0.4399388365846769,0.639938836584677
4.712860822677612,0.3337689054846363,0.311935607041481,0.6677161993792974,-0.002077328846517379,-0.022642014172613245,0.1971983101010738,0.210999995470047,-0.07423132584934301,0.0,0.4571477787066132,0.6571477787066132
4.7621965408325195,0.33708259414260583,0.31454860958269465,0.6673474893380107,-0.0021683356847948133,-0.020860360022483704,0.20966389900016028,0.2150000035762787,-0.08118301268812969,-0.0430000014603138,0.4613713563038509,0.6613713563038509
4.811584234237671,0.3471590517347204,0.32247436643603544,0.6641283830370429,-0.0024037021489943093,-0.017311559785137876,0.20309014602792042,0.2150000035762787,-0.09482592537183716,-0.0430000014603138,0.4742047038735075,0.6742047038735075
4.862603664398193,0.3588014794853298,0.32533846390899307,0.6654698833395589,-0.00748053225729968,-0.00994562255107556,0.2162211805353465,0.210999995470047,-0.06256794158042496,-0.08699999749660492,0.485096254107199,0.685096254107199
4.911797285079956,0.36483438401078877,0.3277659835798903,0.6662887958585746,-0.009346759706707395,-0.005537599024511453,0.2181137442668743,0.210999995470047,-0.05666592833434064,-0.08699999749660492,0.49135591072134943,0.6913559107213494
4.965550899505615,0.37140859525172765,0.3329302128651123,0.6639535892706372,-0.009376039589643984,-0.002904867958349544,0.21529682120038576,0.210999995470047,-0.06831202646829487,-0.08699999749660492,0.4997623700158639,0.6997623700158639
5.011194467544556,0.3779948437561752,0.33807908360132505,0.6618301061901969,-0.009382585023680572,0.00011239852740574374,0.20279606046085125,0.2070000022649765,-0.07979161770936168,-0.0430000014603138,0.5081705953923592,0.7081705953923592
5.0631022453308105,0.3846550812623013,0.34326317435562526,0.6591888136525433,-0.009362623187067504,0.0028524906788603976,0.20360444631777067,0.2150000035762787,-0.09622912634971688,-0.0430000014603138,0.5166610116765048,0.7166610116765049
5.114112615585327,0.3914601847943463,0.3485215462670943,0.6559574971842167,-0.00932506719964378,0.005306063913210202,0.21070004135913178,0.21899999678134918,-0.11170757257517802,-0.08699999749660492,0.5253140516747006,0.7253140516747005
5.163089752197266,0.4049282432361162,0.3588293926167032,0.6482973353744252,-0.00918174621992116,0.009484631790403375,0.19944063049797348,0.210999995470047,-0.1341637549569967,-0.08699999749660492,0.542383042358149,0.742383042358149
5.211857557296753,0.4148443505887658,0.3663077994916925,0.6435639561325011,-0.0090336061291359,0.013986828891400571,0.19379886291483744,0.2070000022649765,-0.15520677984453496,-0.13099999725818634,0.5548862945971041,0.7548862945971042
5.26280403137207,0.42124611170805504,0.37110544901398534,0.6404435478584575,-0.008900422395785958,0.01708769913635666,0.18512345669644661,0.20000000298023224,-0.16592352354941772,-0.0430000014603138,0.5629409762956923,0.7629409762956922
5.314651966094971,0.42759863208574356,0.37583534724868406,0.6362854019481464,-0.008743353676444608,0.01931030316581228,0.1886282325624469,0.19599999487400055,-0.17708191520529154,-0.17499999701976776,0.5709157230328258,0.7709157230328259
5.360900640487671,0.4337796075643895,0.3803936110061186,0.6323552239841593,-0.008577184861238346,0.02177945263154002,0.1725235610485396,0.18799999356269836,-0.18444862111220334,-0.08699999749660492,0.5786493499152205,0.7786493499152205
5.4178900718688965,0.43991586877787764,0.38487760160352663,0.6281246119043875,-0.008396764790715184,0.024106047762450844,0.18081814151914466,0.19599999487400055,-0.20769482063256567,-0.17499999701976776,0.5863028534335831,0.7863028534335832
5.462123394012451,0.45490398289108464,0.39565353203063386,0.6136807025414295,-0.007886345893668297,0.026557645735686863,0.17542306564335725,0.1850000023841858,-0.2278620758904052,-0.21899999678134918,0.6048933292471192,0.8048933292471192
5.511420965194702,0.45490398289108464,0.39565353203063386,0.6136807025414295,-0.007886345893668297,0.026557645735686863,0.16508517030384462,0.1809999942779541,-0.2229353183827398,-0.17499999701976776,0.6048933292471192,0.8048933292471192
5.573762655258179,0.4665856559162071,0.4037968383600311,0.6017600687615373,-0.0074790558239680015,0.028692997882703075,0.15775765844282558,0.1770000010728836,-0.24384827398925416,-0.13099999725818634,0.6192354412753852,0.8192354412753853
5.612330198287964,0.4723630418191224,0.4077492820906342,0.5945208939597382,-0.007265376629453519,0.028707750146801048,0.15789443145566176,0.16899999976158142,-0.24392816119696903,-0.21899999678134918,0.6262856958633087,0.8262856958633087
5.664243698120117,0.478036032583568,0.4115706284616306,0.5858550605557332,-0.007055954917050898,0.02737325244052069,0.14935843363927598,0.16599999368190765,-0.2484060388210731,-0.17499999701976776,0.6331749846493666,0.8331749846493666
5.715724945068359,0.4836267585925245,0.41526299963258173,0.5784689452829108,-0.006862413725017686,0.02740427119057942,0.1603020594497264,0.16599999368190765,-0.25955823214144746,-0.2630000114440918,0.6399238061057386,0.8399238061057386
5.761867046356201,0.4975128530803508,0.42417460674631696,0.5582695465322787,-0.006383534068150169,0.026524419239540298,0.14745728431192676,0.16599999368190765,-0.28723015758216724,-0.17499999701976776,0.6565446898923233,0.8565446898923232
5.811819314956665,0.4975128530803508,0.42417460674631696,0.5582695465322787,-0.006383534068150169,0.026524419239540298,0.15260568007544664,0.15800000727176666,-0.2733877633370015,-0.2630000114440918,0.6565446898923233,0.8565446898923232
5.865221977233887,0.5083523656734753,0.4308303243108639,0.5379943716885567,-0.006042181178816053,0.02224963205542141,0.14110960830535402,0.15399999916553497,-0.2822104369501512,-0.21899999678134918,0.6693594621575852,0.8693594621575853
5.914345979690552,0.5134783232147031,0.43387102212940093,0.5270457957236708,-0.005901734490031024,0.019161676181818965,0.14914675667429522,0.15800000727176666,-0.29578581309276186,-0.2630000114440918,0.6753647243145756,0.8753647243145757
5.963624000549316,0.5187582785786676,0.4369258288780393,0.5161988198937865,-0.00577514970398502,0.01660989224184295,0.1386827235166094,0.14300000667572021,-0.27457387780059633,-0.2630000114440918,0.681511842875857,0.881511842875857
6.01801061630249,0.5238111600755788,0.43977329385879294,0.5051737046663153,-0.005672918437241003,0.013708447132451396,0.14033199025446078,0.13899999856948853,-0.2727811443492286,-0.3070000112056732,0.687357432536823,0.887357432536823
6.0679192543029785,0.5341490461536424,0.44537875664073145,0.4847302110444852,-0.005509133852204462,0.010520581112904326,0.1403315141651588,0.1509999930858612,-0.3140316894428267,-0.2630000114440918,0.6992126910909924,0.8992126910909923
6.112195730209351,0.541765128340649,0.4493295988554218,0.46939127989352925,-0.005415515666118487,0.008451844975930154,0.14111692780724258,0.1469999998807907,-0.31932166501493386,-0.3070000112056732,0.7078645909928919,0.907864590992892
6.163145303726196,0.5491542186500095,0.45302104478044375,0.4524065379748619,-0.0053411231974916824,0.004835581928430588,0.12982819383807118,0.13500000536441803,-0.30358696781807426,-0.2630000114440918,0.7161960779696244,0.9161960779696243
6.216742038726807,0.5517265063990178,0.4542712334200825,0.4465618714224994,-0.005320500705337249,0.003760595912916276,0.13595767416712837,0.13899999856948853,-0.31661245912295133,-0.3070000112056732,0.7190814355452403,0.9190814355452404
6.263788938522339,0.5566219273783755,0.45659731513704627,0.4346013965828205,-0.005291392100617846,0.0010386168338508694,0.13187269191758444,0.13199999928474426,-0.30714454675442865,-0.3070000112056732,0.7245503451753222,0.9245503451753223
6.319817781448364,0.558825864133143,0.4625114192552956,0.42357948886492847,-0.0008329889167454967,-0.0021946497053196845,0.12066156980310384,0.13500000536441803,-0.34590741195532,-0.2630000114440918,0.729041447575313,0.929041447575313
6.366237640380859,0.561488732849269,0.47687465602621365,0.39921827406425836,0.011209101274334487,-0.011840765770394779,0.11730737314971776,0.13199999928474426,-0.4085907904778499,-0.3070000112056732,0.7372336527870312,0.9372336527870313
6.4142234325408936,0.5663598229210013,0.4789120347804149,0.3877301228479851,0.011155683287300424,-0.013698521297442314,0.12170467040272172,0.12800000607967377,-0.40265489539655014,-0.35100001096725464,0.742406112965191,0.9424061129651911
6.462455749511719,0.5734877428381366,0.4817708898753275,0.3710616233564731,0.011057389513381808,-0.015880698853459663,0.11448936981352797,0.12399999797344208,-0.39988526929052637,-0.3070000112056732,0.7499241647540082,0.9499241647540082
6.517274618148804,0.5804381168269744,0.48442521044962444,0.35225683783827244,0.010946702830152087,-0.020068031065737568,0.12427939371033014,0.12399999797344208,-0.40706344908108033,-0.39500001072883606,0.757202601560504,0.957202601560504
6.5615949630737305,0.5870996085188207,0.4868230288854094,0.3324477031676176,0.010807724487205935,-0.025429829845656615,0.12185492810316977,0.11699999868869781,-0.38898946383152244,-0.39500001072883606,0.7641240642843121,0.9641240642843121
6.611462831497192,0.5870996085188207,0.4868230288854094,0.3324477031676176,0.010807724487205935,-0.025429829845656615,0.12185492810316977,0.11699999868869781,-0.38898946383152244,-0.39500001072883606,0.7641240642843121,0.9641240642843121
6.663078546524048,0.5960165872110451,0.48979656779435093,0.3042685565084093,0.010562778397693685,-0.033554357156056036,0.12809395446151772,0.11999999731779099,-0.40433216339800643,-0.4390000104904175,0.7733060405847334,0.9733060405847334
6.712536573410034,0.6004675629943653,0.49117657254620717,0.2893608093817042,0.010413530167440557,-0.03813646206386101,0.12044132228946514,0.11299999803304672,-0.38255160491212303,-0.35100001096725464,0.7778561359128866,0.9778561359128866
6.7618567943573,0.6073272098440652,0.49315719240746625,0.2660727463989251,0.010140143789144048,-0.04510387209371447,0.1271575180216036,0.11999999731779099,-0.4090282260657771,-0.35100001096725464,0.7848227511080402,0.9848227511080403
6.817561864852905,0.6143649474370626,0.49501895460311035,0.2420644014289494,0.009820220241618629,-0.05179872254055664,0.1334541560243105,0.12399999797344208,-0.4257673074914731,-0.39500001072883606,0.7919228607587526,0.9919228607587527
6.8606133460998535,0.6191074230749433,0.4961691904210037,0.22589890463273282,0.009576575431617478,-0.055972824038211515,0.13162016543586513,0.11999999731779099,-0.4141847281713675,-0.4390000104904175,0.7966808296696006,0.9966808296696006
6.912600517272949,0.626450114635932,0.4977919191477127,0.2001698265293182,0.009164078511235286,-0.06259572461896512,0.13508961254241666,0.12399999797344208,-0.4308160731771755,-0.39500001072883606,0.8040100829652788,1.0040100829652787
6.96230673789978,0.6338317825916711,0.49922670764119326,0.17503344762921116,0.008706407664895008,-0.06782172207962878,0.1355476470689719,0.12399999797344208,-0.4347295617037779,-0.39500001072883606,0.811338229570589,1.011338229570589
7.006643533706665,0.6363526382502488,0.49967251505645316,0.16618613826682133,0.00854180794610825,-0.06970393040332842,0.13999539368948322,0.12800000607967377,-0.4498638610451813,-0.4390000104904175,0.8138334340228859,1.0138334340228858
7.055850982666016,0.6440159069971081,0.5008930432991705,0.13989387186461824,0.008020963670442721,-0.0742887442512433,0.13729220666885755,0.12800000607967377,-0.4541362834192002,-0.35100001096725464,0.8213956055529084,1.0213956055529083
7.106946706771851,0.6465508809009283,0.5012500029610286,0.13094353101524372,0.007840347006898271,-0.07587182755626704,0.14267990241337003,0.13199999928474426,-0.4695070873604574,-0.39500001072883606,0.8238913819126,1.0238913819126
7.155735492706299,0.6570374787987887,0.5024881819426806,0.09578427661316823,0.007062807360537601,-0.07955983854833586,0.14390631265041215,0.13199999928474426,-0.4769501336414191,-0.4819999933242798,0.8341871054163796,1.0341871054163796
7.206390857696533,0.6654826746632119,0.5054405721005643,0.07821217126826878,0.008617857751915235,-0.06949213981519313,0.1494116779111502,0.13899999856948853,-0.5354552122042765,-0.4819999933242798,0.8427808984087427,1.0427808984087428
7.259178876876831,0.6742753535390181,0.5102390152205197,0.06827165303635645,0.012212095190066528,-0.04900494224755314,0.1411501184564353,0.13500000536441803,-0.5722356558841504,-0.4390000104904175,0.8518131782080006,1.0518131782080007
7.307613134384155,0.6770488635009644,0.5104286633901151,0.05875613185196084,0.012088748105857083,-0.049265191559962666,0.14544856724728977,0.13899999856948853,-0.5912274112689552,-0.4819999933242798,0.8544795462035957,1.0544795462035956
7.355767488479614,0.688477152386543,0.5109301573961506,0.020885509501827746,0.011578078884673259,-0.04776374631150393,0.14862629753207965,0.14300000667572021,-0.6185488544087807,-0.5260000228881836,0.865440080514289,1.065440080514289
7.406092405319214,0.688477152386543,0.5109301573961506,0.020885509501827746,0.011578078884673259,-0.04776374631150393,0.14862629753207965,0.14300000667572021,-0.6185488544087807,-0.5260000228881836,0.865440080514289,1.065440080514289
7.456544637680054,0.6999162266153023,0.5109881162145353,-0.020618615164550366,0.011086220986697258,-0.04778333088749067,0.14881246690444055,0.14300000667572021,-0.6240246725436199,-0.5260000228881836,0.8763995933050863,1.0763995933050863
7.50558876991272,0.7057941016151972,0.5108333790620232,-0.04182180219618804,0.010836690612026034,-0.04684072205046805,0.15442167402026985,0.1469999998807907,-0.6443927895374194,-0.5699999928474426,0.8820333733456465,1.0820333733456464
7.556421756744385,0.7146014423657462,0.5103676418415186,-0.07379790862203894,0.010476532036997421,-0.044612625642887954,0.1524213358953892,0.14300000667572021,-0.6306410701161596,-0.6140000224113464,0.8904809171109652,1.0904809171109653
7.6067352294921875,0.7233890325031813,0.509616957486036,-0.10835705350166219,0.010137690232300453,-0.04378581648376122,0.15412774772922633,0.1469999998807907,-0.6483320543113049,-0.5699999928474426,0.8989299486906663,1.0989299486906663
7.656369686126709,0.73214490575609,0.5085589255384474,-0.14521069890368965,0.009806754217690377,-0.04415678989960571,0.15881742360226117,0.1509999930858612,-0.6623000731705433,-0.6140000224113464,0.9073801078588017,1.1073801078588017
7.70615553855896,0.7379574456158433,0.5076714286297047,-0.16989247522700807,0.009583087325370807,-0.04394713230094957,0.16049114143935242,0.1509999930858612,-0.6592824668249232,-0.7020000219345093,0.9130152084474146,1.1130152084474145
7.756329298019409,0.743824769566935,0.5066251073760882,-0.19585273528269018,0.009358207050892858,-0.04425979344161238,0.15908557993645042,0.1509999930858612,-0.6545759776681185,-0.6140000224113464,0.9187281016332848,1.1187281016332848
7.805720567703247,0.7499037285177471,0.5057797507566937,-0.22084939276891338,0.009522719229324376,-0.04242170477085647,0.16216500217138433,0.15399999916553497,-0.666488525339313,-0.6579999923706055,0.9246103006576927,1.1246103006576926
7.858219385147095,0.7596254611131034,0.5065013459510358,-0.2569477941766471,0.012153240462623175,-0.03710528089720003,0.15803803843056788,0.1509999930858612,-0.6642953899416913,-0.6140000224113464,0.9335482989213993,1.1335482989213994
7.908248662948608,0.7690137772166231,0.504906551491125,-0.2944468592276852,0.012844783305260234,-0.03236037470503117,0.15746033673152215,0.1509999930858612,-0.6635600633698875,-0.6140000224113464,0.9425189494481185,1.1425189494481185
7.956348896026611,0.777704102405636,0.5021419148049462,-0.33326482148426195,0.012612294201430238,-0.030264940583834166,0.16055076495032392,0.15399999916553497,-0.6669202440578128,-0.6579999923706055,0.9511157636807389,1.151115763680739
8.005626440048218,0.783588186727741,0.5000649522671808,-0.35894280915643717,0.012473391494077581,-0.027804468015526107,0.16082246939209488,0.15399999916553497,-0.660839932662771,-0.6579999923706055,0.9570015769196759,1.157001576919676
8.056047916412354,0.7892100257657982,0.49791235787660876,-0.383801422118581,0.012347337449598454,-0.02545516191946129,0.16116883577357766,0.15399999916553497,-0.6543578270643461,-0.6579999923706055,0.9626826416224753,1.1626826416224754
8.116161823272705,0.7949816711581826,0.49554080343938395,-0.4088618982194488,0.012238739088244136,-0.02230160310728585,0.161624002252499,0.15399999916553497,-0.6481560494353424,-0.6579999923706055,0.9685750009982437,1.1685750009982436
8.156393766403198,0.8006898559675341,0.4930204156266509,-0.4339842480951207,0.012144113420213503,-0.019296504864259212,0.16214048208817985,0.15399999916553497,-0.6413453561033268,-0.6579999923706055,0.9744713655298949,1.1744713655298948
8.206402778625488,0.8091676604107925,0.48896111844458967,-0.47256406918754,0.012043019854041744,-0.015723226397559575,0.16107468261426436,0.15800000727176666,-0.6454646620269476,-0.6140000224113464,0.9833612144373938,1.1833612144373937
8.25609540939331,0.8203252135792511,0.4829819428773664,-0.524056796562242,0.011954014637347313,-0.011246299707496132,0.17282884167984636,0.16599999368190765,-0.658972632309905,-0.7020000219345093,0.9953495347605226,1.1953495347605225
8.306143045425415,0.829010074118719,0.4746643535358092,-0.5503053723230146,0.009265411742993406,0.013460359709561054,0.15903554438530534,0.15800000727176666,-0.625067493990678,-0.6140000224113464,1.0065311903905778,1.2065311903905778
8.35812759399414,0.8401695408436688,0.46186454106194713,-0.5780774994467592,0.004983747094452281,0.05566402475236687,0.16632744710144642,0.15800000727176666,-0.6281715860388213,-0.7020000219345093,1.0224683665982532,1.2224683665982532
8.406014919281006,0.8487594958204402,0.4531437567293642,-0.604570642957545,0.003347219569799524,0.07914562549511506,0.14786368566807293,0.15399999916553497,-0.6115779015883575,-0.5699999928474426,1.0343923236939518,1.2343923236939518
8.456077814102173,0.8540002575041135,0.4494705230838167,-0.6305589480536367,0.00389167344226252,0.0786114787704353,0.16614530154831664,0.16200000047683716,-0.6324467496406687,-0.6579999923706055,1.0406770351888808,1.2406770351888807
8.507191896438599,0.8618357202924277,0.4435854862302953,-0.6680614446000408,0.004713352527015554,0.07877368507676898,0.16863800205373572,0.16200000047683716,-0.6178157682813175,-0.6579999923706055,1.0502805731036269,1.2502805731036268
8.556792259216309,0.8716689942046058,0.43551869078001454,-0.7182275748801975,0.005771450074887197,0.0751138922035306,0.16467810186374632,0.15800000727176666,-0.5795991316827055,-0.6140000224113464,1.0627127936222374,1.2627127936222373
8.60634469985962,0.8764604876097085,0.43127600738358646,-0.7425573316467265,0.0062821014256395965,0.07318569939824271,0.1654825319505243,0.15800000727176666,-0.568353886340876,-0.6140000224113464,1.0689574457722713,1.2689574457722712
8.656370639801025,0.8811473618085714,0.42691804906441777,-0.7661426785857939,0.006778367698720992,0.0713416632369368,0.1716759187618052,0.16599999368190765,-0.5857712658407273,-0.6140000224113464,1.0751962459102846,1.2751962459102846
8.706068515777588,0.8858466244246529,0.4223410875928831,-0.7891241355471812,0.007277316202874287,0.069974573711854,0.16581036788710138,0.16200000047683716,-0.5614472539397009,-0.5699999928474426,1.0815853467989351,1.281585346798935
8.755926847457886,0.8868702820732675,0.41296554597419843,-0.8222721226045437,0.002027801675891761,0.062074171524351685,0.17863171752081966,0.16599999368190765,-0.5131214306221941,-0.6140000224113464,1.0893032331142716,1.2893032331142715
8.808109283447266,0.8835279547413301,0.4014606476708204,-0.852532899303178,-0.007774396994917299,0.05375351454556443,0.18770798207855613,0.17299999296665192,-0.4321766882355703,-0.6140000224113464,1.0962523395402728,1.2962523395402727
8.857510089874268,0.8902122526811382,0.39362483733200054,-0.885417406452594,-0.007179140689941627,0.052722474369435335,0.1877156306072385,0.17299999296665192,-0.4163770988005309,-0.6140000224113464,1.1067760144788046,1.3067760144788045
8.905803203582764,0.8946640245041875,0.3881196769031394,-0.9056537949623451,-0.006769738118337096,0.053387361299764735,0.18756124875932498,0.17299999296665192,-0.4086621591869703,-0.5260000228881836,1.1139876442841221,1.313987644284122
8.955844402313232,0.8990554151273195,0.38246460056076276,-0.9247847981171656,-0.006349146917635884,0.0546352323219198,0.19551587144384655,0.1809999942779541,-0.4211009243736309,-0.5260000228881836,1.1212691539155355,1.3212691539155355
9.006459712982178,0.9034717544741477,0.3765519888156114,-0.9422059972070743,-0.005904098083941384,0.05743531017004266,0.1947687837250401,0.1850000023841858,-0.4271426743660604,-0.39500001072883606,1.1287598421715332,1.3287598421715332
9.057058811187744,0.9077940549250679,0.37054561035508876,-0.9589971325749321,-0.005442285738439708,0.06017281173062338,0.20125187281386253,0.19200000166893005,-0.44057910320552884,-0.39500001072883606,1.1362564591539959,1.3362564591539958
9.108207702636719,0.915659926881852,0.3561272633574184,-0.9793099092839387,-0.0059589242295144396,0.08082676475949346,0.1858939552878596,0.18799999356269836,-0.44089052916045385,-0.35100001096725464,1.152909144695314,1.3529091446953139
9.157175302505493,0.9257197367761995,0.3374948222549668,-1.0080516353961009,-0.0057688414987962545,0.10043645808974988,0.1958213794310592,0.19200000166893005,-0.4612768734248431,-0.39500001072883606,1.1743686377726155,1.3743686377726154
9.207019567489624,0.9297913313895043,0.3309830449469009,-1.0237778345524413,-0.0049663639720470675,0.10100829487529861,0.19650025834698723,0.19200000166893005,-0.46070669858185187,-0.39500001072883606,1.1820928070589614,1.3820928070589613
9.256510734558105,0.9337600691970759,0.32440805543338275,-1.0400539598299343,-0.004161607990827956,0.10047037362661637,0.19730400703039017,0.19200000166893005,-0.4585698498186445,-0.39500001072883606,1.1898026624755575,1.3898026624755575
9.30562138557434,0.9375379495048902,0.3179059910937157,-1.0565227347480568,-0.0033841794007322284,0.09888837907581549,0.19851112547782113,0.18799999356269836,-0.4454086684436564,-0.4390000104904175,1.1973388594813934,1.3973388594813934
9.355597257614136,0.943038136878084,0.3079666379104271,-1.0809228851830437,-0.0022395248103530873,0.09608438658650888,0.19963802827130053,0.19200000166893005,-0.4490824703042217,-0.39500001072883606,1.208701419063925,1.4087014190639249
9.406550407409668,0.949068056352329,0.2981741829636383,-1.1028899934511793,-0.0003103580937864388,0.09475121962414536,0.21266923946059504,0.20000000298023224,-0.4729028424769579,-0.4819999933242798,1.2200661863946134,1.4200661863946134
9.456192970275879,0.9567875830035806,0.2896780374418604,-1.123398797441895,0.0038807086866616772,0.09277971633600512,0.20581823352441636,0.20000000298023224,-0.49899512161119824,-0.39500001072883606,1.2307206886588449,1.4307206886588448
9.506052494049072,0.9608128612925325,0.28262201633800155,-1.1398177798489837,0.005259223686318424,0.08971498413201283,0.19824887600211671,0.2029999941587448,-0.5070610434001827,-0.35100001096725464,1.2386653865755735,1.4386653865755734
9.556915998458862,0.9642382781985048,0.27508384182913503,-1.1587802151192488,0.006019527131017832,0.0840883290352128,0.21419103552159532,0.2029999941587448,-0.49708886367824556,-0.4390000104904175,1.2468352398024392,1.446835239802439
9.60565733909607,0.9674820988538435,0.2675528238594407,-1.177983524708679,0.006717564655496917,0.07771646559077117,0.21587185587251304,0.2029999941587448,-0.48549639540248496,-0.5260000228881836,1.254923744858693,1.454923744858693
9.656331300735474,0.9720869681120308,0.25610469280751613,-1.206209344189843,0.007663486652903688,0.06814735356859813,0.22385097936059112,0.210999995470047,-0.4861840870362215,-0.5260000228881836,1.2670930769720328,1.4670930769720327
9.707435846328735,0.9764045247674471,0.24445970317238425,-1.2340842721249472,0.00850361844276397,0.05832169756281047,0.2157249035722444,0.2029999941587448,-0.4491718869950731,-0.5260000228881836,1.2793385813521916,1.4793385813521915
9.755854368209839,0.9793580210522113,0.22327342292599922,-1.2678762872824432,0.005836292864116963,0.05397768876624509,0.22003203916865735,0.2070000022649765,-0.41284199841916563,-0.4819999933242798,1.3003520742493828,1.5003520742493828
9.80580472946167,0.9804393051405621,0.202692763536009,-1.294411969041246,0.002085523261791769,0.05411177735182782,0.23686490392892687,0.22599999606609344,-0.4013135025427248,-0.5260000228881836,1.3205115122743571,1.520511512274357
9.856507778167725,0.9822066581366312,0.1900263205255312,-1.315011424972061,0.0011204917732509495,0.04965288366115028,0.22491596618498486,0.2150000035762787,-0.357383724549041,-0.4819999933242798,1.3332384004156894,1.5332384004156894
9.906140565872192,0.9843661477941587,0.18161933485231474,-1.3324086952378136,0.001560120036590168,0.04295773421081672,0.22414044741507386,0.210999995470047,-0.338237056189824,-0.4390000104904175,1.3418928774415642,1.5418928774415641
9.956140995025635,0.9873781126218196,0.1687063315929877,-1.3572470511248103,0.0021133793538237384,0.034070730276532624,0.2351473362851484,0.22200000286102295,-0.3379729638254669,-0.39500001072883606,1.3551118123078836,1.5551118123078835
10.006903886795044,0.9901482576238304,0.15543256262328192,-1.3793714427987374,0.0025774275177000193,0.02780702167431648,0.23469803909902515,0.23000000417232513,-0.33712208251718145,-0.4819999933242798,1.3686265727392573,1.5686265727392572
10.058013200759888,0.9926632575899866,0.1418639873895961,-1.4031054360559716,0.0029576265317758105,0.019800816365059815,0.24241360048802255,0.23000000417232513,-0.31974242292149374,-0.39500001072883606,1.3823776591150165,1.5823776591150165
10.10784387588501,0.9942070447876393,0.1324903567494391,-1.4189217057566894,0.0031538407827128327,0.0145903824821767,0.2417796893308141,0.23399999737739563,-0.3134487230233518,-0.4390000104904175,1.3918431705730592,1.5918431705730591
10.157670021057129,0.9956043238910056,0.12311396451701688,-1.434941933525813,0.003304319972507864,0.00899582445835323,0.24892619057946688,0.2370000034570694,-0.3043135565523726,-0.39500001072883606,1.4012882912214173,1.6012882912214172
10.208363056182861,0.9968614489261479,0.11363705731785163,-1.4492885389346764,0.0034019776596205544,0.005011403982636997,0.2531184143826043,0.2409999966621399,-0.29958246151386486,-0.35100001096725464,1.4108130100989698,1.6108130100989697
10.256715059280396,0.9979963403231294,0.10406415246216418,-1.4634773906505258,0.003466316203006875,0.0011383297063225495,0.2572329273667034,0.24500000476837158,-0.2946665235117113,-0.3070000112056732,1.4204173577761987,1.6204173577761987
10.309623956680298,1.0063766025900436,0.08590927075502013,-1.4804304134624984,0.010063305443745067,0.003967951954364057,0.2565156176225168,0.24899999797344208,-0.3835550466876866,-0.35100001096725464,1.4391603103555528,1.6391603103555528
10.356826066970825,1.0136237141077542,0.0628955186479654,-1.5026299133548309,0.015580585909071418,0.005724425763752539,0.2567485615455751,0.25200000405311584,-0.4568357704547528,-0.39500001072883606,1.4623425838340591,1.662342583834059
10.406184673309326,1.0142797904495122,0.05281689725984039,-1.515460208440889,0.015657706869197686,0.0030302746938573044,0.25278596787743124,0.25200000405311584,-0.45142887259674375,-0.3070000112056732,1.472283965424086,1.672283965424086
10.45656943321228,1.0148103033190012,0.0426708008493469,-1.5287190392951264,0.01570857878063016,-9.182399018659027e-05,0.25839253527197836,0.25600001215934753,-0.4520251869193432,-0.35100001096725464,1.4822848734891472,1.6822848734891471
10.509178638458252,1.0152002323333926,0.03257839267716528,-1.542446041198888,0.01572335558142543,-0.0037952657634656717,0.2630825846750006,0.25999999046325684,-0.4508262401517496,-0.39500001072883606,1.492227300858773,1.692227300858773
10.55582571029663,1.0154462072406,0.02256149306449627,-1.5548187968347675,0.015696933129281755,-0.006258034368463727,0.24976153006736446,0.24500000476837158,-0.41981088828398855,-0.39500001072883606,1.502091548650878,1.7020915486508779
10.607891321182251,1.0155696003763668,0.012682316957448342,-1.567137455687442,0.015648795578163337,-0.008832965007888882,0.2449593148125831,0.2409999966621399,-0.4078052638451859,-0.35100001096725464,1.5118186948051173,1.7118186948051173
10.657779693603516,1.0153083067300062,-0.012175049000775366,-1.6018277864866908,0.015381308621843918,-0.019037953241491268,0.25718644896872683,0.25200000405311584,-0.40333773536441075,-0.39500001072883606,1.536296589249616,1.736296589249616
10.705636501312256,1.014955583948198,-0.022328863552746138,-1.616371196344552,0.015201284778446292,-0.023556809066241687,0.25496072881644205,0.24899999797344208,-0.38811959200566015,-0.4390000104904175,1.546301803400806,1.746301803400806
10.755484819412231,1.0144581712061107,-0.032276335768828934,-1.6310122792598858,0.01497200747243553,-0.028347667547391486,0.25818723834743634,0.25200000405311584,-0.38130182311873007,-0.39500001072883606,1.556110468239266,1.7561104682392659
10.807487487792969,1.0134204394896091,-0.04651860403389388,-1.6479820364957556,0.014489758686973572,-0.031123989544328493,0.2553272549500084,0.24899999797344208,-0.3692918457720652,-0.35100001096725464,1.570173309298423,1.7701733092984229
10.855940341949463,1.0120389927644742,-0.062085971554335866,-1.666088960666518,0.013948687115105739,-0.033564562608432214,0.2584461881017281,0.25200000405311584,-0.36768825182094883,-0.39500001072883606,1.5855698131819538,1.7855698131819537
10.906839609146118,1.0107847466161803,-0.07441805995662208,-1.6818674397972022,0.013535206681139124,-0.036789253380471676,0.26130760820806526,0.25600001215934753,-0.3663247968833082,-0.4390000104904175,1.597786228490395,1.797786228490395
10.955593824386597,1.0076122480927014,-0.09945642536946328,-1.718913008752669,0.012556208231693414,-0.04781472822343869,0.2634629565485788,0.25600001215934753,-0.34095153117899024,-0.35100001096725464,1.6226663983333993,1.8226663983333993
11.008240699768066,1.006053158340523,-0.10965792175901219,-1.7340989973028313,0.012082302876277026,-0.05214538187173168,0.25886427008947405,0.25200000405311584,-0.32586679132620133,-0.39500001072883606,1.632842510931693,1.832842510931693
11.056175231933594,1.0043663361482735,-0.11967685470972264,-1.748595363931654,0.011572074403598743,-0.055812485368573306,0.2661224620369723,0.25999999046325684,-0.3278711780033141,-0.39500001072883606,1.6428615986059452,1.8428615986059451
11.107622861862183,1.0025013168095516,-0.129826849713521,-1.762733125941396,0.011013377825831738,-0.0587855388594507,0.26623747515715657,0.25999999046325684,-0.3214478737215875,-0.39500001072883606,1.6530403554419044,1.8530403554419044
11.155582189559937,0.9983349033829064,-0.15012301169859465,-1.7902575657736788,0.009814513345151736,-0.06332589652912346,0.26404874160794833,0.25600001215934753,-0.30853403115304256,-0.35100001096725464,1.673485641554989,1.873485641554989
11.206555366516113,0.9983349033829064,-0.15012301169859465,-1.7902575657736788,0.009814513345151736,-0.06332589652912346,0.2704221281646111,0.2639999985694885,-0.3181757027899719,-0.35100001096725464,1.673485641554989,1.873485641554989
11.258692026138306,0.9935589950784117,-0.17053096403558704,-1.8177694425839797,0.008520994661460316,-0.06667902761860978,0.26282257800743075,0.2639999985694885,-0.31531788781457987,-0.2630000114440918,1.6941841183797401,1.89418411837974
11.306476354598999,0.9895377428143443,-0.18599643267879232,-1.8366044470181706,0.007489829871705823,-0.06637128930735803,0.2637139519997702,0.25600001215934753,-0.31278386899828536,-0.35100001096725464,1.709977923251708,1.909977923251708
11.355576276779175,0.9805047123097909,-0.2015244739651221,-1.8540346204100526,0.0018926234505630935,-0.06244477685273786,0.27065833316759935,0.2639999985694885,-0.28565093672441766,-0.35100001096725464,1.7269489318793345,1.9269489318793345
11.408363103866577,0.9741086370110048,-0.20710046448475272,-1.860162838588098,-0.0030966511313863378,-0.059671091653592745,0.2562511059017809,0.2709999978542328,-0.24542178777896845,-0.2630000114440918,1.7338181280198461,1.933818128019846
11.456209182739258,0.9562179864815098,-0.22856078744785127,-1.8857665260407146,-0.015205494321420484,-0.050757395032331676,0.26416812485720437,0.2709999978542328,-0.1504161338891461,-0.2630000114440918,1.7593179415092464,1.9593179415092463
11.506766319274902,0.9528468711206454,-0.23880007398324377,-1.8980425637470277,-0.015701561539244898,-0.047323343985229194,0.26698221543228823,0.2680000066757202,-0.17360010324791453,-0.3070000112056732,1.7703293262519217,1.9703293262519217
11.555652618408203,0.9493912219024258,-0.24886320166038733,-1.9083527320003715,-0.016157634295482157,-0.04157398887456831,0.2501745138110635,0.2680000066757202,-0.20686767404083328,-0.21899999678134918,1.7812154670200817,1.9812154670200817
11.605933427810669,0.9440394951202676,-0.2638565689788804,-1.9210658868234618,-0.0167050250719673,-0.029108954602238946,0.23960116517227376,0.25600001215934753,-0.2604947244053406,-0.2630000114440918,1.7975401708382583,1.9975401708382583
11.656371831893921,0.938707903049346,-0.27826148049719923,-1.9320125473802305,-0.01702110460890526,-0.014312395305619452,0.2415590639273001,0.25600001215934753,-0.3354193579350945,-0.17499999701976776,1.8133314067121866,2.0133314067121866
11.707184076309204,0.936898427609208,-0.2830510846009569,-1.9362033726975127,-0.017071608921005812,-0.009575518998288901,0.2410670652209398,0.25999999046325684,-0.36720379614962473,-0.21899999678134918,1.8186032998510573,2.0186032998510575
11.755714654922485,0.929642120187351,-0.30166656734080116,-1.9531114402410874,-0.01702708109273816,0.010176015850142939,0.22840484476902972,0.24899999797344208,-0.46158449194210266,-0.2630000114440918,1.8392091802032187,2.0392091802032186
11.805798768997192,0.9259617574419305,-0.31074920319946153,-1.9626101819955746,-0.016860466457898904,0.019807562079873883,0.21996544320300573,0.2409999966621399,-0.5029707676892365,-0.2630000114440918,1.84933198843319,2.04933198843319
11.858737230300903,0.9223700350156181,-0.31937097084354094,-1.9729028860933444,-0.016614501245645504,0.02852672203614892,0.2080773192836349,0.23000000417232513,-0.532336286428966,-0.3070000112056732,1.8589870381464566,2.058987038146457
11.90609860420227,0.9168321963221725,-0.3321853493025539,-1.9912582260053013,-0.016090845151675567,0.040098623516378495,0.20080775959232255,0.22200000286102295,-0.5896653205888818,-0.39500001072883606,1.8734269003602788,2.0734269003602788
11.955812454223633,0.9139107514659588,-0.3411448770840779,-2.0113976942468255,-0.014628402571702575,0.04100588312021314,0.19896707420736226,0.21899999678134918,-0.6291757398999118,-0.4390000104904175,1.8830598323486059,2.083059832348606
12.007296562194824,0.9150855911894458,-0.34142023054178355,-2.017541164998058,-0.013459550529369547,0.03417234183540563,0.20140637225835947,0.21899999678134918,-0.6259863838829733,-0.5260000228881836,1.8827503743377227,2.083059832348606
12.056490182876587,0.9151897007029679,-0.3473857377373209,-2.05107825036542,-0.01057604050513901,0.012750490740909282,0.19230326852546806,0.2070000022649765,-0.590501526645848,-0.5699999928474426,1.888119304242602,2.088119304242602
12.107766151428223,0.9114248008643426,-0.35451225644900153,-2.0740278479932797,-0.010442544946283936,0.009037902261892494,0.18727378131668634,0.20000000298023224,-0.588320916986052,-0.5699999928474426,1.896380359672312,2.0963803596723123
12.155585527420044,0.9075603026622219,-0.361425228580384,-2.0974011387383324,-0.010345265380503281,0.005306611016735019,0.18570991749239393,0.19599999487400055,-0.5934209067619899,-0.6140000224113464,1.9045038834125194,2.1045038834125194
12.205586910247803,0.9016151463517474,-0.3713852567298134,-2.1311561934179712,-0.010244001084930171,0.001751830341253591,0.17964813364497917,0.18799999356269836,-0.596101508299107,-0.5260000228881836,1.9164142112947657,2.116414211294766
12.256465435028076,0.8955931987900225,-0.3807568070503193,-2.1640050355530986,-0.010175123514065524,-0.0003837531641512904,0.1795386615204028,0.18799999356269836,-0.6235783101862286,-0.6140000224113464,1.9278675402066199,2.12786754020662
12.309893369674683,0.8936142580811834,-0.38369198812401634,-2.1749749154056026,-0.010158611064783342,-0.0012253497267393776,0.17519958770844105,0.1809999942779541,-0.6082403759270557,-0.6140000224113464,1.9315104781681982,2.1315104781681984
12.355512857437134,0.8852808813169684,-0.39533612944865476,-2.2202643629168723,-0.010115952810456404,-0.0036006154782861626,0.17314011394189016,0.1770000010728836,-0.6261174495394667,-0.5699999928474426,1.946265481258599,2.1462654812585993
12.404885530471802,0.8852808813169684,-0.39533612944865476,-2.2202643629168723,-0.010115952810456404,-0.0036006154782861626,0.17193541330110199,0.17299999296665192,-0.6119678740681099,-0.6140000224113464,1.946265481258599,2.1462654812585993
12.45694375038147,0.8765169354628584,-0.4064565316472859,-2.2675579839061553,-0.010102023157959114,-0.005221718543112264,0.17161016978106236,0.17299999296665192,-0.6400359593260859,-0.6140000224113464,1.9608871776943284,2.1608871776943284
12.506481885910034,0.8696049184280568,-0.414518587712825,-2.302020509101156,-0.010092687104213348,-0.0031815967752577556,0.16677015366476977,0.16899999976158142,-0.6483641466679408,-0.5699999928474426,1.9718757984102948,2.1718757984102948
12.555671215057373,0.8626427593618993,-0.42210868891943887,-2.334815483481351,-0.010048689393304236,0.0013489068980065968,0.16847996106149288,0.16899999976158142,-0.6723184889865672,-0.6579999923706055,1.9825517427138541,2.182551742713854
12.607995986938477,0.8603043831466042,-0.42454926628962786,-2.346607879726367,-0.010022771170288757,0.002223188455772185,0.17032672867981052,0.17299999296665192,-0.6945882802780626,-0.6140000224113464,1.9860587234873084,2.1860587234873083
12.656825542449951,0.850699160525616,-0.43400540845581903,-2.3929340411865883,-0.009876638971022318,0.008500560728647246,0.16503259211693172,0.16599999368190765,-0.6917458268760869,-0.6140000224113464,2.0000618341749465,2.2000618341749467
12.706113815307617,0.8458192700985347,-0.4384785674236884,-2.4172544565126985,-0.009775783313223901,0.011224532493486981,0.1629775804086861,0.16200000047683716,-0.6844342175255699,-0.6579999923706055,2.0069467237706498,2.20694672377065
12.756231546401978,0.8363209663868822,-0.44271561391750514,-2.4433706111152214,-0.012573866032417263,0.027797580933159427,0.16689689115304296,0.16599999368190765,-0.7137853143643706,-0.7020000219345093,2.0174423230372276,2.2174423230372278
12.8110933303833,0.8259341554758411,-0.4467260165969421,-2.469634298560464,-0.015630336263265265,0.04977786961155717,0.16640525158277258,0.16200000047683716,-0.7111915182142862,-0.7459999918937683,2.028830903111599,2.228830903111599
12.861569881439209,0.8168641078159965,-0.45270451797613825,-2.506402765044219,-0.015781366381655854,0.06434708162622417,0.16605609248753964,0.16599999368190765,-0.7455291318684064,-0.7020000219345093,2.040500440405642,2.240500440405642
12.92014741897583,0.8086703853364281,-0.4585744672831673,-2.546272182096136,-0.015023922591666189,0.07351735869043852,0.16355490584190704,0.16899999976158142,-0.7689601530706096,-0.6579999923706055,2.0513075577061444,2.2513075577061445
12.964505910873413,0.800487240676859,-0.4639656333693556,-2.584738051581864,-0.014191885664636193,0.08370540764875889,0.16739233191160685,0.16200000047683716,-0.7450550953815008,-0.7459999918937683,2.0617834364054364,2.2617834364054366
13.012232542037964,0.7948924670752638,-0.46739049114192216,-2.61096216482702,-0.0135851401405693,0.09044551510107635,0.16358959170334003,0.16599999368190765,-0.7670471777149807,-0.7020000219345093,2.0687729720590666,2.268772972059067
13.062179565429688,0.7892802409767239,-0.47062950489002375,-2.6389203819016602,-0.012940864441174751,0.09518342593326823,0.16222312935015745,0.15800000727176666,-0.7295786322452006,-0.7020000219345093,2.0756547033640484,2.2756547033640486
13.112507581710815,0.7836495196586416,-0.4736713596733887,-2.667942306375625,-0.012276379396626663,0.09854562099384756,0.16268932449833506,0.15399999916553497,-0.7077275602496823,-0.7459999918937683,2.082428474199803,2.2824284741998033
13.161999702453613,0.7778800684937704,-0.4765769671548689,-2.696984536413899,-0.01158169675035327,0.10210822865095848,0.16832929126988114,0.16200000047683716,-0.740365061606339,-0.7459999918937683,2.089240037293729,2.2892400372937294
13.221254825592041,0.7691141696235914,-0.4805863040804328,-2.74029543425438,-0.010516580850089573,0.10716973510336913,0.16883457647585273,0.16200000047683716,-0.7324431649107885,-0.7459999918937683,2.0993537219311533,2.2993537219311535
13.264292240142822,0.7594460884744477,-0.4772657757211217,-2.784742780038051,-0.016320003193567575,0.10540835105972855,0.17025094846293232,0.15800000727176666,-0.6543012318238893,-0.7900000214576721,2.1083411995594896,2.30834119955949
13.32042121887207,0.7473259582814129,-0.4570879368440035,-2.8355794448741176,-0.03874880615596786,0.09314437034056633,0.1807726842892424,0.16599999368190765,-0.46889217804209893,-0.7900000214576721,2.116560267653181,2.3165602676531813
13.36437463760376,0.7408261690736705,-0.4558483931125871,-2.86504561762423,-0.041227017654062934,0.09854127387144462,0.17603854250912163,0.16200000047683716,-0.424421497216498,-0.6579999923706055,2.1240900257558257,2.324090025755826
13.416059494018555,0.7345033004384436,-0.4575956412215507,-2.893095481175213,-0.04050759738738781,0.10688268553557956,0.1818912288993232,0.16899999976158142,-0.4401317359601066,-0.5699999928474426,2.132097931739659,2.3320979317396593
13.469796657562256,0.727860691325218,-0.45922604048666,-2.9204527716837503,-0.03970527245057438,0.11629467043875197,0.18586007457196807,0.17299999296665192,-0.44952731845833,-0.6140000224113464,2.1403656593480833,2.3403656593480835
13.518320322036743,0.7174705501633843,-0.46142088395107317,-2.9584402218110157,-0.0383200897985768,0.13269178320580277,0.18865004824970702,0.1770000010728836,-0.4635920940738316,-0.5699999928474426,2.1530177382954334,2.3530177382954336
13.568583011627197,0.7036674795463513,-0.4637556326294974,-2.9979459037144207,-0.03621687243461753,0.15957681506486332,0.18904214382957615,0.1809999942779541,-0.4935995111319105,-0.5260000228881836,2.1693358927348037,2.369335892734804
13.61681604385376,0.6965760806867793,-0.4647437175552694,-3.015697626180163,-0.0350034550268228,0.1734023864389178,0.1822225749987771,0.1770000010728836,-0.4950444769574086,-0.4819999933242798,2.177517132716336,2.3775171327163362
13.66427493095398,0.6894054731246128,-0.46553542878579696,-3.032710856052664,-0.03376338125140047,0.18668023410959503,0.18137250148677372,0.1809999942779541,-0.5187952987537333,-0.4390000104904175,2.1856659100357865,2.3856659100357867
13.715192556381226,0.6782599434129797,-0.46159672482797676,-3.0397602446535674,-0.036556404581316204,0.2259058259361935,0.1827885130471438,0.1850000023841858,-0.5407844509024153,-0.4819999933242798,2.198779635839635,2.3987796358396354
13.76354169845581,0.6670392823178559,-0.45773552770358267,-3.0473105850561626,-0.038740920496870154,0.2622622407837574,0.1811277258502672,0.1850000023841858,-0.5531621916827119,-0.4819999933242798,2.2120966664565214,2.4120966664565215
13.821447372436523,0.6553260463748835,-0.4579911041141721,-3.073646828533542,-0.036298473314160334,0.2757417276161862,0.17985126531157525,0.1850000023841858,-0.5699021888116261,-0.4819999933242798,2.2250506468969466,2.425050646896947
13.864939212799072,0.6407080172061194,-0.45877766527154973,-3.1119485465558077,-0.03219514066678505,0.28169861401151436,0.1772042435407592,0.1809999942779541,-0.5722298744634033,-0.5260000228881836,2.2406215854391154,2.4406215854391156
13.917460918426514,0.6333902829065357,-0.45895572397824147,-3.131169764921485,-0.030125354361134477,0.2828701662037709,0.1773317954414722,0.1809999942779541,-0.5778146973470686,-0.5260000228881836,2.2482785378545014,2.4482785378545016
13.967395544052124,0.6263104589575257,-0.45899142325720926,3.1324118072212674,-0.028121583775113947,0.28200818528745186,0.17763277215625992,0.1809999942779541,-0.5804617734633075,-0.5260000228881836,2.25561506071461,2.45561506071461
14.014396905899048,0.6192312890829086,-0.4588900259412642,3.1120072070378657,-0.026125179411277535,0.27943575193257697,0.16556758136936384,0.16899999976158142,-0.5422513137561434,-0.4819999933242798,2.262891560230156,2.462891560230156
14.07417345046997,0.6101175186604564,-0.45650901511600267,3.0885817805480884,-0.025510667538103268,0.2793786222984851,0.17736070337237833,0.1770000010728836,-0.556899346508301,-0.5699999928474426,2.2728947681096656,2.472894768109666
14.119338989257812,0.6003652433491582,-0.4548411887917055,3.059728391542896,-0.023792933767727516,0.27325693559361985,0.17804814077533362,0.17299999296665192,-0.5332665712457321,-0.6140000224113464,2.283199183574633,2.483199183574633
14.16457486152649,0.590110951386159,-0.4538770860656905,3.025808390651709,-0.021022465546150143,0.261016538263656,0.17857806023942832,0.17299999296665192,-0.521637820118616,-0.6140000224113464,2.293605410579023,2.4936054105790233
14.211820125579834,0.5830042116734228,-0.45300677525506583,3.0033450931645227,-0.019167000643464983,0.2528271277146179,0.18607618105919665,0.1809999942779541,-0.5378862907622055,-0.6140000224113464,2.3008028092636414,2.5008028092636416
14.26882791519165,0.5762351275477483,-0.45202513904975544,2.982354182141598,-0.017450479002202472,0.24493902996971828,0.1741484198446471,0.17299999296665192,-0.5067165400696668,-0.5260000228881836,2.307664664250443,2.507664664250443
14.313127994537354,0.5692513448041321,-0.4508626770713446,2.9609673798636074,-0.01572770842055121,0.23656469465927055,0.18215381453119045,0.1770000010728836,-0.5102054920943274,-0.5699999928474426,2.3147481647929475,2.5147481647929477
14.36216425895691,0.5622928508949052,-0.4495572441457469,2.939611108917904,-0.014058267303670944,0.2277068312879229,0.18332504491064008,0.1770000010728836,-0.5010761580110649,-0.5699999928474426,2.321815168098524,2.521815168098524
14.422885179519653,0.5530253950134814,-0.4465652190770904,2.9088784536653147,-0.012835988590499151,0.21369130928482513,0.18465101870435507,0.1770000010728836,-0.47663011871024175,-0.5699999928474426,2.331704754396648,2.531704754396648
14.465917110443115,0.5400262883260141,-0.4425524891323551,2.87040810839952,-0.010695397289934133,0.19696167382162644,0.18616633872589414,0.1770000010728836,-0.4522360688911755,-0.4819999933242798,2.3453960274019257,2.545396027401926
14.512306690216064,0.5331374599351612,-0.44060093750722784,2.851214092348531,-0.009290606335429382,0.18848142602789597,0.19128185928416067,0.1809999942779541,-0.45286070625385233,-0.5260000228881836,2.3525221795319546,2.552522179531955
14.561671018600464,0.5262116343426393,-0.43849159969792306,2.8330289072172237,-0.00793411724674795,0.18072907738903154,0.19176659006267452,0.1809999942779541,-0.44434392224622304,-0.5260000228881836,2.3597241199464616,2.5597241199464618
14.617046117782593,0.5192493809482884,-0.43623158338809925,2.8150540251165745,-0.006619814240833481,0.17291778207338382,0.1991714321869154,0.18799999356269836,-0.4524022878706864,-0.4390000104904175,2.366999289875574,2.5669992898755742
14.665322065353394,0.51226968523821,-0.43383428987879663,2.7973180264928854,-0.005345245116240802,0.16503991446927643,0.1868151210949957,0.1809999942779541,-0.4265473014250425,-0.35100001096725464,2.374327672858549,2.574327672858549
14.71575379371643,0.5053880462889436,-0.43133927190150134,2.780677011287183,-0.00413400106779619,0.15782273297556682,0.19674918573037076,0.1850000023841858,-0.4277044100618058,-0.4819999933242798,2.3815917029991636,2.5815917029991637
14.770116090774536,0.48737229563787,-0.42444782956482674,2.738536756428397,-0.0009621743820753778,0.1388913579192912,0.20870241927549524,0.19599999487400055,-0.43127662303743886,-0.4390000104904175,2.4006776802673175,2.6006776802673177
14.812405109405518,0.47466318018798737,-0.422725731413879,2.718262469624076,0.0041965640550958175,0.1318472199191567,0.1935854588860241,0.1809999942779541,-0.42221160956160364,-0.4390000104904175,2.41239992499571,2.61239992499571
14.861515045166016,0.46225289300744227,-0.4209228277606092,2.697807984900618,0.009276296177047363,0.12354518627911616,0.204876001048839,0.19200000166893005,-0.47036465598993776,-0.39500001072883606,2.423784107579353,2.623784107579353
14.915899515151978,0.45469704355927043,-0.41763866457737703,2.6793916783033196,0.010600647038848195,0.1133448427461916,0.21319259017403155,0.20000000298023224,-0.477256104176466,-0.39500001072883606,2.4318341076402303,2.6318341076402305
14.962177753448486,0.44075667246716554,-0.4104621899869338,2.6439724760842305,0.012285522445440945,0.0928221835934342,0.20892695521956178,0.19599999487400055,-0.4348471137400894,-0.4390000104904175,2.447252276389188,2.6472522763891884
15.015493631362915,0.4336930353017081,-0.4065805401202518,2.6267504376257733,0.013022949718190095,0.08287128812995093,0.21346450737606998,0.20000000298023224,-0.4266958718627178,-0.39500001072883606,2.4551864282229734,2.6551864282229736
15.06075143814087,0.4229884905563888,-0.40040200709645957,2.6010507711939153,0.014005912405810771,0.06782880686546733,0.22352737685866586,0.210999995470047,-0.42195543543709,-0.4390000104904175,2.4673630159200393,2.6673630159200394
15.114101648330688,0.4157027429649027,-0.3959853180740888,2.583058356089072,0.014575758776414835,0.056864553256540606,0.2149393397530383,0.2029999941587448,-0.38524248962754704,-0.4390000104904175,2.4757634761952647,2.675763476195265
15.162065029144287,0.40856586868225037,-0.39148007137537943,2.564652433885366,0.015045490777748078,0.04516891407779511,0.2184828458697638,0.2070000022649765,-0.3694602364691337,-0.4819999933242798,2.4840909527812203,2.6840909527812205
15.216043710708618,0.4016962569206777,-0.3872441956209644,2.54582593468392,0.01563150820233834,0.03252817624826898,0.23839164761934517,0.22599999606609344,-0.3773407484081359,-0.4390000104904175,2.4920453700396332,2.6920453700396334
15.266232967376709,0.39344108776573183,-0.3903293212165155,2.4994936971238113,0.022988414381878885,-0.01018425924061406,0.23004625435687573,0.21899999678134918,-0.346870261774987,-0.4390000104904175,2.4968275239035056,2.6968275239035058
15.318795442581177,0.3867785629864312,-0.38583385097365336,2.4827782953626265,0.023320001429720162,-0.02108559834801449,0.2301333850688039,0.21899999678134918,-0.3230866780504615,-0.4390000104904175,2.5047234040628132,2.7047234040628134
15.369622230529785,0.3762831947296834,-0.37756767898509946,2.460657013337231,0.022989494017858714,-0.033959165306080674,0.23776455030650523,0.22599999606609344,-0.2951840718306541,-0.35100001096725464,2.517864928522172,2.717864928522172
15.415722846984863,0.3691093562007387,-0.37171254595118425,2.4460098672505994,0.022670351967851197,-0.04248464295595422,0.23819310280768932,0.22599999606609344,-0.2687328961635299,-0.35100001096725464,2.5269796410495764,2.7269796410495766
15.461318969726562,0.36213112801712877,-0.36584076986909364,2.431279395737921,0.02227386787957185,-0.051413698961823684,0.25350386307221057,0.2409999966621399,-0.25670389914834535,-0.35100001096725464,2.535960581036432,2.7359605810364322
15.518793106079102,0.35490495076190953,-0.3595818326255221,2.4162010639763536,0.02177748409269296,-0.06063289916981818,0.2535424709005324,0.2409999966621399,-0.22488324908256005,-0.35100001096725464,2.545378561285898,2.7453785612858983
15.56145691871643,0.3408067035224315,-0.3468450998961262,2.3933758421229263,0.020555083289703378,-0.07247002050465623,0.24719584209703113,0.23399999737739563,-0.16953088632368596,-0.2630000114440918,2.5641062014403535,2.7641062014403537
15.613243341445923,0.33363888870805825,-0.34016213813026747,2.3825477151664223,0.019850415810257906,-0.0779463968250198,0.2584322001585255,0.24500000476837158,-0.15191050399515224,-0.21899999678134918,2.5737727230800935,2.7737727230800937
15.662590265274048,0.31621038497227527,-0.3292881509017211,2.368321161412284,0.022484824319004105,-0.08167914266449916,0.258425872415644,0.24500000476837158,-0.1659146066158605,-0.21899999678134918,2.5939237988293566,2.793923798829357
15.711345672607422,0.28849703690967954,-0.3120211492899466,2.348502338513628,0.027107320946204334,-0.08651952191398404,0.258394104637378,0.24500000476837158,-0.19672289521529576,-0.13099999725818634,2.6258770489749668,2.825877048974967
15.761285066604614,0.2781191439346723,-0.30141346982103717,2.338787470152398,0.025823326268137676,-0.0900039290206669,0.2655451657408337,0.25200000405311584,-0.17351073448814805,-0.13099999725818634,2.6404963576147495,2.8404963576147497
15.814834356307983,0.2747151434820434,-0.2978888598550074,2.3357801756943584,0.02538775387615428,-0.09103148198950795,0.2814999751660376,0.2680000066757202,-0.17459356590175382,-0.13099999725818634,2.6453262926932406,2.8453262926932408
15.862460613250732,0.26042860841982607,-0.2828819174246385,2.3246143966802606,0.023501312258343593,-0.09423939061369602,0.2696167618654226,0.25600001215934753,-0.1290700716984767,-0.17499999701976776,2.6657655198088164,2.8657655198088166
15.912750959396362,0.25310869856999685,-0.27505013047400634,2.3172844198980975,0.022489970398870896,-0.09770111228753686,0.28066622806686065,0.2680000066757202,-0.1095099562584489,-0.21899999678134918,2.676348748756808,2.8763487487568082
15.956289052963257,0.24583946926548741,-0.2671712793856621,2.3099345598990673,0.021450184197309128,-0.1013468679159244,0.2818041053192161,0.2680000066757202,-0.08306461812892635,-0.13099999725818634,2.6869367982821775,2.8869367982821776
16.00603222846985,0.23838966453402663,-0.2589696675111167,2.3022192921632163,0.020330359573417032,-0.10540000269793781,0.28038473597960356,0.2680000066757202,-0.05440464720065575,-0.21899999678134918,2.697883532876759,2.8978835328767594
16.05599570274353,0.22734166722691304,-0.2465801962604547,2.2917076639046714,0.018574456789289696,-0.11072568153689089,0.2885799604605178,0.2750000059604645,-0.01277615086231116,-0.13099999725818634,2.7142894136331277,2.914289413633128
16.107218265533447,0.21267949860410665,-0.2297516953970722,2.2816582297089374,0.01608740906004929,-0.11434530073835791,0.29600933586292744,0.28299999237060547,0.03814451848858043,-0.13099999725818634,2.7363588032609205,2.9363588032609207
16.155710697174072,0.22225650967543276,-0.22020329158885313,2.281944438967319,0.0025752613779473216,-0.1142142682739915,0.2577066888014524,0.27900001406669617,0.22393914136750645,-0.08699999749660492,2.735800750332138,2.9363588032609207
16.207067489624023,0.2334295672534748,-0.21041213462337657,2.2841857028952837,-0.012197455324063456,-0.11241275573469789,0.26100273519362727,0.28600001335144043,0.42741133241602475,0.0,2.734226746131443,2.9363588032609207
16.25642967224121,0.2306629725729569,-0.20178575049365552,2.2850767215623957,-0.01665433086044306,-0.10934061847351151,0.24813343628931311,0.2709999978542328,0.4642257100394654,0.08699999749660492,2.742144570244117,2.942144570244117
16.31010127067566,0.2234571564147292,-0.1934745409429729,2.287488025621508,-0.017838676847089743,-0.10402611016196373,0.2786810953093407,0.2709999978542328,0.4684514454674585,0.17499999701976776,2.753130087851907,2.9531300878519073
16.35677671432495,0.20564454448974864,-0.17329099106940368,2.3086797083394215,-0.02037347380790285,-0.07629548989815893,0.27647617147834336,0.2639999985694885,0.423169992160006,0.2630000114440918,2.780056106362471,2.980056106362471
16.405164003372192,0.20564454448974864,-0.17329099106940368,2.3086797083394215,-0.02037347380790285,-0.07629548989815893,0.28451601017784406,0.2709999978542328,0.4343904075330977,0.35100001096725464,2.780056106362471,2.980056106362471
16.457018613815308,0.19133521618749674,-0.15789450491757906,2.33967502443113,-0.021697559033638104,-0.04072677121815316,0.2739147615249863,0.25999999046325684,0.3470556166750055,0.39500001072883606,2.801124927099997,3.001124927099997
16.50636601448059,0.18390120581787253,-0.15028250091431875,2.3573537785096814,-0.02206938851597502,-0.020902360545161702,0.277692520922007,0.2639999985694885,0.30784345478878267,0.4390000104904175,2.8118088814039286,3.0118088814039288
16.55539584159851,0.1764463675581083,-0.14291682465556388,2.3750337677996076,-0.022226942021669315,-0.0012188045837788763,0.28015644720295163,0.2680000066757202,0.26472815120377385,0.4819999933242798,2.8223319852912314,3.0223319852912316
16.607358932495117,0.16874985828356032,-0.13557031635784694,2.3916737424926793,-0.02218251673169905,0.017344395347710595,0.2779816557892749,0.2639999985694885,0.2139697472599534,0.35100001096725464,2.833014519460677,3.0330145194606772
16.65618324279785,0.16088875057444893,-0.12831147667209677,2.407925901004949,-0.02194073246611861,0.035422354200636885,0.28894832369327134,0.2750000059604645,0.17271425870088378,0.3070000112056732,2.84375197585573,3.0437519758557303
16.70722198486328,0.14871191239296097,-0.11750623321878437,2.429003386134788,-0.021214776918465336,0.05907059882107912,0.29644685964092027,0.28299999237060547,0.10487981977792331,0.3070000112056732,2.8600696316213106,3.0600696316213107
16.75636124610901,0.13145265944407952,-0.10288588420519199,2.453780500470747,-0.019621993302567912,0.08702060997499261,0.2904900441806174,0.27900001406669617,0.008899971649308728,0.2630000114440918,2.8826959129227188,3.082695912922719
16.805644035339355,0.12259464337050444,-0.09564651827521525,2.4630072968930548,-0.018589485568943957,0.09768036399926938,0.289846284721652,0.28299999237060547,-0.03294309879843871,0.21899999678134918,2.8941198797597525,3.0941198797597527
16.856526851654053,0.11365757176893015,-0.08847297495596054,2.4703402963136685,-0.017438916220310168,0.10633724584239701,0.27342185594616875,0.28299999237060547,-0.07097194569703516,0.13099999725818634,2.9055458718115736,3.105545871811574
16.90769386291504,0.10473423767526194,-0.08141052428894449,2.4766351009631657,-0.016204456543579493,0.11383743559257686,0.2832828475498958,0.28299999237060547,-0.10698782690205057,0.0430000014603138,2.9168790960462103,3.1168790960462105
16.96553373336792,0.08025672836108433,-0.07632022335770312,2.4826372717618677,-0.0026128056931631616,0.1217976018299627,0.29005781758880084,0.28600001335144043,-0.31986232679468307,0.0,2.937882273572345,3.137882273572345
17.013164520263672,0.08025672836108433,-0.07632022335770312,2.4826372717618677,-0.0026128056931631616,0.1217976018299627,0.29661635168478634,0.2939999997615814,-0.3288095091304025,0.0,2.937882273572345,3.137882273572345
17.063861846923828,0.05228129906392602,-0.05690483368484629,2.474242822887526,0.003327022635885442,0.11580242424399234,0.2986442686066928,0.28600001335144043,-0.37984617817755745,-0.08699999749660492,2.971412915897743,3.171412915897743
17.111490964889526,0.04772560393940761,-0.05331517939797587,2.4723533458827154,0.003998124532616967,0.11423680430953899,0.2923491888963295,0.27900001406669617,-0.3742665221302315,-0.17499999701976776,2.977172770232876,3.1771727702328763
17.161869525909424,0.03898502742573419,-0.04637634114878453,2.4647486442666726,0.005253980814905033,0.10718406029357475,0.3071214819891011,0.2939999997615814,-0.38962857679235857,-0.2630000114440918,2.9882593197745946,3.1882593197745948
17.22093677520752,0.02996164500740906,-0.03908678575586742,2.454289631346315,0.00646701215678998,0.09719972546745481,0.2842921621470441,0.28600001335144043,-0.3653698647844798,-0.4390000104904175,2.999792908467107,3.1997929084671073
17.266152381896973,0.011987510478639676,-0.024042309664433645,2.427414007821319,0.008526097286065982,0.07097604410990321,0.3006140246522732,0.2980000078678131,-0.32820710942227627,-0.39500001072883606,3.0231368808056267,3.223136880805627
17.3192298412323,0.0030752771027948017,-0.016247760274170353,2.4132856563657366,0.009314671069285237,0.05702117670107798,0.2989120780166157,0.2980000078678131,-0.29582543687444385,-0.39500001072883606,3.0349489361981226,3.2349489361981227
17.36680555343628,-0.010062360981679737,-0.004357047795533376,2.3918455988403715,0.010196053469285529,0.035644994268309464,0.30086288669681804,0.2980000078678131,-0.24140382350195405,-0.39500001072883606,3.0526460628876686,3.2526460628876688
17.41890239715576,-0.022942060287712493,0.007812606376190375,2.370260495699129,0.010696853716563037,0.013888601148964508,0.29706934227884824,0.2939999997615814,-0.17768349044917667,-0.35100001096725464,3.0703604662591717,3.270360466259172
17.463216304779053,-0.03556039395872443,0.02025310450098374,2.350263104334052,0.010816196481919225,-0.0065164654785556655,0.2857204816786499,0.2980000078678131,-0.11702771983890592,-0.39500001072883606,3.0880841671130628,3.288084167113063
17.514887809753418,-0.03556039395872443,0.02025310450098374,2.350263104334052,0.010816196481919225,-0.0065164654785556655,0.29315315126080727,0.2980000078678131,-0.11702771983890592,-0.3070000112056732,3.0880841671130628,3.288084167113063
17.56749129295349,-0.051935759326611784,0.0371354101102855,2.3253630357254234,0.010434123988328159,-0.03232476212084423,0.27070750584449155,0.28600001335144043,-0.02770344926550297,-0.2630000114440918,3.1116101565174312,3.3116101565174314
17.61364722251892,-0.0600774301170176,0.04584163621893585,2.315483475063636,0.010013540704053721,-0.042825572341294915,0.28069135644163584,0.3019999861717224,0.011759639730812402,-0.2630000114440918,3.1235290326717764,3.3235290326717766
17.666717290878296,-0.06781605612499139,0.05426701701959264,2.306204906846695,0.00949986604778669,-0.05280330891101671,0.26525101690079456,0.28600001335144043,0.04975213414630141,-0.2630000114440918,3.134964301814736,3.334964301814736
17.711491584777832,-0.07924394112372653,0.06698754040954019,2.2954872383239264,0.008527576459004173,-0.06475546930054499,0.2515633818854751,0.2750000059604645,0.09810301236167313,-0.13099999725818634,3.15204769646105,3.3520476964610504
17.76099181175232,-0.09399594490577598,0.08373744983254056,2.291039421197228,0.007003619186757577,-0.07116139245450848,0.2549934124901757,0.27900001406669617,0.1441982778861802,-0.08699999749660492,3.1743307363882103,3.3743307363882105
17.81080198287964,-0.10121161263385847,0.09196045040221412,2.2932054735401626,0.006219827338606258,-0.07010078386948804,0.27238855277655716,0.2680000066757202,0.1488770643982283,0.0430000014603138,3.185249929400719,3.385249929400719
17.86087989807129,-0.10820070675369198,0.09987663758409814,2.2975039351065902,0.0054833024948041705,-0.06696314778529144,0.28091932716162915,0.2680000066757202,0.15301106304676376,0.13099999725818634,3.1957909931529307,3.395790993152931
17.91526460647583,-0.11522707822803883,0.10775976793207977,2.3028259508081783,0.004783764490990161,-0.06289508993824544,0.27313605960741905,0.25999999046325684,0.14961627712435754,0.13099999725818634,3.2063342317549313,3.4063342317549314
17.96063780784607,-0.12213504426680172,0.11542671965414464,2.3096333823484128,0.004142225473963188,-0.05740377923686957,0.2691829854269017,0.25600001215934753,0.14409047615734857,0.17499999701976776,3.2166401297381872,3.4166401297381874
18.010743141174316,-0.12910137409172573,0.1230406638900963,2.3174832920099573,0.003565356026084499,-0.05096301512001933,0.27224354173785525,0.25999999046325684,0.13982269653575288,0.21899999678134918,3.2269493962800584,3.4269493962800586
18.060980796813965,-0.13994458928211564,0.13466959520032448,2.329508673207933,0.002796732171549973,-0.041291863732445755,0.2839402210929894,0.2709999978542328,0.13446593946421365,0.17499999701976776,3.242838202400535,3.442838202400535
18.110846757888794,-0.15486651145045177,0.1502311721045011,2.346105896364544,0.0019920638017709704,-0.028255416951075137,0.2916417726776098,0.27900001406669617,0.11990789342945209,0.17499999701976776,3.264391520601553,3.464391520601553
18.16509509086609,-0.16242875324400574,0.15791363720521068,2.3535488033381857,0.0017008765390795631,-0.02275560681214639,0.2837181456019459,0.2709999978542328,0.1088710343814481,0.17499999701976776,3.2751711479327,3.4751711479327003
18.212900638580322,-0.17993648180953475,0.1683377082248183,2.3594675451774942,0.0062737416863412315,-0.020717271995067232,0.28315497636014564,0.2750000059604645,0.048542448413693894,0.21899999678134918,3.2950430295880375,3.4950430295880377
18.262031078338623,-0.19875309093484966,0.1790575518779555,2.3644450213199772,0.011449375797019356,-0.020289950930334033,0.299817241285204,0.28600001335144043,-0.01711647903380557,0.08699999749660492,3.3161119486094357,3.516111948609436
18.315385341644287,-0.21020433695830437,0.1878882404993666,2.3695882031843722,0.012868275643297384,-0.018534219395527796,0.2948795378457949,0.28299999237060547,-0.036466487180411414,0.13099999725818634,3.330544108110982,3.5305441081109823
18.372823238372803,-0.2183255993748287,0.19577410238109713,2.3741380498803237,0.012657455765486525,-0.01681241000093126,0.30245318737023213,0.28999999165534973,-0.03466733116247806,0.0430000014603138,3.3418982063670737,3.541898206367074
18.41293692588806,-0.230865637142444,0.20783673962081312,2.3807950273620286,0.012350501420672344,-0.014790213128561991,0.307933593169189,0.2939999997615814,-0.028961227775342536,0.08699999749660492,3.359353456669237,3.5593534566692373
18.46116542816162,-0.24798562546583397,0.2240806902057808,2.383099926690425,0.011960618185893078,-0.019363871435218893,0.2929480392352753,0.2939999997615814,0.0013972039859876733,0.0,3.383033863557663,3.583033863557663
18.535502433776855,-0.25673605673117705,0.2323797261762326,2.382693093460244,0.011699184613922487,-0.023562726628537423,0.2869837680926411,0.2980000078678131,0.02404837946632051,-0.0430000014603138,3.3951359126067384,3.5951359126067386
18.5657217502594,-0.2653778949081537,0.2405897819922839,2.382496309787831,0.011384537652246056,-0.027701428450126464,0.281250895675775,0.2980000078678131,0.047535299242033695,-0.0430000014603138,3.4070972540197073,3.6070972540197075
18.61352801322937,-0.27402182853206447,0.24879763728072832,2.381793562185985,0.011024792388867454,-0.032544699674081023,0.2708874153711156,0.28999999165534973,0.07214775759743915,-0.0430000014603138,3.419058227731101,3.619058227731101
18.66090989112854,-0.29116745686348267,0.2651017398257882,2.3808441170286163,0.010141445656267728,-0.042340446142697274,0.26985211118458285,0.2939999997615814,0.1293387739615464,0.0,3.4427953906339055,3.6427953906339057
18.714167594909668,-0.29116745686348267,0.2651017398257882,2.3808441170286163,0.010141445656267728,-0.042340446142697274,0.26985211118458285,0.2939999997615814,0.1293387739615464,0.0,3.4427953906339055,3.6427953906339057
18.76163649559021,-0.3158558666443124,0.28856581282732136,2.3865237587905277,0.008487873599840998,-0.050986843058014486,0.258174043271144,0.28299999237060547,0.19510706361294153,0.0430000014603138,3.476948580973035,3.6769485809730353
18.811959505081177,-0.31991936159764894,0.29239000341231625,2.387620683704051,0.008196436567923735,-0.052431671141672354,0.25416723520584766,0.27900001406669617,0.20446751570276853,0.08699999749660492,3.4825422218428166,3.6825422218428168
18.862967491149902,-0.3276787513935256,0.2996701452455864,2.3915577821858935,0.007616981435245566,-0.05349883094457697,0.2392433493767212,0.2639999985694885,0.21149455809021017,0.08699999749660492,3.4932059549892314,3.6932059549892315
18.91085720062256,-0.3355317661667235,0.306967305070872,2.396248498647771,0.007029778539798197,-0.054076604489638136,0.23126887517856723,0.25600001215934753,0.2218475912647098,0.08699999749660492,3.5039484407497747,3.703948440749775
18.960820198059082,-0.347078709296721,0.3175753182313218,2.4051978268580583,0.006155336440505818,-0.05325404342515094,0.2471743974592447,0.25200000405311584,0.23928661809883542,0.21899999678134918,3.519657605809139,3.719657605809139
19.016840934753418,-0.3618809542355147,0.3308456362623811,2.420108137629365,0.005098038213972642,-0.049428954443813115,0.22586170149888024,0.24899999797344208,0.25651093956496546,0.17499999701976776,3.53957168164371,3.73957168164371
19.06449055671692,-0.3690727455254047,0.3371441034198283,2.429241485496217,0.004619953041293961,-0.04595576364481735,0.23412482620463762,0.2370000034570694,0.24973354650771096,0.21899999678134918,3.5491471863871,3.7491471863871
19.110443592071533,-0.3762791062994367,0.3433341629074743,2.4396524815603753,0.0041812800000980265,-0.04140043910101365,0.23521866981296313,0.22599999606609344,0.24094332633953636,0.2630000114440918,3.5586627453858544,3.7586627453858545
19.16244125366211,-0.38331998794917177,0.3492557547721331,2.451472499353108,0.0037982014158191844,-0.035472193233559324,0.23117627297331955,0.22200000286102295,0.2359519208051434,0.3070000112056732,3.5678782414506682,3.7678782414506684
19.214344024658203,-0.390416630657671,0.3550789759416428,2.4625143433383037,0.0034719954908669437,-0.0305455351931978,0.2419110720220134,0.23399999737739563,0.2500533280696499,0.2630000114440918,3.5770746694551265,3.7770746694551267
19.264649152755737,-0.39769947329383604,0.3609266918700635,2.4723355288470574,0.0031804895552270795,-0.027195541661196643,0.23387917538788697,0.22599999606609344,0.24661493771574353,0.2630000114440918,3.586431651856796,3.786431651856796
19.3180935382843,-0.4085670885036137,0.3694314733086479,2.4885718022492846,0.002808799474364423,-0.02100181621622177,0.24801194650914465,0.2370000034570694,0.2639425142954211,0.3070000112056732,3.600256632254062,3.800256632254062
19.36596441268921,-0.4235115035962921,0.38067162077511907,2.5077126611600815,0.002433923278368752,-0.016464910586936554,0.2324492334617512,0.23399999737739563,0.2773848376953211,0.2630000114440918,3.618990915284301,3.818990915284301
19.411455869674683,-0.424824389861425,0.38684824979101445,2.5198004132999396,-0.0018511071591321108,-0.008184126653977053,0.2083545218697809,0.23000000417232513,0.30786037516422254,0.21899999678134918,3.62363019976032,3.8236301997603204
19.46168804168701,-0.4239794259082937,0.39291009111497804,2.5331182267833507,-0.007296912838247777,0.0028120717853661326,0.21246364831322742,0.2370000034570694,0.3571778513610775,0.21899999678134918,3.626412969772575,3.826412969772575
19.512704849243164,-0.4285489053688375,0.39857872145075973,2.5450548283512133,-0.009337075150328236,0.008834188635042484,0.2054433061678767,0.23000000417232513,0.36444786574225857,0.21899999678134918,3.6333530069463524,3.8333530069463526
19.562782287597656,-0.4473823695335413,0.41106990844605656,2.5722467942630947,-0.00911756202282666,0.015622867574959454,0.20462424092723464,0.22599999606609344,0.3729256659466995,0.2630000114440918,3.6557618497627438,3.855761849762744
19.616320371627808,-0.4473823695335413,0.41106990844605656,2.5722467942630947,-0.00911756202282666,0.015622867574959454,0.1984257503979231,0.22200000286102295,0.3663252227796698,0.21899999678134918,3.6557618497627438,3.855761849762744
19.66157078742981,-0.46219050804228645,0.4203950129556403,2.5941328103034613,-0.008864752225527843,0.020217356553192012,0.2202645747020958,0.210999995470047,0.362537596594078,0.35100001096725464,3.673105081432582,3.8731050814325823
19.712925910949707,-0.46579376000453726,0.4225916201056531,2.6002264817828156,-0.00878866866456105,0.021927397323669773,0.2103601222543402,0.2070000022649765,0.35812417121054035,0.3070000112056732,3.6772867591157032,3.8772867591157034
19.7614963054657,-0.4765415724808123,0.4289736686053935,2.6191558129286876,-0.008529106097191081,0.027365405655800146,0.21889877649568906,0.210999995470047,0.37247059690458434,0.35100001096725464,3.689666642807506,3.889666642807506
19.811220169067383,-0.4910442079622519,0.43713135684074406,2.647105534048678,-0.008064647780695038,0.03606932689785314,0.21116844051671735,0.2029999941587448,0.366389785212561,0.35100001096725464,3.706139790797781,3.906139790797781
19.861682653427124,-0.49834581145792567,0.44103574332874534,2.6610398454870205,-0.007779367419626405,0.039833012979944904,0.21639524236909782,0.2070000022649765,0.37950707858602994,0.39500001072883606,3.714335180102059,3.9143351801020594
19.913509368896484,-0.5057742339259391,0.4448707179275539,2.675582491345218,-0.007457527926395426,0.043684663587170824,0.21249513592652655,0.210999995470047,0.3933386666962484,0.35100001096725464,3.722607511584221,3.9226075115842214
19.97134256362915,-0.5131858845602634,0.44856182182706156,2.689780721413164,-0.007108531643069853,0.04685406315586693,0.21506131753940044,0.2070000022649765,0.39408804006892756,0.39500001072883606,3.7307997839722438,3.930799783972244
20.018666982650757,-0.5207196282040875,0.45218557960996647,2.7035172446045035,-0.00673611833503148,0.04897214616474832,0.21338129675309203,0.2070000022649765,0.40525215695746275,0.39500001072883606,3.739071088484165,3.939071088484165
20.060053825378418,-0.5401759512823,0.4609487168130843,2.7416087172263466,-0.005708803401619388,0.05507180296383751,0.21218212271646586,0.2150000035762787,0.452543363667548,0.39500001072883606,3.76018565572482,3.9601856557248203
20.10794472694397,-0.544136555218038,0.4626231519838423,2.749423186549801,-0.005486845256786845,0.05599993878351306,0.21115656893622256,0.2150000035762787,0.46013539045358615,0.39500001072883606,3.764443166979636,3.964443166979636
20.15555500984192,-0.556226260727716,0.46750915785065933,2.7738225538024683,-0.004792323690893352,0.05852719677492235,0.21092003246598728,0.210999995470047,0.475939547554973,0.4390000104904175,3.7773517402067514,3.9773517402067515
20.20581603050232,-0.5642648644042003,0.47056520502022625,2.7902334887277576,-0.004315965207404513,0.05966066955700722,0.21539236348662788,0.2150000035762787,0.5033979293952711,0.4819999933242798,3.7858693406874746,3.985869340687475
20.256702423095703,-0.5722007876308877,0.4734380540943222,2.8074347380707603,-0.003844462206862776,0.06114918754887011,0.20879353832219866,0.2070000022649765,0.5019952055897352,0.4819999933242798,3.794232124235153,3.994232124235153
20.308631896972656,-0.5801101558489169,0.47614554516890123,2.8242238276943787,-0.0033647776439382836,0.06164638685669033,0.2005982055084244,0.2029999941587448,0.5115818054003846,0.4390000104904175,3.802519692727981,4.002519692727981
20.35556936264038,-0.5961384794782743,0.481176048984586,2.8590333086012056,-0.0023974536606153687,0.06132664918212738,0.20820050803382142,0.210999995470047,0.5761054837830422,0.5260000228881836,3.819190468617336,4.019190468617336
20.4052631855011,-0.5961384794782743,0.481176048984586,2.8590333086012056,-0.0023974536606153687,0.06132664918212738,0.20283629739110517,0.2070000022649765,0.5651840711289686,0.4819999933242798,3.819190468617336,4.019190468617336
20.45893669128418,-0.6201455247575864,0.4875421261488363,2.914753070540747,-0.0010037043665795413,0.058596062543826655,0.19850136491377623,0.2070000022649765,0.6352931158236929,0.4819999933242798,3.843893148867553,4.043893148867553
20.506571531295776,-0.6243353738495335,0.4885091641379374,2.9250417820369097,-0.0007753602700643645,0.05789181895600492,0.2038909546675222,0.2150000035762787,0.6727936223870838,0.4819999933242798,3.848178056798536,4.048178056798536
20.555471897125244,-0.6323535429312097,0.4902257685838517,2.9461964391896864,-0.0003429077040576034,0.057330677852146295,0.19962647580432902,0.2070000022649765,0.6695286235802667,0.5699999928474426,3.856354545621229,4.056354545621229
20.60700821876526,-0.6371963494898772,0.4899300440819649,2.967573665003596,0.0011250662223086752,0.06596465526322826,0.19749972988643205,0.20000000298023224,0.6309010961643462,0.5699999928474426,3.860984065165987,4.060984065165987
20.65672254562378,-0.6408634109899747,0.4854790439403784,3.0162697755544525,0.006311177966870005,0.1075006649470791,0.20385962103159405,0.19599999487400055,0.5002058673434554,0.6140000224113464,3.8635332967390696,4.063533296739069
20.7065532207489,-0.6523885940108367,0.4867894352340822,3.0532307808101398,0.0074992942067577985,0.11004819945739808,0.196544401717339,0.18799999356269836,0.49522549933523397,0.6140000224113464,3.8753102058858344,4.075310205885835
20.755790948867798,-0.6637949454163122,0.487658933872768,3.090011927373118,0.008690931554987198,0.11046405648635416,0.1962461745451873,0.18799999356269836,0.5117326652050485,0.6140000224113464,3.886982653555629,4.086982653555629
20.807013034820557,-0.6676298472412951,0.4878569395630472,3.1020268773100446,0.009089942863919436,0.10970659501121506,0.1965393669548609,0.19200000166893005,0.5293262102881879,0.5699999928474426,3.8909154712400613,4.090915471240061
20.855412244796753,-0.678924942518652,0.488170969138119,3.137459149947547,0.010240964919030444,0.10582053091089973,0.19609079242332175,0.19200000166893005,0.5499954052539715,0.5699999928474426,3.9025371927630816,4.102537192763082
20.92381978034973,-0.6827649106709314,0.4881868452725397,-3.134488694781873,0.010619981781390097,0.10309277029442422,0.19590834440994445,0.19200000166893005,0.5589229189855045,0.5699999928474426,3.906504122161876,4.106504122161876
20.95594596862793,-0.6982788890412089,0.48780472797286023,-3.089131463483138,0.012033736023737297,0.08878865771986912,0.19916002813024977,0.19599999487400055,0.609118011978623,0.6140000224113464,3.9226371691847994,4.1226371691848
21.005805015563965,-0.706185853464212,0.4873516914950267,-3.0676361050420247,0.012646520949770035,0.07783084727441938,0.19226011279869507,0.19200000166893005,0.6200448116965954,0.5699999928474426,3.9309341166238347,4.130934116623835
21.05603814125061,-0.7179031451251859,0.486355101804711,-3.0343946962202053,0.013394274602954084,0.06040510735046922,0.1945247775730304,0.19599999487400055,0.6663457292354,0.6140000224113464,3.943331276099901,4.143331276099901
21.10833239555359,-0.7296586151669159,0.48494733074803636,-2.999701326933768,0.013935158096308027,0.0412625506261004,0.18671000963436682,0.19200000166893005,0.6833829546967018,0.5699999928474426,3.9558955615878095,4.155895561587809
21.158958435058594,-0.7334600504192367,0.48440430468496126,-2.9879983429771517,0.014059075869629158,0.034952238873985575,0.19036516882197774,0.20000000298023224,0.7212292373036928,0.5699999928474426,3.9599855243082867,4.159985524308286
21.206411838531494,-0.743414787076754,0.48471223894941,-2.9578295953141454,0.01234495248575843,0.01818264525746871,0.18541153844944358,0.1850000023841858,0.7026648785427755,0.6579999923706055,3.970417050022741,4.170417050022741
21.25647807121277,-0.7519932701420973,0.48597449133091225,-2.930645142622728,0.009522430083262184,0.005585113112326123,0.18287879078945493,0.18799999356269836,0.7480590352672871,0.6140000224113464,3.9790509592185654,4.179050959218565
21.306557655334473,-0.7593556073471082,0.4843481854672467,-2.9067425062200414,0.009474323025325377,-0.007437252774026516,0.1752470230477907,0.1850000023841858,0.7482621820944045,0.5699999928474426,3.986941881955124,4.186941881955124
21.35720467567444,-0.7665999508931469,0.4825681296006569,-2.881752047104629,0.0093265783274191,-0.019427936162829784,0.18116334813375776,0.1850000023841858,0.7572152666289699,0.6579999923706055,3.9947482222808395,4.19474822228084
21.408311128616333,-0.7770574128942831,0.47964120089918083,-2.842734667674962,0.008963577503844767,-0.03461146149078953,0.18275491323930287,0.1850000023841858,0.7640609572038016,0.7459999918937683,4.006098602106942,4.206098602106942
21.456775903701782,-0.790648427338329,0.4751360285856455,-2.7863357480443214,0.008260424111834527,-0.04958221306942301,0.17999753676846839,0.1809999942779541,0.7447531844042136,0.7900000214576721,4.021013326348043,4.221013326348043
21.50591230392456,-0.7972691177943356,0.47262793304220996,-2.758559762692772,0.007834245171516568,-0.05674558701518251,0.1761623522268161,0.17299999296665192,0.7093552831232763,0.7020000219345093,4.0283646373093065,4.228364637309307
21.55538272857666,-0.8038170651865917,0.4699356380119432,-2.730109918378499,0.007360241844195334,-0.06284291285792643,0.1786371898509865,0.1770000010728836,0.7211611747213241,0.7459999918937683,4.035690902370055,4.235690902370055
21.605966091156006,-0.8078905298308298,0.46806547446478214,-2.703784595988678,0.007114914192288416,-0.05814255365540122,0.17623138368340363,0.17299999296665192,0.6873961758598016,0.7900000214576721,4.040323998056067,4.240323998056067
21.65541362762451,-0.8090111087304136,0.46725065115611103,-2.680034292202884,0.007293781239792066,-0.04099180146122716,0.18373001324630883,0.1809999942779541,0.6845399697546007,0.7900000214576721,4.041746061201789,4.241746061201789
21.70790147781372,-0.8110216123917654,0.4659042350868516,-2.655533537140241,0.007491411671074486,-0.02803687508882735,0.1826267924289239,0.1770000010728836,0.6395034680799471,0.7459999918937683,4.044242920953586,4.244242920953586
21.756852865219116,-0.8232493124892439,0.4590904576466578,-2.596132079367154,0.006949237666007107,-0.034234091704242076,0.18393595264263232,0.1770000010728836,0.6162812723885223,0.7459999918937683,4.0587068845106025,4.258706884510603
21.806694507598877,-0.8322477161337059,0.45345145158627737,-2.5527394237647916,0.006482334348762556,-0.03869514681536046,0.17892876440260608,0.16899999976158142,0.571774607290654,0.6579999923706055,4.069638396955379,4.269638396955379
21.8557231426239,-0.8381715261216645,0.4494300008592521,-2.5239355117548636,0.006147139127118887,-0.041103886242619854,0.18871007254145156,0.1809999942779541,0.5998132777019823,0.7020000219345093,4.076985320856574,4.276985320856574
21.907668113708496,-0.8439769819902792,0.4452396470389371,-2.4963405268776384,0.0057978206069498614,-0.04383571874103254,0.1892146158367106,0.1809999942779541,0.5883197375491073,0.7020000219345093,4.084318087045489,4.284318087045489
21.956555604934692,-0.849414196523473,0.4410898756557654,-2.4706144966944596,0.005446926915043743,-0.046235154651139254,0.18347537811316098,0.17299999296665192,0.5520137295978691,0.6140000224113464,4.091307626587141,4.291307626587141
22.00675630569458,-0.854930130581429,0.4366515600334816,-2.4456495885599345,0.005065899706513708,-0.04948027018584833,0.19643832401031452,0.18799999356269836,0.5903786596664511,0.6140000224113464,4.098525731957651,4.2985257319576515
22.056126594543457,-0.8690253505230553,0.42829179964780495,-2.3915064765005605,0.001162351166659701,-0.05519733794348802,0.1905524665153147,0.1809999942779541,0.571275396113587,0.6140000224113464,4.114631332995246,4.314631332995246
22.106356143951416,-0.8746068222969032,0.42423037189034996,-2.3696422995055966,-0.0001298067242407732,-0.05731473568314538,0.1945985758609426,0.1850000023841858,0.5827011725633974,0.5699999928474426,4.12142807244008,4.32142807244008
22.15630292892456,-0.8800744287953761,0.4188373036040257,-2.345545852866259,-0.0006199834604227645,-0.05932985653094258,0.20045781194577797,0.19200000166893005,0.5955114003473251,0.5699999928474426,4.129082712793923,4.329082712793923
22.205700874328613,-0.8854707459664601,0.41326098870905525,-2.3227257526452734,-0.001134502899127412,-0.0618993613454597,0.20360202296781937,0.19599999487400055,0.6003689100439892,0.6140000224113464,4.136803490773938,4.336803490773939
22.25710892677307,-0.8907415585165209,0.40756583174676303,-2.301285293103248,-0.0016693885416504898,-0.06488387920038718,0.20024833579087128,0.19200000166893005,0.5824434933352521,0.5699999928474426,4.1445109295127445,4.344510929512745
22.307153463363647,-0.8959418188964028,0.4016988460876429,-2.2795778396844035,-0.0022299658936017373,-0.06689986526883329,0.20032206890770324,0.19200000166893005,0.575844218632758,0.5699999928474426,4.152284757472795,4.352284757472795
22.35654926300049,-0.9085955776613761,0.3889812599055483,-2.2319843648763187,-0.005203922692945567,-0.06956695323602258,0.20762340938235524,0.20000000298023224,0.5984052361706137,0.5699999928474426,4.16979315222863,4.36979315222863
22.40557861328125,-0.9138060881567242,0.3873542854875639,-2.2185356344067118,-0.008645647811263781,-0.0674434364780443,0.20262985130366445,0.19599999487400055,0.604237905156459,0.5260000228881836,4.173951674025357,4.373951674025357
22.456182956695557,-0.9188573488216456,0.3839612647045738,-2.201875862876496,-0.011050532129895084,-0.06527735034627911,0.2114218068456647,0.2029999941587448,0.633114997942276,0.6140000224113464,4.179398749528332,4.379398749528332
22.507396459579468,-0.9236231278036369,0.3773624315974351,-2.179456631002589,-0.01161910322370618,-0.06318634639108023,0.20779843709159554,0.20000000298023224,0.6124953285184286,0.5699999928474426,4.187288462984057,4.387288462984057
22.555686235427856,-0.9282247972053052,0.37067241008894225,-2.156501523272119,-0.012161724085924253,-0.0597699196120125,0.22054005644832286,0.210999995470047,0.6321448973981805,0.6140000224113464,4.195158016012587,4.395158016012587
22.608989000320435,-0.932758532603266,0.3637441391627581,-2.132779692769872,-0.012684403705805484,-0.055236509939068146,0.21283670062259252,0.2029999941587448,0.5927937370096594,0.6140000224113464,4.203183088777147,4.403183088777147
22.65582537651062,-0.9434839826150497,0.3457630987211486,-2.0736871781572135,-0.01381865818465563,-0.04167013877990566,0.2245327258891943,0.2150000035762787,0.5834373977440791,0.5699999928474426,4.223488168449283,4.423488168449283
22.707631826400757,-0.9486129975213646,0.33150128659871186,-2.0500513542095673,-0.012296280551168085,-0.04848866985819367,0.22555597922468426,0.2150000035762787,0.5660239467090143,0.5699999928474426,4.238170214733549,4.43817021473355
22.757256507873535,-0.954032305382595,0.31460589280526136,-2.0272253151825814,-0.01046391932270642,-0.05914166163579471,0.2259711169747678,0.2150000035762787,0.5524438064862613,0.6579999923706055,4.2554381229446925,4.455438122944693
22.806421279907227,-0.958539337201969,0.3026915229853364,-2.0030080913462127,-0.0101564540386126,-0.057740244296873744,0.23284573455356047,0.22200000286102295,0.5521082737282313,0.6579999923706055,4.2679378072974385,4.467937807297439
22.855553150177002,-0.962154309067543,0.2947342582994409,-1.9788099549710187,-0.010676141065603996,-0.04855158126097736,0.23698983269762186,0.22599999606609344,0.5393406699936929,0.6140000224113464,4.276506000517607,4.476506000517607
22.90739130973816,-0.9656065835151951,0.28661812808532205,-1.954801414064801,-0.011117735416168964,-0.039213543550528966,0.2264428240421844,0.2150000035762787,0.49079342359449657,0.5699999928474426,4.285155037988743,4.4851550379887435
22.956361293792725,-0.9721099208576532,0.26964294679989,-1.9062586399205912,-0.01176553286328847,-0.01951772846635813,0.24420167712494076,0.23399999737739563,0.4817726608995908,0.6140000224113464,4.302992462971978,4.502992462971978
23.005653619766235,-0.9765010073924408,0.25656080999188136,-1.87108753526835,-0.012018765250536538,-0.005111250453061934,0.23801089407358067,0.22599999606609344,0.42673186992550727,0.5260000228881836,4.316542873598554,4.516542873598554
23.05620002746582,-0.9748036681064854,0.24283391306748425,-1.8479800032420983,-0.006518516797150315,-0.00039625573239043815,0.24692841545411698,0.2370000034570694,0.36737623105063116,0.5699999928474426,4.32906311412671,4.529063114126711
23.10683798789978,-0.9734138631091513,0.23809769966568495,-1.8424374249806303,-0.0038998047712604637,-0.0008011241806780145,0.24847885142432571,0.2409999966621399,0.3417657306326786,0.5260000228881836,4.333216114995333,4.533216114995334
23.156050205230713,-0.9757766072509649,0.2195151100156214,-1.8110533064019851,-0.0014444562231538843,0.004957105239181248,0.23614050213875595,0.23399999737739563,0.28006522553035096,0.4390000104904175,4.351718493177471,4.5517184931774715
23.207086324691772,-0.9769616332739619,0.21467813911005473,-1.802381247138081,-0.0014364145778590284,0.006967792551879849,0.24014279954715886,0.2370000034570694,0.27619166070854134,0.39500001072883606,4.356688897781876,4.556688897781876
23.256423711776733,-0.9801277853979117,0.2007333828934172,-1.7782437865651364,-0.0013518992327433794,0.012462748247291211,0.24736621262873004,0.2370000034570694,0.2553247806800746,0.3070000112056732,4.370962534906515,4.570962534906515
23.30605459213257,-0.9820672458165082,0.19135185236304686,-1.7636626120103376,-0.001256439454048657,0.014920768805152695,0.25558497698941385,0.24500000476837158,0.25249692343541397,0.3070000112056732,4.38052621521211,4.58052621521211
23.357726573944092,-0.984706128691009,0.17735865465326323,-1.7461220153056398,-0.0010772297543223616,0.014937689172461745,0.2511810830139302,0.2409999966621399,0.24061599363857766,0.2630000114440918,4.394744660934496,4.594744660934496
23.406656742095947,-0.9871629687685914,0.1631089670465331,-1.732173510296581,-0.0009201760305841938,0.011639009795680888,0.21706559975754405,0.2409999966621399,0.24179331646445326,0.17499999701976776,4.409186687643438,4.609186687643438
23.456313848495483,-0.9882361790585448,0.15022454391781498,-1.7183948988216353,0.00014397823326777539,0.010451785244780742,0.23256475347323965,0.24500000476837158,0.2321193809883034,0.21899999678134918,4.422066098555372,4.622066098555372
23.505971431732178,-0.9863220183249943,0.14491692937807174,-1.7078601934424265,0.0028556578511187386,0.015324654061415366,0.23741281942962567,0.2370000034570694,0.1799955286173697,0.21899999678134918,4.427022452911376,4.627022452911376
23.55592918395996,-0.9850166155492629,0.13859041433553332,-1.697499081308419,0.005085391732820368,0.018794020891637286,0.23019280662504008,0.24500000476837158,0.14888068035359342,0.13099999725818634,4.4331124715044865,4.633112471504487
23.605823278427124,-0.9861905162831723,0.12924383443638426,-1.6898520173846325,0.0052290451310142835,0.01586266256372615,0.23995619695472167,0.2370000034570694,0.14728776447346004,0.21899999678134918,4.442585755388984,4.642585755388984
23.657543182373047,-0.9872792288418789,0.11996753531988821,-1.6812532308957384,0.005349611180888612,0.014127808684791132,0.24043319693779733,0.2370000034570694,0.14829318296012534,0.21899999678134918,4.451979678683964,4.651979678683964
23.708258867263794,-0.9887509143213888,0.10610550110021816,-1.668456040416897,0.005505823004839861,0.011760741971164057,0.22771607720328327,0.23399999737739563,0.14816828531761508,0.17499999701976776,4.466000797902923,4.666000797902923
23.756029844284058,-0.9904832448353172,0.08726518708521161,-1.6538686226453794,0.005649863653254104,0.006192748318561092,0.2312254703978011,0.2409999966621399,0.16254170218227423,0.17499999701976776,4.485032357167233,4.685032357167233
23.805628299713135,-0.9912599410216658,0.07773683530134531,-1.6456849866300047,0.005677674057107695,0.004349954751166952,0.22491775380082138,0.2370000034570694,0.1634261483158939,0.13099999725818634,4.4946500146996655,4.694650014699666
23.856367826461792,-0.991956820780719,0.06828249719475432,-1.6382607852703597,0.005684576734866247,0.0019225579298396411,0.22465047140004205,0.2370000034570694,0.1689236028238302,0.13099999725818634,4.504186042992548,4.704186042992548
23.905953645706177,-0.991483183893699,0.058119719209092015,-1.6288866323753608,0.006808919520653806,0.0008691788280803525,0.22935646794121672,0.2370000034570694,0.15821960065491514,0.13099999725818634,4.514362683102363,4.7143626831023635
23.956512212753296,-0.9894710574501218,0.0472473923569347,-1.6180737767723024,0.00939895021237137,0.0006569254014523462,0.23773310306361065,0.23399999737739563,0.1267770634019327,0.17499999701976776,4.525201322122614,4.725201322122614
24.00661826133728,-0.9879685583561553,0.03694347348561642,-1.6089361960183874,0.011339990448853646,-0.0006575722350083968,0.23908662625426194,0.23000000417232513,0.10592364728017573,0.13099999725818634,4.535540179170842,4.735540179170842
24.056206703186035,-0.9886999619153047,0.014115378796600152,-1.5943844442200812,0.011199267260700085,-0.009306218810623658,0.23705402323642744,0.23000000417232513,0.13035526059150632,0.13099999725818634,4.558641233608644,4.758641233608644
24.105863571166992,-0.988905322462152,0.004917685208753589,-1.589366680639223,0.011082449848865281,-0.013597150285275639,0.223950738180602,0.22599999606609344,0.14072695678107766,0.08699999749660492,4.567944752137906,4.767944752137907
24.155994415283203,-0.9890641464429905,-0.004280957331432932,-1.5847581198107188,0.010926594296139378,-0.018290035434989308,0.23253994787035734,0.23000000417232513,0.157730233617722,0.13099999725818634,4.577245867551556,4.777245867551557
24.215830326080322,-0.9891805356009348,-0.013480216523848947,-1.5797549821755852,0.01072760024469025,-0.022591209505211426,0.2293700538977621,0.23000000417232513,0.17211061772749495,0.13099999725818634,4.586544478959311,4.7865444789593115
24.259604454040527,-0.9892568877810353,-0.022439884445530148,-1.5748222679010366,0.010488508554143927,-0.026728583984782842,0.21553313528986623,0.22599999606609344,0.1835476205944078,0.08699999749660492,4.595597532070333,4.7955975320703335
24.308330297470093,-0.9892775415810183,-0.03155987133316626,-1.569672399957482,0.010218660816414649,-0.030833700732088243,0.22885999731814288,0.22599999606609344,0.19856634246680838,0.17499999701976776,4.604809399697906,4.804809399697906
24.356356859207153,-0.9891303972793893,-0.0539391698615966,-1.554186785775487,0.009395570961106985,-0.038197646065612156,0.21138161553867157,0.22200000286102295,0.22824574505075165,0.13099999725818634,4.62739860293908,4.8273986029390805
24.40570855140686,-0.9876731643289396,-0.06118365405116759,-1.5483123207239282,0.01042620835098442,-0.03986574014968447,0.21447806882348636,0.210999995470047,0.21237143500803732,0.17499999701976776,4.634790744817292,4.834790744817292
24.456268548965454,-0.9850391531205832,-0.06713648314997303,-1.5425286933588742,0.012664829405788669,-0.040427831695835074,0.2226692680801007,0.21899999678134918,0.19964395924603706,0.17499999701976776,4.64097653615858,4.84097653615858
24.506755590438843,-0.9832276510285608,-0.07398626661051025,-1.5360811539757497,0.013976571327889223,-0.041262076560038,0.22907781762844404,0.22200000286102295,0.19275680310773236,0.21899999678134918,4.648036341977389,4.848036341977389
24.55569863319397,-0.9829169095315692,-0.08250058458857426,-1.5283582922063277,0.01360202423121064,-0.04250739746342358,0.21215480718820484,0.2150000035762787,0.19746781382670678,0.13099999725818634,4.6566717890263325,4.856671789026333
24.60696315765381,-0.9825332773172014,-0.09109201624698604,-1.5208367601896873,0.013216170802991334,-0.0441185699409925,0.20924355190794497,0.2150000035762787,0.2095175683325203,0.13099999725818634,4.665385605694307,4.865385605694307
24.656975746154785,-0.9812786901621718,-0.11279548404887152,-1.5027475299104485,0.012172458039001714,-0.049516653855257164,0.21052969767374666,0.21899999678134918,0.2496636381159134,0.17499999701976776,4.687398831853213,4.887398831853213
24.70750093460083,-0.9806849240070008,-0.12129475178908439,-1.4958115105233567,0.0117253515493286,-0.05196586834779304,0.2001365076583143,0.2150000035762787,0.2608184229250593,0.13099999725818634,4.696019254588498,4.896019254588498
24.75570821762085,-0.9800308027545337,-0.12978960974123016,-1.488527048581245,0.011258323525375506,-0.054187396672128914,0.21582631758708545,0.210999995470047,0.27148633891208235,0.2630000114440918,4.704635713452651,4.9046357134526515
24.807276725769043,-0.979322551319292,-0.13819983509984862,-1.480704766130657,0.010775803227543582,-0.05590566057463353,0.21343511680670557,0.210999995470047,0.2864439844769223,0.2630000114440918,4.713167038660763,4.913167038660763
24.856318712234497,-0.9785645881332825,-0.1463847905806739,-1.4711926264411919,0.01029639342114008,-0.05581567477476623,0.20690036459278605,0.2029999941587448,0.286494410066959,0.2630000114440918,4.721472320505279,4.921472320505279
24.907391786575317,-0.9777315151988597,-0.1545423495589454,-1.461072854584364,0.00981772051012653,-0.05523638477860704,0.20553066449256271,0.2029999941587448,0.29678038853836164,0.2630000114440918,4.729754294743291,4.929754294743291
24.955763816833496,-0.9752268220793643,-0.1752508348579922,-1.4348773650990396,0.008629591151280296,-0.05400682961890602,0.20366523480615917,0.210999995470047,0.33789536538416076,0.2630000114440918,4.7508105393469755,4.950810539346976
25.007248878479004,-0.9740837444270029,-0.18345152275936671,-1.424579556907663,0.00816183557132718,-0.053925325601590794,0.20162227658699103,0.210999995470047,0.35125576822163,0.2630000114440918,4.759163105046193,4.959163105046193
25.055958032608032,-0.9728549119170277,-0.1916397949922005,-1.4144832251865207,0.007695320143451502,-0.05424405703305912,0.1959839148005655,0.2029999941587448,0.3520869803148514,0.2630000114440918,4.76751252059558,4.96751252059558
25.10764217376709,-0.9715440160324041,-0.1998153360285265,-1.4032806126096635,0.0072247879452458546,-0.05365844818200771,0.20008531636446308,0.20000000298023224,0.3595979693988775,0.3070000112056732,4.775858349577495,4.9758583495774955
25.15593934059143,-0.9701859872476712,-0.2076991887317723,-1.391905901392952,0.006778528260428755,-0.05275559437103672,0.19805945255743584,0.20000000298023224,0.3716509138549725,0.3070000112056732,4.78391919887136,4.9839191988713605
25.206523895263672,-0.9687383838086944,-0.2155670746475055,-1.3795064609736525,0.006338597289751809,-0.05104683692359547,0.19112120758948867,0.19200000166893005,0.3672851236578002,0.3070000112056732,4.791977184774591,4.9919771847745915
25.25914692878723,-0.964693028805375,-0.23496876706462405,-1.3433467680894795,0.00533989901697891,-0.04241445126556398,0.20453976332456256,0.20000000298023224,0.40262359860531305,0.39500001072883606,4.8119321728787705,5.011932172878771
25.306801557540894,-0.9629130784710175,-0.24252179747369282,-1.3291623148727334,0.004998464880225906,-0.03945035249215278,0.1948435044947284,0.19599999487400055,0.40364413997827087,0.35100001096725464,4.819742635731952,5.019742635731952
25.356234073638916,-0.9610467937996541,-0.2499715394926451,-1.3147424274126576,0.004681482605533831,-0.03640760805422971,0.19294375707861916,0.19599999487400055,0.4128209048047033,0.35100001096725464,4.8274711407532624,5.027471140753263
25.408347129821777,-0.9590554388992918,-0.2574716318590227,-1.2991712238524116,0.004380452416166509,-0.03261284831010691,0.19084532271240617,0.19599999487400055,0.42117050915562554,0.35100001096725464,4.835278653639429,5.03527865363943
25.45592761039734,-0.9569618172994564,-0.2648606773235085,-1.2830708517280902,0.004118697825477037,-0.02847593044515384,0.1894498098239726,0.1850000023841858,0.404928959389748,0.39500001072883606,4.8430049927368355,5.043004992736836
25.50757074356079,-0.9547487917967553,-0.27223574247564836,-1.267796664698473,0.0038814980221937765,-0.02551106000798664,0.19200152165253223,0.19200000166893005,0.4306378536832614,0.39500001072883606,4.850750557477442,5.050750557477442
25.55560851097107,-0.9391166093646696,-0.2953889248581024,-1.2121956126525852,0.01059137522398427,-0.01643024572014928,0.18663629905975318,0.19200000166893005,0.4071573655984102,0.39500001072883606,4.878211199967169,5.0782111999671695
25.606895685195923,-0.9344826393456861,-0.303530000900116,-1.1923487353633158,0.011841864320120339,-0.013796387001220989,0.1874815219084445,0.18799999356269836,0.4032811145740983,0.4390000104904175,4.887688222901705,5.087688222901705
25.657198905944824,-0.931674260057844,-0.3105058332245434,-1.1751171606876472,0.011716307619415863,-0.011018443924984078,0.18528392598901977,0.18799999356269836,0.416999449964533,0.4390000104904175,4.895377401948544,5.095377401948544
25.70707392692566,-0.9302250403188433,-0.31397531704239473,-1.1663532324287798,0.011660984290457012,-0.00965789661688743,0.18026891048649063,0.1809999942779541,0.4083030692253975,0.4390000104904175,4.899223527101988,5.099223527101988
25.761791706085205,-0.9257811434235633,-0.3241248254196417,-1.1409667837511686,0.01152168717703276,-0.006794528919840781,0.17697775021780204,0.1809999942779541,0.4312254831794905,0.4390000104904175,4.910563729099825,5.110563729099825
25.81230926513672,-0.9195267524431211,-0.3373387806768245,-1.1074971495071944,0.011373722875349128,-0.004812614252989178,0.16667253306094643,0.1770000010728836,0.455957667097951,0.39500001072883606,4.925543419985965,5.1255434199859655
25.862194299697876,-0.9179089406813562,-0.34057716367099705,-1.0996064892809874,0.011341653779763785,-0.005053213705423332,0.173381311672011,0.1770000010728836,0.46596815850496964,0.4819999933242798,4.929255572281036,5.1292555722810365
25.919005393981934,-0.9129595244094616,-0.3500632602258797,-1.074070596999422,0.011259581034878813,-0.004378431999224608,0.16956772995402372,0.1809999942779541,0.5046188465798274,0.4390000104904175,4.94023615519179,5.14023615519179
25.962270975112915,-0.9061689872098626,-0.3622138355705034,-1.040404367904259,0.011141941055685332,-0.005045605081108073,0.16704320990353233,0.1770000010728836,0.5327090117465418,0.4819999933242798,4.95454019790322,5.15454019790322
26.012385606765747,-0.9026453843688821,-0.36816949052631365,-1.0234879709379994,0.011071934932885255,-0.006092433699166566,0.16129486732209167,0.16899999976158142,0.5285950864190672,0.4819999933242798,4.9616593988244055,5.161659398824406
26.06372332572937,-0.8989371756064893,-0.3742006518634305,-1.0053351628792773,0.010989774472038055,-0.006982448911997841,0.1604001016994102,0.16899999976158142,0.5486448502157533,0.4819999933242798,4.968949023310914,5.1689490233109145
26.114457845687866,-0.8952007009795933,-0.38002507669950203,-0.9871986580550941,0.010909254700895073,-0.008123338337764907,0.15942088057139392,0.16899999976158142,0.5684454774658818,0.4819999933242798,4.976079663028611,5.176079663028611
26.167446613311768,-0.8914841384116308,-0.38559967575881765,-0.9700923223976761,0.01082008989486139,-0.010348859371243746,0.15832957077450946,0.16599999368190765,0.5787280752990566,0.5260000228881836,4.98298911952626,5.18298911952626
26.216634511947632,-0.885866842278894,-0.39362960753503545,-0.9418352467202453,0.010670590009833798,-0.011585204891570444,0.15296284322247763,0.15800000727176666,0.5752829033903069,0.5260000228881836,4.993104955794168,5.193104955794168
26.268123149871826,-0.8762495843778246,-0.4032359004878233,-0.8965280283762929,0.012352866380923063,-0.009531195123476888,0.1528069573994793,0.15800000727176666,0.5882377684397532,0.5260000228881836,5.00709307575095,5.20709307575095
26.318978309631348,-0.8653334716484361,-0.40630081540470453,-0.8597374028802095,0.018729794503765954,-0.005099931805047531,0.15477071432416092,0.15399999916553497,0.5405728532636521,0.5699999928474426,5.01697273516309,5.216972735163091
26.361212730407715,-0.8548835056190855,-0.40918161656474655,-0.8245217159481256,0.024569628344359978,-0.0037535097777366966,0.15531546689229966,0.15399999916553497,0.5120814964784272,0.5699999928474426,5.02684008010501,5.22684008010501
26.413466691970825,-0.850675827309978,-0.413680455956838,-0.802218292856516,0.02450782150833791,-0.005536107558503756,0.14731583988891922,0.1469999998807907,0.5008421287593356,0.4819999933242798,5.033590725894917,5.233590725894917
26.461620569229126,-0.8465121614438357,-0.41794477244996864,-0.7796006628807557,0.02443251805975724,-0.006999985932706565,0.14679851302996577,0.14300000667572021,0.4971022540085386,0.5260000228881836,5.0401395849490696,5.24013958494907
26.526094675064087,-0.8423069495428365,-0.42205442353386635,-0.7576685261808416,0.024353149069598908,-0.00958168849887664,0.14646800426019807,0.14300000667572021,0.5073488707521041,0.5260000228881836,5.046617041969623,5.246617041969623
26.562803506851196,-0.8317086258049252,-0.4316520998407785,-0.7033544607497615,0.024084145074870108,-0.018015827767923098,0.14141010619092148,0.13500000536441803,0.5006810339544623,0.5260000228881836,5.062435306693938,5.262435306693938
26.612134218215942,-0.827327885412384,-0.43532997308720556,-0.6829989417404531,0.023934529814585524,-0.023968554343227092,0.13984838143530484,0.13899999856948853,0.5260678088090338,0.4819999933242798,5.0687844624740945,5.268784462474095
26.66162633895874,-0.8228721553435326,-0.43891656360336434,-0.6625191143918218,0.02375073178398458,-0.03044482894500844,0.1446786096283228,0.14300000667572021,0.551617476053554,0.5260000228881836,5.075144287782488,5.275144287782489
26.720802783966064,-0.8184720573209455,-0.44231534930853744,-0.6418811275316664,0.023533996138817962,-0.03662014384979362,0.14541577896422841,0.13899999856948853,0.5447118415782581,0.5699999928474426,5.081334003498513,5.281334003498513
26.772664546966553,-0.8140026914163807,-0.4456225922365635,-0.6215209996344548,0.023281539432285066,-0.04359585283548917,0.1452377671396887,0.13899999856948853,0.5532686607898906,0.5699999928474426,5.087528300330263,5.287528300330263
26.816582918167114,-0.8094014673292332,-0.44888411799294614,-0.6010551914186859,0.022983917678078496,-0.051387029032374354,0.1434893120507702,0.14300000667572021,0.5779771629046987,0.5260000228881836,5.093814122749128,5.293814122749128
26.878440618515015,-0.7815218184356624,-0.46201990686121575,-0.5291534185481508,0.023883044563423866,-0.14167111554332334,0.14390328567473398,0.14300000667572021,0.6541739350009963,0.5260000228881836,5.128455518934092,5.328455518934092
26.91516613960266,-0.7765690644830507,-0.4648813212121709,-0.5082956885599651,0.02301884698370931,-0.1513126680894099,0.14360285501196163,0.14300000667572021,0.660946224045243,0.5260000228881836,5.134825173527602,5.334825173527602
26.96152138710022,-0.7716274746055549,-0.4675996604988314,-0.4857173132483319,0.022115289601266366,-0.15861860182801396,0.14242567830118918,0.13899999856948853,0.6455840116373126,0.5699999928474426,5.141066328194514,5.341066328194514
27.023787260055542,-0.7664097118489778,-0.4703103606941291,-0.4632613905299978,0.02113490517332367,-0.16706461686120275,0.14756341681427748,0.1469999998807907,0.6868888580843132,0.5699999928474426,5.147531812381042,5.3475318123810425
27.064316511154175,-0.7560138611534709,-0.4752713564598152,-0.41545239887118035,0.019084883617863632,-0.1786639901374246,0.15046184481000646,0.1509999930858612,0.7061748831248809,0.6140000224113464,5.160064763964526,5.360064763964526
27.11563730239868,-0.7560138611534709,-0.4752713564598152,-0.41545239887118035,0.019084883617863632,-0.1786639901374246,0.144049943705646,0.14300000667572021,0.6687617061257958,0.7020000219345093,5.160064763964526,5.360064763964526
27.164640188217163,-0.7453870810847544,-0.47971591307634526,-0.3645588976722096,0.016928871946739404,-0.1852287573426863,0.14493256805726004,0.14300000667572021,0.6622373640153629,0.7020000219345093,5.172416645255209,5.37241664525521
27.217824459075928,-0.7370500323119201,-0.4827716282468777,-0.3256326625716104,0.015221590488714638,-0.18900686887573412,0.14711475199792434,0.1469999998807907,0.6739890770287417,0.6579999923706055,5.181817764442628,5.381817764442628
27.275554180145264,-0.7288105015403662,-0.48543573318980293,-0.28661941515275924,0.013532602851814218,-0.19013999443117657,0.14827962192641939,0.1469999998807907,0.6643055285568797,0.6579999923706055,5.190888941364932,5.390888941364932
27.32263994216919,-0.7226492609119329,-0.48590685734692785,-0.2718647532848522,0.013569313330392982,-0.2036918000983385,0.14738709076455606,0.14300000667572021,0.6492043240148326,0.7020000219345093,5.197447774023438,5.397447774023438
27.374032735824585,-0.6861034982042721,-0.48583545903767084,-0.20897416206234248,0.013262523329767734,-0.2933070827534654,0.14163804567584473,0.14300000667572021,0.6862965555810927,0.7020000219345093,5.236078561247929,5.436078561247929
27.413771152496338,-0.6803436620980321,-0.48701740193818804,-0.1823332638821194,0.011540244129804336,-0.2875992343875714,0.14759571628675583,0.1469999998807907,0.6965553178215729,0.6579999923706055,5.2419570465661005,5.441957046566101
27.461355447769165,-0.6747117171491179,-0.48801649031569166,-0.15590600017490358,0.00990050716940679,-0.28085608538981094,0.14366660149328772,0.14300000667572021,0.6677739878421833,0.7020000219345093,5.247648774698294,5.447648774698294
27.511995315551758,-0.6688967695245057,-0.48888758125327697,-0.1284601926514306,0.008255838518763568,-0.27296270003745404,0.14956109777158838,0.1469999998807907,0.6749555245864303,0.6579999923706055,5.253471937733596,5.453471937733596
27.564656734466553,-0.6602945433819917,-0.4898817307288245,-0.08812984854222186,0.005916895206931884,-0.26022164544568827,0.15233015161521163,0.1469999998807907,0.656775699503296,0.7459999918937683,5.262004358026298,5.462004358026298
27.621411561965942,-0.6515791774433427,-0.4905304748290919,-0.047077978935345204,0.0036721044308853706,-0.24565029885695658,0.15081494304675094,0.14300000667572021,0.618947759813989,0.7020000219345093,5.270579516198717,5.470579516198717
27.66127920150757,-0.6428445883603483,-0.4908224479699936,-0.005689854062917219,0.0015547732498133173,-0.22945381335836143,0.15741115138690692,0.1469999998807907,0.6135646353189307,0.7459999918937683,5.279126226011659,5.479126226011659
27.710808753967285,-0.6368847514223186,-0.49081509088793557,0.022142866440441927,0.0001913047449182371,-0.21809450231617686,0.1576512208550568,0.1469999998807907,0.5975948331702431,0.6579999923706055,5.284943446826199,5.4849434468261995
27.761371850967407,-0.6292733123305922,-0.4937788617801525,0.0551647295323512,-0.0045591792254372175,-0.2031501958975354,0.1660000861478598,0.15399999916553497,0.6247015389342958,0.6579999923706055,5.2915491055001205,5.491549105500121
27.812551736831665,-0.6216607467674751,-0.49663640852798385,0.0880418336029341,-0.009323494004159185,-0.18734473608605184,0.16032470685400094,0.1469999998807907,0.5941602506329391,0.6579999923706055,5.298020294862776,5.498020294862776
27.86240315437317,-0.6154318955520404,-0.4965319827889089,0.11582002176232167,-0.010961932067089052,-0.17449410806834137,0.16729538277127987,0.15399999916553497,0.6063920353800359,0.6579999923706055,5.303879418122755,5.5038794181227555
27.915128469467163,-0.6063295101452307,-0.49534514227219745,0.155513351338901,-0.012528580197682196,-0.1563107603364194,0.16759267326365057,0.15399999916553497,0.5788966550036492,0.6579999923706055,5.312671880172193,5.512671880172193
27.974592447280884,-0.5940422189606649,-0.4931684521931971,0.2074613813477586,-0.014399051602163303,-0.13197395510760662,0.17163589977459634,0.15800000727176666,0.5553894356862974,0.6140000224113464,5.32463837393297,5.52463837393297
28.015105962753296,-0.5878671858476616,-0.49182333312263643,0.23265091489580506,-0.015228668627317813,-0.12010042916894233,0.17176230991372785,0.15800000727176666,0.5361249629263928,0.6140000224113464,5.330706398883942,5.530706398883942
28.062671899795532,-0.5816481573499965,-0.49031275494720433,0.25697618135610617,-0.01600132707167008,-0.1088092403103097,0.17165835745148433,0.15800000727176666,0.517503455527095,0.6140000224113464,5.336855969158985,5.536855969158985
28.113834381103516,-0.575313398895391,-0.48860893188076854,0.2805758116845718,-0.01671846361374375,-0.09813580407849687,0.17927580835667442,0.16599999368190765,0.5247718499435131,0.6140000224113464,5.343165161935634,5.543165161935634
28.162381410598755,-0.5690206295307997,-0.486756107461673,0.30270604375249294,-0.01736455905701541,-0.08850224876018448,0.1790064032421552,0.16599999368190765,0.5072095334766661,0.6140000224113464,5.349480250246585,5.549480250246585
28.219409704208374,-0.5585978458734416,-0.47581938142619884,0.34286835249668196,-0.011405312645852478,-0.07367124020133618,0.18601777147733548,0.17299999296665192,0.44475997896884395,0.5260000228881836,5.362998389283814,5.562998389283814
28.260836839675903,-0.5451618587633524,-0.46536559924619436,0.39048356886331675,-0.007517776558756189,-0.05424948927937617,0.18480674583241113,0.17299999296665192,0.36470006746083794,0.5260000228881836,5.379305394048047,5.579305394048047
28.317102909088135,-0.5385552301665263,-0.46260590015961667,0.4095629395630151,-0.007910086876612717,-0.046643253732740426,0.18923513846920917,0.1770000010728836,0.35610458201275375,0.39500001072883606,5.38636604974005,5.58636604974005
28.361608028411865,-0.5318563201934968,-0.45965539242981857,0.42790092585500406,-0.008254051932964386,-0.039595476129306584,0.19739128477060694,0.1850000023841858,0.3551556882324272,0.39500001072883606,5.393586653016811,5.5935866530168115
28.413315534591675,-0.5252126379772477,-0.4565825439773533,0.44446865116487444,-0.008544962967164062,-0.03391072325340189,0.19756142430744725,0.1850000023841858,0.3404057576250173,0.39500001072883606,5.40080941243145,5.60080941243145
28.468104124069214,-0.5185443340288933,-0.4533743752029221,0.4595836768895666,-0.008806083695608322,-0.029396873774224286,0.1976228895333089,0.1850000023841858,0.32773231539890424,0.39500001072883606,5.408112787648474,5.608112787648474
28.51657772064209,-0.5118700080693614,-0.4500420626290078,0.47430282539205315,-0.009037977910984577,-0.024965011811903748,0.20079822396848893,0.18799999356269836,0.3203122297853306,0.35100001096725464,5.415477380136329,5.615477380136329
28.570822954177856,-0.4625806500531027,-0.43359254863555496,0.5345049155581338,-0.01981085581009047,-0.02549570520800193,0.2053609084094384,0.19200000166893005,0.3853384625809362,0.39500001072883606,5.465457187300348,5.6654571873003485
28.614287853240967,-0.4558491567200927,-0.42957357402330465,0.548568607431477,-0.02001336066131435,-0.019528946329057106,0.20535585083879077,0.19200000166893005,0.3711190944240516,0.39500001072883606,5.47313226364209,5.67313226364209
28.668325662612915,-0.44898702447275063,-0.42534580758427565,0.5622148936210501,-0.0201742295608861,-0.013909848913855716,0.21795819628295826,0.2070000022649765,0.3851457793925891,0.3070000112056732,5.481029320403494,5.6810293204034945
28.71887230873108,-0.442184858447799,-0.4210222633394626,0.5753228731056305,-0.020285683362017963,-0.008552888502630918,0.2162679086990371,0.2029999941587448,0.3632572733781613,0.35100001096725464,5.488931708167669,5.68893170816767
28.760725259780884,-0.4354360319697178,-0.416615904484138,0.5886266011595551,-0.02035999843035088,-0.002725380473200923,0.22425646218645418,0.210999995470047,0.36142142222437007,0.35100001096725464,5.496839397352105,5.696839397352105
28.821051359176636,-0.4285660675616802,-0.4119941137634009,0.6028914790621328,-0.020383784218921442,0.004131791708905319,0.22752565548186202,0.2150000035762787,0.3492041653717551,0.3070000112056732,5.504968400315259,5.704968400315259
28.8620343208313,-0.40455355892671696,-0.4118456230279205,0.6405979981287043,-0.03396264208048081,0.025243903744399998,0.23486792142889465,0.22200000286102295,0.4391647492366117,0.39500001072883606,5.524324542564244,5.724324542564244
28.919302225112915,-0.39330826879746533,-0.413878408063192,0.6558740544275118,-0.042139047589373674,0.034266171161298487,0.23166391853131785,0.21899999678134918,0.4861579426116424,0.35100001096725464,5.532070277840478,5.732070277840478
28.963155031204224,-0.3862112574523376,-0.40837641079718,0.6700190630621591,-0.04182969303823075,0.041641889388258524,0.24244254283156108,0.23000000417232513,0.48734816927007546,0.39500001072883606,5.540760733110616,5.7407607331106165
29.015538215637207,-0.3790859787353641,-0.40268398947089257,0.6859386481787955,-0.041443437943085075,0.05094071582812332,0.24930511615332684,0.2370000034570694,0.47317351676192715,0.39500001072883606,5.549596787693252,5.749596787693252
29.05628228187561,-0.37200609867776074,-0.3968405004872272,0.702648899531236,-0.040968252257959234,0.06122389071029432,0.24644663104448,0.23399999737739563,0.4354562098699779,0.4390000104904175,5.5584995957783105,5.758499595778311
29.10679340362549,-0.3648898686052171,-0.39076044487452943,0.7199349116774371,-0.04038420803943982,0.07220073099118107,0.2491494185439118,0.2370000034570694,0.4061475444116759,0.39500001072883606,5.5675846438987,5.7675846438987
29.161871194839478,-0.34881938359763887,-0.3748163188199946,0.7639756437878832,-0.03752840265451334,0.10198835723097299,0.2638593467283214,0.25200000405311584,0.31806797496200806,0.39500001072883606,5.589486442605624,5.789486442605624
29.212446928024292,-0.34945314283020235,-0.36839908110629704,0.7817495792414573,-0.032080696984588306,0.11767946778721017,0.24965951919345045,0.2370000034570694,0.20314907423075612,0.4819999933242798,5.592864225286234,5.792864225286234
29.262703895568848,-0.34955481475770667,-0.36169787978803786,0.7992420202106478,-0.02674581709123064,0.13275157975383334,0.2610270296308768,0.24899999797344208,0.11279493303507068,0.4390000104904175,5.596849563010167,5.796849563010167
29.315943479537964,-0.34249983859508937,-0.3543868147402084,0.8156667733235894,-0.025390624913415313,0.14331944568511945,0.26307398720304914,0.25200000405311584,0.0671773245796945,0.3070000112056732,5.606766026000762,5.806766026000762
29.360913276672363,-0.33556220598976044,-0.34696432034305114,0.8304738802328859,-0.023932915018172737,0.15250573213701724,0.2624794384075482,0.25200000405311584,0.022372064423894455,0.3070000112056732,5.616682212823721,5.816682212823721
29.418975591659546,-0.3287352328911872,-0.33943992030460396,0.8436279783973959,-0.022381751280095456,0.16026499555985607,0.2623953192161473,0.25200000405311584,-0.02002872097567106,0.21899999678134918,5.626598078643964,5.826598078643964
29.463127374649048,-0.31194255500315404,-0.320197474948549,0.8650392947747633,-0.018224968135676714,0.16902895657356456,0.27065566178011297,0.25999999046325684,-0.10623105360788175,0.13099999725818634,5.651539963865816,5.851539963865816
29.513018131256104,-0.3052627018070599,-0.3123310108800646,0.8702802001632824,-0.016495454467155408,0.1695039252556021,0.2680860405614611,0.25600001215934753,-0.13143898614718355,0.08699999749660492,5.661631236174113,5.861631236174113
29.562913417816162,-0.2985140873853075,-0.30431312428247054,0.8729808900083471,-0.014742794498750721,0.16755822348304716,0.27330177945944645,0.25999999046325684,-0.15480622995123838,0.0430000014603138,5.671891037881749,5.871891037881749
29.618865489959717,-0.29169384772007534,-0.2961725856704943,0.8733826063378124,-0.012990884744791556,0.16343575617301265,0.28164811411051544,0.2680000066757202,-0.17572790911239528,-0.0430000014603138,5.682302775101144,5.882302775101144
29.66609001159668,-0.27800813905709726,-0.2798772386995975,0.8694259733478668,-0.009643652520713357,0.1509487507152778,0.2805244601165453,0.2680000066757202,-0.19443582581325292,-0.13099999725818634,5.7032211569490645,5.903221156949065
29.712202310562134,-0.27800813905709726,-0.2798772386995975,0.8694259733478668,-0.009643652520713357,0.1509487507152778,0.2805244601165453,0.2680000066757202,-0.19443582581325292,-0.13099999725818634,5.7032211569490645,5.903221156949065
29.76284122467041,-0.26139508144428436,-0.25898060705480647,0.8572678918560918,-0.004977692525667768,0.1290768512630741,0.29495961718895086,0.28299999237060547,-0.2186482659121455,-0.21899999678134918,5.729434678164325,5.929434678164325
29.815266609191895,-0.2626484248454274,-0.2485350046651781,0.8564143758565725,0.003646507245853553,0.1261343635135147,0.28199764048875126,0.2680000066757202,-0.3163503091025499,-0.13099999725818634,5.735458495530889,5.935458495530889
29.863242626190186,-0.263626474785341,-0.23814820510271884,0.8537929466660948,0.012030425875596057,0.12140792525523936,0.2894647255559968,0.2750000059604645,-0.4276878058420439,-0.21899999678134918,5.7416837645872425,5.941683764587243
29.916158437728882,-0.2566393636258244,-0.22965537886180143,0.8450953150188684,0.013654122150546927,0.10914881207067394,0.29708714031900996,0.28299999237060547,-0.431795016343896,-0.3070000112056732,5.7526058500199095,5.95260585001991
29.96177053451538,-0.24164685593647156,-0.21301305171357549,0.8251590599327221,0.015847918891140355,0.08240117133599112,0.29274025762237893,0.27900001406669617,-0.3884758608670191,-0.35100001096725464,5.774994301345237,5.974994301345237
30.01355290412903,-0.24164685593647156,-0.21301305171357549,0.8251590599327221,0.015847918891140355,0.08240117133599112,0.29703037104489527,0.28299999237060547,-0.39404537676922646,-0.3070000112056732,5.774994301345237,5.974994301345237
30.06554126739502,-0.2220137402398342,-0.1922729750550131,0.7943056571120768,0.01773335399682316,0.0437422136955663,0.303516593590287,0.28999999165534973,-0.32772002690615576,-0.39500001072883606,5.803626793625571,6.003626793625571
30.114606857299805,-0.2138574434290557,-0.18402474180405654,0.7804290162804525,0.018185360772067213,0.0269651553264616,0.3036744573731798,0.28999999165534973,-0.28906926090328583,-0.3070000112056732,5.815268669766023,6.015268669766023
30.162555932998657,-0.205524954426417,-0.1758400174658909,0.7666078429984218,0.018437506202853848,0.010372197684842988,0.30690955752755905,0.2939999997615814,-0.2514322989703228,-0.35100001096725464,5.826996575983237,6.026996575983238
30.215556621551514,-0.1968052238241803,-0.16750888567055086,0.7533344189026578,0.018497925330199446,-0.005606481160233988,0.31381267047472433,0.3019999861717224,-0.21449744068006374,-0.35100001096725464,5.839106281017178,6.039106281017178
30.263245105743408,-0.18796502515536945,-0.15927628931402293,0.7384113682889475,0.018372195652902948,-0.023087277748998995,0.30779989252505136,0.2980000078678131,-0.16117010277263696,-0.39500001072883606,5.851232735100775,6.0512327351007755
30.317335844039917,-0.17898871469283398,-0.15139860195748195,0.723749915088617,0.01786602790938703,-0.0401277976436627,0.31433839895909693,0.3050000071525574,-0.10873508549810204,-0.39500001072883606,5.863208106670854,6.063208106670854
30.36917805671692,-0.15095794480633812,-0.14153150625519414,0.677901909803682,0.0055345120907339725,-0.09084518295839694,0.284125163127405,0.3089999854564667,0.22894587117225212,-0.2630000114440918,5.890302527025645,6.090302527025645
30.413281202316284,-0.14137372288903868,-0.13385427205261324,0.6677580501339189,0.004377280239045721,-0.1029624271207471,0.2800450685853128,0.3050000071525574,0.2773217627720345,-0.21899999678134918,5.902539230135753,6.102539230135753
30.465086698532104,-0.13158896786728028,-0.12617237704773318,0.6590198378203831,0.0030601263531671303,-0.11355968730674791,0.2840199599932994,0.3089999854564667,0.3306921280631045,-0.17499999701976776,5.914916293021291,6.114916293021291
30.522447109222412,-0.12173703415870614,-0.11857682953797163,0.6531932148716971,0.0016121287416012262,-0.12110643507653263,0.2730724438167737,0.2980000078678131,0.3597550767657979,-0.0430000014603138,5.927275845814366,6.127275845814366
30.562689304351807,-0.10279913331199209,-0.10409577099055134,0.6561227343882264,-0.0013124628083377762,-0.12110455475169413,0.3044633813162589,0.2939999997615814,0.3920619950839978,0.17499999701976776,5.950936439449444,6.150936439449445
30.616395950317383,-0.10279913331199209,-0.10409577099055134,0.6561227343882264,-0.0013124628083377762,-0.12110455475169413,0.29677091754431206,0.28600001335144043,0.3813936595902962,0.17499999701976776,5.950936439449444,6.150936439449445
30.66134476661682,-0.08008617680138751,-0.08632407729326685,0.6789892924477664,-0.004615881387576725,-0.101158042102112,0.2980947474467937,0.28600001335144043,0.3652439174408218,0.35100001096725464,5.979577567730818,6.179577567730818
30.717466354370117,-0.07125176933421433,-0.07915076553652794,0.6937685451069103,-0.005736596013077743,-0.08734970764382745,0.30131037693247104,0.28999999165534973,0.34418970282050865,0.39500001072883606,5.990897176403855,6.190897176403856
30.76429510116577,-0.0624710315318768,-0.07178679995017725,0.7098699289996235,-0.006694639124030961,-0.07212474528339263,0.29963331217318645,0.2939999997615814,0.31587090081539454,0.4390000104904175,6.002311523151967,6.202311523151967
30.81559681892395,-0.053706869639224566,-0.06418765909966603,0.7264992855375084,-0.007483682144489677,-0.05627875534830717,0.2845913981221127,0.28600001335144043,0.2708917313971756,0.4390000104904175,6.013879000295993,6.213879000295993
30.86311960220337,-0.03664968439525148,-0.04867062846719764,0.7572119407497326,-0.008527581917075377,-0.02681767695067394,0.2893953882024202,0.28999999165534973,0.19958746395842553,0.39500001072883606,6.036904558655743,6.236904558655743
30.911653757095337,-0.02813466484412623,-0.04055952758522411,0.7722902849293238,-0.00880004260577208,-0.012221482474679357,0.2820287979475467,0.28999999165534973,0.1587427497392505,0.39500001072883606,6.048657137622145,6.248657137622145
30.96070909500122,-0.01990730566891891,-0.03249604839401094,0.7868664726123685,-0.008907946587164164,0.0019835244059640544,0.2750595076032015,0.28600001335144043,0.11506914424872834,0.35100001096725464,6.060173291975659,6.260173291975659
31.013296127319336,-0.0077461148482699214,-0.02013593594023764,0.8066188907772949,-0.008761888016011429,0.021366198415753268,0.2709936052020468,0.28299999237060547,0.053330673620194106,0.3070000112056732,6.077509156609505,6.277509156609505
31.0603609085083,0.003933347675445809,-0.007810972891244307,0.8224526052446078,-0.00830449364535772,0.037057966405282916,0.26491655148267484,0.27900001406669617,-0.0011017729181485203,0.2630000114440918,6.094481603747069,6.294481603747069
31.119651317596436,0.007730122916101314,-0.0037218494773050975,0.8266239264847324,-0.008097761085103645,0.041230165515993566,0.25254652314563086,0.2750000059604645,-0.01654607464894338,0.13099999725818634,6.100057226236148,6.300057226236148
31.160825967788696,0.022389854884482245,0.012358699624651807,0.839529878967483,-0.007091167008204169,0.05436388862121311,0.25182964528220797,0.2709999978542328,-0.06994572256154828,0.17499999701976776,6.121793898808874,6.321793898808874
31.21218204498291,0.0295854911429611,0.020385597413728754,0.8429301027819278,-0.0064996365633007685,0.058009203265005915,0.2435541798863385,0.2639999985694885,-0.0877049738133314,0.08699999749660492,6.132561502808029,6.332561502808029
31.26073384284973,0.03650438222701057,0.02815020031728097,0.8450125424962622,-0.005895085309258647,0.06041101745502242,0.23590775174416406,0.25600001215934753,-0.10093196470300554,0.08699999749660492,6.1429459204532595,6.34294592045326
31.316258668899536,0.04330089449294822,0.035809515460368715,0.8458514309438414,-0.005274902144023109,0.061643945932296614,0.25927482820624476,0.25600001215934753,-0.11399519695366164,0.0,6.153169352583472,6.353169352583472
31.371669054031372,0.049905310634237324,0.043264931117435894,0.8454943632705606,-0.004659097904666281,0.06174589642140971,0.25202017253197107,0.24899999797344208,-0.12066265847919093,0.0,6.163112603616194,6.3631126036161945
31.418971061706543,0.059482159954956766,0.05345511705718184,0.8466283759635767,-0.0041971243519249475,0.06365166345200335,0.2483490705904124,0.2370000034570694,-0.12732850411729119,-0.13099999725818634,6.177092565554707,6.377092565554707
31.461055755615234,0.07120524450897014,0.06452542342616142,0.8545709398596352,-0.0046112919186446725,0.07266773000471483,0.25934615102778563,0.24899999797344208,-0.1540653068361154,-0.08699999749660492,6.193216004789433,6.3932160047894335
31.513258695602417,0.07748800642212753,0.07173102096890184,0.8507087425458598,-0.0039220046889446155,0.06953308661285207,0.2448531963277062,0.2370000034570694,-0.149085806301512,-0.0430000014603138,6.202754251546415,6.4027542515464155
31.562023162841797,0.08391072362835165,0.07902668519568257,0.8458573787055466,-0.0032599115234494655,0.06549215907280159,0.25655420471780843,0.24500000476837158,-0.15412482703928404,-0.13099999725818634,6.21245456751108,6.41245456751108
31.61885142326355,0.09047180351081428,0.08641358999249318,0.8398708193745417,-0.0026219733677143903,0.060402442768294325,0.25055105625839424,0.2409999966621399,-0.14882825752240625,-0.17499999701976776,6.22231655104693,6.42231655104693
31.66059136390686,0.09702642494952626,0.09369896266314741,0.8334083430740503,-0.0020425835884187444,0.05490245271793981,0.2638594619561629,0.25200000405311584,-0.15092801201758343,-0.13099999725818634,6.23210158059784,6.43210158059784
31.727879524230957,0.10382008674351476,0.10114557135185578,0.8268097684926832,-0.0015061911035045947,0.04936965740367527,0.24703385349856358,0.25200000405311584,-0.14566177151275975,-0.21899999678134918,6.242169008503187,6.442169008503187
31.76166343688965,0.12113738852889337,0.11969936588810039,0.8095233379110041,-0.000392723808260256,0.035107033179259894,0.0,0.2639999985694885,0.0,-0.2630000114440918,6.26752643067927,6.46752643067927
31.8129723072052,0.12838014277109527,0.1272738375804487,0.8020868506621093,-3.590843580952639e-05,0.02906129147682246,0.0,0.25999999046325684,0.0,-0.13099999725818634,6.278000319813975,6.478000319813975
31.862714767456055,0.1354730184459787,0.13457609099100437,0.7956078117263251,0.0002452809817323674,0.02401270735495964,0.0,0.24899999797344208,0.0,-0.17499999701976776,6.288175660784402,6.488175660784402
31.91680383682251,0.14106720406944248,0.14026690849358214,0.7907738260594055,0.00042840381770029273,0.0203547984018394,0.0,0.12399999797344208,0.0,-0.21899999678134918,6.296152587726607,6.496152587726607
31.964632511138916,0.1471351852676176,0.14641723842685567,0.8140842640354434,0.0006217289350725678,0.0449926794438158,0.0,0.05999999865889549,0.0,-0.17499999701976776,6.304788789109975,6.504788789109975
32.0059289932251,0.1471351852676176,0.14641723842685567,0.8140842640354434,0.0006217289350725678,0.0449926794438158,0.0,0.029999999329447746,0.0,-0.08699999749660492,6.304788789109975,6.504788789109975
32.05557036399841,0.14870688477219085,0.14809635096958848,0.835365784021588,0.0007355687196308451,0.06663669142601437,0.0,0.003000000026077032,0.0,-0.0430000014603138,6.3070854584633596,6.50708545846336
32.10805869102478,0.14866663185445506,0.1480518532820739,0.8362257896387297,0.0007315690221435965,0.06748719970784556,0.0,0.0,0.0,0.0,6.307025605605981,6.50708545846336
32.15447497367859,0.14866663185445508,0.148051853282074,0.8362257896387297,0.000731569022143637,0.06748719970784556,0.0,0.0,0.0,0.0,6.307025605605981,6.50708545846336
32.2049343585968,0.14866663185445508,0.148051853282074,0.8362257896387297,0.000731569022143637,0.06748719970784556,0.0,0.0,0.0,0.0,6.307025605605981,6.50708545846336
32.25561809539795,0.14862641788031825,0.14800733947770683,0.8370857952558715,0.000727531233720983,0.0683377128127135,0.0,0.0,0.0,0.0,6.306965766106906,6.50708545846336
32.31063914299011,0.14862641788031827,0.14800733947770678,0.8370857952558715,0.0007275312337209238,0.0683377128127135,0.0,0.0,0.0,0.0,6.306965766106906,6.50708545846336
32.35787844657898,0.1486264178803183,0.14800733947770672,0.8370857952558715,0.0007275312337208646,0.0683377128127135,0.0,0.0,0.0,0.0,6.306965766106906,6.50708545846336
32.409204721450806,0.1486264178803183,0.14800733947770667,0.8370857952558715,0.0007275312337208248,0.0683377128127135,0.0,0.0,0.0,0.0,6.306965766106906,6.50708545846336
32.45787000656128,0.1486264178803183,0.1480073394777066,0.8370857952558715,0.0007275312337207848,0.0683377128127135,0.0,0.0,0.0,0.0,6.306965766106906,6.50708545846336
32.513434410095215,0.1486264178803183,0.14800733947770656,0.8370857952558715,0.0007275312337207449,0.0683377128127135,0.0,0.0,0.0,0.0,6.306965766106906,6.50708545846336
32.564992904663086,0.14833475329918322,0.14778236047573445,0.836927230704376,0.000768606778266268,0.06812115153812537,0.0,0.0,0.0,0.0,6.306599791905705,6.50708545846336
32.61243653297424,0.13962466930023504,0.1410637851167285,0.8321929577147207,0.0020049080202337683,0.06170180263183134,0.0,0.0,0.0,0.0,6.295672587284229,6.50708545846336
32.669209718704224,0.13082143281476116,0.13427347897216343,0.8274100163511487,0.003272725669218396,0.05530791475072383,0.0,0.0,0.0,0.0,6.284632330384544,6.50708545846336
32.71252226829529,0.12989451211948666,0.13355851439061317,0.8269065203385285,0.0034072475022694474,0.054640183434175094,0.0,0.0,0.0,0.0,6.283470080242678,6.50708545846336
32.75785183906555,0.12989451211948666,0.13355851439061306,0.8269065203385285,0.003407247502269368,0.054640183434175094,0.0,0.0,0.0,0.0,6.283470080242678,6.50708545846336
32.817360162734985,0.12989451211948666,0.13355851439061306,0.8269065203385285,0.003407247502269368,0.054640183434175094,0.0,0.0,0.0,0.0,6.283470080242678,6.50708545846336
32.85823321342468,0.12989451211948672,0.13355851439061295,0.8269065203385285,0.0034072475022692496,0.054640183434175094,0.0,0.0,0.0,0.0,6.283470080242678,6.50708545846336
32.909390687942505,0.12989451211948672,0.1335585143906129,0.8269065203385285,0.00340724750226921,0.054640183434175094,0.0,0.0,0.0,0.0,6.283470080242678,6.50708545846336
32.95856595039368,0.12989451211948672,0.13355851439061284,0.8269065203385285,0.0034072475022691702,0.054640183434175094,0.0,0.0,0.0,0.0,6.283470080242678,6.50708545846336
33.00920295715332,0.12989451211948672,0.13355851439061278,0.8269065203385285,0.0034072475022691308,0.054640183434175094,0.0,0.0,0.0,0.0,6.283470080242678,6.50708545846336
33.05794358253479,0.12989451211948672,0.13355851439061273,0.8269065203385285,0.003407247502269091,0.054640183434175094,0.0,0.0,0.0,0.0,6.283470080242678,6.50708545846336
33.113738775253296,0.12989451211948672,0.13355851439061267,0.8269065203385285,0.003407247502269051,0.054640183434175094,0.0,0.0,0.0,0.0,6.283470080242678,6.50708545846336
33.158365964889526,0.12989451211948677,0.13355851439061256,0.8269065203385285,0.0034072475022689326,0.054640183434175094,0.0,0.0,0.0,0.0,6.283470080242678,6.50708545846336
33.20881700515747,0.12989451211948677,0.1335585143906125,0.8269065203385285,0.003407247502268893,0.054640183434175094,0.0,0.0,0.0,0.0,6.283470080242678,6.50708545846336
33.25829362869263,0.12989451211948677,0.13355851439061245,0.8269065203385285,0.003407247502268853,0.054640183434175094,0.0,0.0,0.0,0.0,6.283470080242678,6.50708545846336
