Time (s),x (m),y (m),yaw (rad),CTE (m),Orientation Error (rad),linear_x_cmd (m/s),linear_x (m/s),angular_z_cmd (rad/s),angular_z (rad/s),nearest s,look-ahead s
9.846687316894531e-05,0.029462758009609243,0.002692805041902023,0.750863638045742,-0.01892774272955314,-0.03434086528193003,0.01340806059353817,0.0,0.0,0.0,0.02274108315800293,0.22274108315800295
0.006384134292602539,0.029462758009609243,0.002692805041902023,0.750863638045742,-0.01892774272955314,-0.03434086528193003,0.01340806059353817,0.0,0.0,0.0,0.02274108315800293,0.22274108315800295
0.0554046630859375,0.029462758009609243,0.002692805041902023,0.750863638045742,-0.01892774272955314,-0.03434086528193003,0.01340806059353817,0.0,0.0,0.0,0.02274108315800293,0.22274108315800295
0.11147928237915039,0.029462758009609243,0.002692805041902023,0.750863638045742,-0.01892774272955314,-0.03434086528193003,0.01340806059353817,0.0,0.0,0.0,0.02274108315800293,0.22274108315800295
0.15645170211791992,0.029506624007666085,0.002733741262638772,0.7509411826775815,-0.018929802751531836,-0.03426229568326111,0.01341018757448445,0.0,0.0,0.0,0.0228010668912656,0.2228010668912656
0.2050495147705078,0.029506624007666085,0.002733741262638772,0.7509411826775815,-0.018929802751531836,-0.03426229568326111,0.016215992136368082,0.003000000026077032,0.003631255746638612,0.0430000014603138,0.0228010668912656,0.2228010668912656
0.25791001319885254,0.02965275121858499,0.0028702946265725575,0.7533749992538205,-0.01893653322591042,-0.031825042808458215,0.018276623570129248,0.010999999940395355,0.013051372872541666,0.13099999725818634,0.023001018612246193,0.2230010186122462
0.3062112331390381,0.029915078244818122,0.0031168393791661314,0.7579101120637831,-0.018947620565358772,-0.02728366791087644,0.018355849056312067,0.010999999940395355,0.012560017207188079,0.13099999725818634,0.02336096612418667,0.22336096612418668
0.35627269744873047,0.030176284447424907,0.0033645712905993165,0.7619746585448657,-0.0189570736340013,-0.023212760555534565,0.018228086399509257,0.010999999940395355,0.01211877176169815,0.13099999725818634,0.023720962209881444,0.22372096220988147
0.40796518325805664,0.030479697957624334,0.003654984345459217,0.7671512843597317,-0.018966176273098306,-0.01802858904855864,0.02035804239320886,0.007000000216066837,0.007353389036279368,0.08699999749660492,0.02414100600752657,0.22414100600752657
0.4564394950866699,0.031053649102388826,0.004212277854820573,0.775263425192034,-0.018977774522687167,-0.009901704513987976,0.024635628543184025,0.010999999940395355,0.010668795348634033,0.0430000014603138,0.024941199063143182,0.2249411990631432
0.5058085918426514,0.0313675092470161,0.004520646744959095,0.7803603796959742,-0.01898155307107723,-0.004796434029722075,0.024662631357134507,0.010999999940395355,0.01011016086789047,0.0430000014603138,0.025381340140399555,0.22538134014039957
0.5562088489532471,0.03167983211993963,0.004830572974029783,0.784475914957121,-0.018983139704710585,-0.0006724360536977114,0.028097102781570238,0.014999999664723873,0.013168904335869295,0.08699999749660492,0.025821497709466668,0.2258214977094667
0.6084003448486328,0.032047595919047316,0.0051981998367918655,0.7895674216915823,-0.018983103990342576,0.004429260988154438,0.017114668075819597,0.010999999940395355,0.009095742884331317,0.13099999725818634,0.026341690843113212,0.22634169084311323
0.6572356224060059,0.03241320770782554,0.005567966378258033,0.7955776787477132,-0.018980028243873185,0.010449912754831647,0.017457138863720145,0.010999999940395355,0.008432004450930054,0.13099999725818634,0.02686187831625359,0.2268618783162536
0.7070896625518799,0.032818459068203035,0.005982901061309177,0.8008667416934511,-0.018973020862018762,0.01575081050734517,0.02755538396463246,0.014999999664723873,0.01069634680813534,0.08699999749660492,0.027442060053245385,0.2274420600532454
0.7562918663024902,0.03384376414613111,0.007050202642928717,0.8076859824995454,-0.018942884244311065,0.022601399365165697,0.0308982123136916,0.017999999225139618,0.01156269285529698,0.0430000014603138,0.028922341682859027,0.22892234168285905
0.8063256740570068,0.034396278277106014,0.007628759067006755,0.8096486361652139,-0.018924211746283587,0.02458168664550531,0.035286441983301074,0.02199999988079071,0.013665159190364188,0.0,0.029722457172941582,0.2297224571729416
0.8674881458282471,0.035003036206106494,0.008266132066533878,0.8112963261237479,-0.018902263508932413,0.026249331876103565,0.030806967508821385,0.017999999225139618,0.010850350978420823,0.0430000014603138,0.03060256050973734,0.23060256050973735
0.9062802791595459,0.035718581721426834,0.009020846077369395,0.8138659184817164,-0.018874189535812335,0.028843261492365713,0.04271879747498462,0.029999999329447746,0.017244268770878122,0.08699999749660492,0.03164264047896225,0.23164264047896227
0.9564049243927002,0.03734997081572339,0.010753751201358776,0.8176465194320452,-0.018801444519705484,0.03268262884442541,0.042855247256390026,0.029999999329447746,0.015935365948787163,0.08699999749660492,0.03402263337152525,0.23402263337152526
1.004744529724121,0.03734997081572339,0.010753751201358776,0.8176465194320452,-0.018801444519705484,0.03268262884442541,0.04337608095232915,0.029999999329447746,0.015935365948787163,0.0,0.03402263337152525,0.23402263337152526
1.0584511756896973,0.039781130277056265,0.013354339647110157,0.8222825373851629,-0.018679927274709834,0.037414532985816984,0.05039804307075148,0.03700000047683716,0.01758678364046517,0.0,0.03758235508537996,0.23758235508537998
1.1064951419830322,0.04078740024445248,0.014439612534083638,0.8247451494853525,-0.018623248353872367,0.03991982108541248,0.049930206066840996,0.03700000047683716,0.01651773980311597,0.08699999749660492,0.0390620641268667,0.2390620641268667
1.1560306549072266,0.041900197739451396,0.015644304257378776,0.8269541836625751,-0.018557290570855554,0.042178074999270954,0.05430990886469087,0.04100000113248825,0.017195417775701376,0.0430000014603138,0.04070165234016963,0.24070165234016966
1.205838680267334,0.043063794123522944,0.016910969728161557,0.8283186944810726,-0.018483294858471958,0.04359638408947997,0.054331939416730465,0.04100000113248825,0.016411149113685238,0.0430000014603138,0.04242105567418256,0.24242105567418257
1.2578060626983643,0.04560399185838273,0.019683151290324573,0.8301881754511744,-0.01831648662629664,0.04559124846301399,0.06247470101620661,0.04899999871850014,0.018090656440291907,0.0430000014603138,0.04617966001891764,0.24617966001891767
1.3050918579101562,0.04560399185838273,0.019683151290324573,0.8301881754511744,-0.01831648662629664,0.04559124846301399,0.06247470101620661,0.04899999871850014,0.018090656440291907,0.0430000014603138,0.04617966001891764,0.24617966001891767
1.3559291362762451,0.049184542960296715,0.023617866401793856,0.8344268645516308,-0.01806128679996266,0.050025559426470356,0.06959449501275777,0.0560000017285347,0.017258166257787182,0.0430000014603138,0.051497086751654056,0.25149708675165405
1.4062113761901855,0.05074266078833072,0.025336783022546494,0.8355854587522913,-0.017945169211060753,0.05127614885530807,0.06959029351733995,0.0560000017285347,0.0161348655202371,0.0430000014603138,0.053815836499126246,0.25381583649912626
1.4572174549102783,0.052405414811990646,0.027176797240062597,0.8373914712221872,-0.017817004117382757,0.05318498880873024,0.07142539008428861,0.05999999865889549,0.0156461300609844,0.08699999749660492,0.05629436189797567,0.25629436189797566
1.5060791969299316,0.05406553477935393,0.0290191887869318,0.8390667928333161,-0.01768503525451616,0.05496777500501759,0.07758505653020698,0.06400000303983688,0.015006075960009531,0.0430000014603138,0.058772756739574834,0.25877275673957484
1.557159662246704,0.05756325633647912,0.03292092317983791,0.8408131808864244,-0.017391932835406937,0.05695662724464546,0.08073494550450269,0.06700000166893005,0.013124031965346507,0.0,0.06400880365327388,0.2640088036532739
1.6057038307189941,0.05940292281840909,0.03497840648193962,0.8423015896732331,-0.017233478752039684,0.058581237921628726,0.08876517714077319,0.07500000298023224,0.01271857530588926,0.0,0.06676661115345159,0.26676661115345157
1.6582520008087158,0.06134690621736909,0.03715724079483536,0.8428040655682422,-0.017062305315935833,0.059234188457310655,0.09254658619878589,0.07900000363588333,0.012023280031864399,0.0430000014603138,0.06968416818726758,0.2696841681872676
1.7069435119628906,0.06439137121203058,0.04057888113526079,0.8447045176821804,-0.016786679645716576,0.06138386437001486,0.09253301139753999,0.07900000363588333,0.0089516177729051,0.0430000014603138,0.07426008351668102,0.274260083516681
1.7557868957519531,0.06766967176645447,0.04427433040022621,0.8466197625874617,-0.016480767472747387,0.06358600151506566,0.0993663446483885,0.0860000029206276,0.006197298523339367,0.0430000014603138,0.07919537418183288,0.2791953741818329
1.8059301376342773,0.06876945274297276,0.045517745008772884,0.8462543398026013,-0.01637520284484163,0.06332119157116678,0.09675189738548695,0.08299999684095383,0.005650312245986512,0.0,0.08085366648783339,0.2808536664878334
1.8559582233428955,0.07360519586944393,0.05098634351088254,0.8472727229009935,-0.015908068696822306,0.06480719759145492,0.10841995636308563,0.09399999678134918,0.00224670348408313,-0.0430000014603138,0.08814625020177742,0.2881462502017774
1.9063427448272705,0.07614612676526542,0.053865451696479626,0.8475447451342099,-0.015657203563684545,0.06534173645268071,0.10669014077472373,0.09399999678134918,0.00026636029210721227,0.0430000014603138,0.09198218934472442,0.2919821893447244
1.955660343170166,0.06952140550494666,0.055491033284131706,0.843976162940665,-0.009834246828479058,0.06152941234054587,0.10339652081548442,0.09399999678134918,-0.023835340693080714,0.0430000014603138,0.08842629298935034,0.2919821893447244
2.005718946456909,0.06211056137989301,0.05694181300505104,0.8399386964222276,-0.0035800062485303354,0.05721454912664159,0.11636325012688954,0.10499999672174454,-0.053139554880082526,0.0,0.08419239884006813,0.2919821893447244
2.055744171142578,0.06370607087515917,0.061074583540419926,0.8385305084133959,-0.00177453567555936,0.056071163598885865,0.10985437750901257,0.09799999743700027,-0.0576518625567192,0.0,0.08823853784293041,0.2919821893447244
2.105889320373535,0.06791911685218698,0.0657586224351152,0.8373274704488715,-0.0014216479320021459,0.05530515856348106,0.11533897812890384,0.10100000351667404,-0.06156986412335229,-0.0430000014603138,0.09452871330157146,0.2945287133015715
2.157487154006958,0.07213824306266366,0.07043719000841661,0.8367656573461877,-0.0010740790798890493,0.055211729749882754,0.12319001676983292,0.10899999737739563,-0.06883081220870656,-0.0430000014603138,0.10081970335483442,0.30081970335483443
2.2057883739471436,0.07511389717446708,0.07373249754914309,0.835477056758531,-0.0008302375471671789,0.05427204610705327,0.11502485421476889,0.10499999672174454,-0.06700505845238029,0.0,0.10525351667067566,0.3052535166706757
2.2561135292053223,0.07813260262389167,0.0770697713177232,0.8341433949603985,-0.0005853079410827729,0.05330786955797085,0.12120376662746662,0.11299999803304672,-0.07285144441166842,0.0,0.10974709911375624,0.30974709911375625
2.3063557147979736,0.08117210152315782,0.08041518696250122,0.8319478827221296,-0.00034752692277403824,0.05149959404531734,0.13460582593374615,0.11999999731779099,-0.07710371690698256,-0.08699999749660492,0.11426101434584644,0.31426101434584647
2.356100082397461,0.08593564062542562,0.08562597064570472,0.8285774111232183,5.853430874511384e-06,0.048766432160434525,0.13461020837595342,0.11999999731779099,-0.07670590891365141,-0.08699999749660492,0.12131272187394779,0.32131272187394777
2.4062917232513428,0.09086174202352622,0.09098618264653802,0.8246625694520525,0.0003559667127807425,0.045551141847181564,0.1346009548994394,0.11999999731779099,-0.07574476376920167,-0.08699999749660492,0.1285841654152074,0.3285841654152074
2.4557154178619385,0.09608439019388175,0.09661701676148375,0.8200699679880529,0.0006958205595269645,0.04174357626044234,0.14259367704668846,0.12800000607967377,-0.07900610504095483,-0.08699999749660492,0.1362562231615639,0.3362562231615639
2.506711721420288,0.09967604015508866,0.1004598838091628,0.8170678600204127,0.0009121056212196644,0.0393070069907312,0.14956791723988894,0.13500000536441803,-0.08216324530898676,-0.08699999749660492,0.14151131854038268,0.3415113185403827
2.5562095642089844,0.10337501303780003,0.10439403255819098,0.8137665469697594,0.0011212359896562094,0.036609852836941514,0.14957120671839574,0.13500000536441803,-0.08062588840042625,-0.08699999749660492,0.14690664564660116,0.3469066456466012
2.605768918991089,0.10719684729744852,0.10843225118101017,0.8101378458044288,0.0013218287776131695,0.03362853799423493,0.1613027449173064,0.1469999998807907,-0.08567033812384463,-0.13099999725818634,0.15246223647913068,0.35246223647913066
2.656010627746582,0.11120078017652646,0.11262849459400114,0.8065004256010558,0.0015113731257193062,0.030694602818125975,0.15755579338517706,0.14300000667572021,-0.08130549956344456,-0.08699999749660492,0.15825813524826926,0.35825813524826927
2.70585560798645,0.11741287060902769,0.11908537846759702,0.8005370233166207,0.0017754587585153228,0.025874470406580308,0.17247920335418312,0.15800000727176666,-0.08570484351503425,-0.08699999749660492,0.16721234608524282,0.36721234608524284
2.7572712898254395,0.12603768052404504,0.12791074938825298,0.7910671002176216,0.0020600065346258038,0.018091601408768313,0.17246864041498886,0.15800000727176666,-0.0776380028993612,-0.08699999749660492,0.1795457707647526,0.3795457707647526
2.8059308528900146,0.1305433221697065,0.132455982833936,0.7861268839389307,0.0021704510557322178,0.014079156417414862,0.1701631380394907,0.15800000727176666,-0.07322218212079092,-0.17499999701976776,0.18594286826900763,0.38594286826900764
2.8558812141418457,0.13512612045992564,0.1370372913424929,0.7819989503735282,0.0022590504623843047,0.010928103578719206,0.17545180835450677,0.16899999976158142,-0.07489800213567782,-0.0430000014603138,0.19242010055154032,0.3924201005515403
2.9059407711029053,0.1399244365635843,0.14179899945119795,0.7777243432761376,0.0023335732399116255,0.007712798280299804,0.1831059106971862,0.16899999976158142,-0.07131919507346493,-0.13099999725818634,0.19917726421075954,0.39917726421075955
2.95638108253479,0.14965519926514234,0.151328707366136,0.7716144293508278,0.002416165056998725,0.0038630279033334824,0.18699337098730215,0.17299999296665192,-0.06965627186995778,-0.08699999749660492,0.21279157150616487,0.41279157150616486
3.004936933517456,0.14965519926514234,0.151328707366136,0.7716144293508278,0.002416165056998725,0.0038630279033334824,0.1948796451634383,0.1809999942779541,-0.072877371806115,-0.08699999749660492,0.21279157150616487,0.41279157150616486
3.0558719635009766,0.16231887566949982,0.1635800174500503,0.7641382198534888,0.0024631190410394238,-0.00042899415154107334,0.1942111361796809,0.1809999942779541,-0.06919778052543382,-0.08699999749660492,0.23040368973433115,0.4304036897343312
3.105851650238037,0.167536805864116,0.16857015888326976,0.7600457977236622,0.002457422734427148,-0.003131074259398403,0.20074751407428273,0.18799999356269836,-0.06836071436960972,-0.08699999749660492,0.23762031190920835,0.43762031190920836
3.156623363494873,0.172902547351326,0.17366611666104223,0.7570654130888718,0.0024365122209252642,-0.0046321950734316,0.19862235335012107,0.1850000023841858,-0.06596633658959242,-0.13099999725818634,0.24501666046623863,0.44501666046623867
3.2068397998809814,0.17850152255512566,0.17895209563696474,0.7539642591474213,0.0024037693200688478,-0.006135048442343027,0.17257510059380993,0.19599999487400055,-0.06850187648201772,0.0,0.25271272926591554,0.45271272926591555
3.2668416500091553,0.19006835018550508,0.1897739593824714,0.7465699387226004,0.0023048421753783972,-0.01005106355407226,0.21242659811686868,0.20000000298023224,-0.06517960279363082,-0.13099999725818634,0.2685441576615589,0.46854415766155894
3.3142051696777344,0.1957666492808211,0.19504149484917757,0.7433266028402696,0.0022304284583058187,-0.011492561095385321,0.20463261459760823,0.19200000166893005,-0.061092750562543485,-0.13099999725818634,0.27629975309041993,0.47629975309041994
3.3621373176574707,0.20426612242299855,0.20281767639186266,0.7386392991271925,0.002087055712684765,-0.013383727079149477,0.17555270234201106,0.19599999487400055,-0.06038860532972279,0.0,0.28781280158439065,0.48781280158439067
3.414440870285034,0.20984760728226384,0.2078870519540935,0.7350726862449841,0.001983609203621223,-0.01504115270287043,0.17780245698844516,0.1850000023841858,-0.05498073857899165,-0.0430000014603138,0.29534821841851744,0.49534821841851745
3.465329885482788,0.21560739861798764,0.21308728334921967,0.7321608083444859,0.001869426568079203,-0.015918700534295,0.1696591367190952,0.18799999356269836,-0.05529975909129614,0.0,0.30310346101736246,0.5031034610173625
3.5262820720672607,0.22126632981760452,0.21816038478258615,0.7301416777588889,0.0017463937192287377,-0.015876458432601104,0.19861175701883033,0.18799999356269836,-0.05638620435585595,-0.08699999749660492,0.31069873247831453,0.5106987324783145
3.563997268676758,0.23244337173947172,0.2281340435093236,0.7260051872002768,0.001516540110262534,-0.01574789097342033,0.1916560681266305,0.1809999942779541,-0.0567255670790004,-0.08699999749660492,0.32566999148828707,0.5256699914882871
3.6207361221313477,0.23786185498810947,0.2329358677561442,0.722090731999445,0.0014040157873608922,-0.01749946546401493,0.17983237480257175,0.1850000023841858,-0.05590560172633425,-0.0430000014603138,0.3329059806126716,0.5329059806126717
3.6638402938842773,0.24613995213234413,0.2402100346012477,0.7185987724789807,0.0012171603478652734,-0.017569752856388066,0.17970907713775597,0.1850000023841858,-0.05752831897965464,-0.0430000014603138,0.3439199114455947,0.5439199114455947
3.71718168258667,0.2515337328254098,0.2449188326949024,0.7161185656262837,0.0010931457233632241,-0.017742077552740043,0.17994509949170365,0.1850000023841858,-0.05841105423896855,-0.0430000014603138,0.3510761869771394,0.5510761869771394
3.762979030609131,0.25699589701194026,0.2496709229683656,0.7144856506606045,0.000972448498073192,-0.016968469142577988,0.17827459556331182,0.1850000023841858,-0.06116745575814101,-0.0430000014603138,0.358312697917882,0.5583126979178821
3.818178653717041,0.26240681622260187,0.25436001168691685,0.713738355582656,0.0008565859310765255,-0.015263039326880334,0.16009145920668078,0.1809999942779541,-0.06431539598132571,0.0,0.365469520845051,0.5654695208450511
3.868163585662842,0.27329976443048065,0.2637782831309428,0.7111923212435779,0.0006617863982222685,-0.01265484679425144,0.16224125121816899,0.1770000010728836,-0.07080029518712247,-0.0430000014603138,0.3798643034721864,0.5798643034721864
3.9129717350006104,0.2785441344334236,0.26829302790440324,0.7108129268818854,0.0005802329860745269,-0.010445474847628922,0.14907696275179827,0.17299999296665192,-0.07477912437560598,0.0,0.3867822271574543,0.5867822271574543
3.962376594543457,0.2837277064600209,0.2727558110224027,0.7094254905250742,0.0005177637232818505,-0.009200829084122675,0.14880344132382312,0.16899999976158142,-0.07707622774825566,-0.0430000014603138,0.39362051856526376,0.5936205185652638
4.011617183685303,0.29127505792985114,0.27922425695768277,0.7063456430085064,0.00043735108442899976,-0.008325612916544434,0.17319639136604748,0.16599999368190765,-0.08013137638984101,-0.08699999749660492,0.4035582938482613,0.6035582938482613
4.061063766479492,0.29855436978428623,0.28542143585632046,0.7025510411513759,0.0003662978104818647,-0.008160841514716632,0.16612051307845221,0.15800000727176666,-0.079448604275855,-0.08699999749660492,0.4131164376731022,0.6131164376731022
4.122866868972778,0.3009050050886563,0.287411641349225,0.7003422044646541,0.000343189557842715,-0.009060564643844748,0.133753382662317,0.15399999916553497,-0.07699938418096987,-0.0430000014603138,0.41619589064117035,0.6161958906411704
4.162140846252441,0.3104620356850997,0.2954374354863256,0.6956030130362099,0.0002413657544539224,-0.008328090339289274,0.16611175091678707,0.15800000727176666,-0.08420897118506711,-0.08699999749660492,0.42867388042123195,0.628673880421232
4.211770296096802,0.3151464903928561,0.2993445963639146,0.6931142585182308,0.00019637140613722463,-0.008040319980675337,0.16811007946284703,0.15399999916553497,-0.08459360845876632,-0.13099999725818634,0.4347731164573557,0.6347731164573558
4.261490106582642,0.3199519261675598,0.30332519242001876,0.6904281624176685,0.00014700051151677327,-0.0078124881238592625,0.15977452566094172,0.1509999930858612,-0.08541619053537297,-0.08699999749660492,0.44101240353263244,0.6410124035326324
4.312307834625244,0.3246119524632776,0.30716780067126137,0.6880508038338654,0.00010324110413322901,-0.007298267518635715,0.13860467469257476,0.16200000047683716,-0.09479222967046438,-0.0430000014603138,0.44705187704189536,0.6470518770418954
4.360872030258179,0.33194024004092115,0.313181642286312,0.6846443458982637,4.800116418934053e-05,-0.0060245215614526115,0.16256375783793778,0.15800000727176666,-0.09829069383344488,-0.08699999749660492,0.4565313544448249,0.6565313544448249
4.417359352111816,0.33923068000249423,0.3191153985377879,0.6806740890725357,-5.644196047211849e-09,-0.005169913244293611,0.13038067124486788,0.15399999916553497,-0.10106896697147486,-0.0430000014603138,0.4659301848344637,0.6659301848344636
4.465414047241211,0.34643441507435674,0.32493380821311374,0.6758474656285245,-3.6815188503102124e-05,-0.005058174691804584,0.15735456871272355,0.15800000727176666,-0.10816277046318075,-0.08699999749660492,0.4751902321878989,0.6751902321878989
4.512996435165405,0.35124534602940194,0.3287809385696851,0.6717198392827363,-6.565719643078022e-05,-0.005798359746244208,0.14758057540426772,0.14300000667572021,-0.09950941167762228,-0.08699999749660492,0.48135064167520075,0.6813506416752008
4.561101198196411,0.35585119123618164,0.33243612013783536,0.6685297700353965,-9.530828217000714e-05,-0.005672382964147182,0.13026230280510936,0.15399999916553497,-0.11018342990074083,-0.0430000014603138,0.4872308424129127,0.6872308424129128
4.613835096359253,0.360576826976866,0.33616554313615354,0.6638079196014331,-0.00012152004491679056,-0.006913267466595596,0.16571567178583432,0.1509999930858612,-0.10913088427572368,-0.17499999701976776,0.49325113690869354,0.6932511369086936
4.662185430526733,0.36521438523634153,0.3397804350566238,0.6588691365029651,-0.00016198449958988923,-0.008368024840949118,0.16046992033301627,0.1469999998807907,-0.10691617877384611,-0.13099999725818634,0.49913151028605435,0.6991315102860544
4.722093820571899,0.37201046647038266,0.34501776743074825,0.6521422169969754,-0.00023109135130736997,-0.009860082990165497,0.1526242733070146,0.13899999856948853,-0.10301894453714118,-0.13099999725818634,0.5077128571488514,0.7077128571488513
4.763610601425171,0.3789053539825157,0.35025762043175745,0.6450085495051686,-0.00031277454679401456,-0.011512887077097744,0.1524562500572837,0.13899999856948853,-0.10489134554373337,-0.13099999725818634,0.5163739690129677,0.7163739690129678
4.813923120498657,0.3859663203245581,0.3555429671250895,0.6380635891598931,-0.0004105319377509372,-0.012667083659810507,0.1597523341229247,0.1469999998807907,-0.11387778171293615,-0.13099999725818634,0.525195521712702,0.725195521712702
4.861495018005371,0.38157938552456994,0.3625555169930027,0.6408747767601093,0.007826598355332684,-0.009351450312327536,0.1421714853937459,0.1469999998807907,-0.178385154572442,-0.13099999725818634,0.5259491255596654,0.7259491255596655
4.918211460113525,0.37623017082626453,0.3700060733946137,0.6442733212304247,0.01699510185590958,-0.005785369687144493,0.1330032973768496,0.15800000727176666,-0.26581703119232875,-0.08699999749660492,0.5261989056308611,0.7261989056308611
4.962507247924805,0.3833150237622872,0.37838233539213284,0.6371330706690446,0.01941357172974953,-0.005672134067585266,0.13144836850834768,0.1509999930858612,-0.2775929601714764,-0.17499999701976776,0.5367670741893876,0.7367670741893877
5.012641191482544,0.3833150237622872,0.37838233539213284,0.6371330706690446,0.01941357172974953,-0.005672134067585266,0.13653618744857038,0.1469999998807907,-0.270239516427741,-0.21899999678134918,0.5367670741893876,0.7367670741893877
5.062749624252319,0.3951394928631654,0.3870103701865119,0.6208176622776689,0.019307268096279053,-0.01153144834578057,0.12884813669533482,0.14300000667572021,-0.2633022588310598,-0.17499999701976776,0.5512014421412522,0.7512014421412523
5.118750095367432,0.39971823941760914,0.3902729317847032,0.6134034496320638,0.019244479913942625,-0.014759074806794281,0.13411001571310946,0.13899999856948853,-0.2548494610398211,-0.21899999678134918,0.5567435486365194,0.7567435486365195
5.161585330963135,0.4042716173930692,0.3934635836449037,0.6042418049400953,0.019161974276699505,-0.01967889789172994,0.12854984474397757,0.13500000536441803,-0.2441974437202301,-0.17499999701976776,0.5622214796889328,0.7622214796889328
5.224004745483398,0.4086053287678612,0.3964446073043767,0.5953629967418101,0.019060267282241722,-0.024450622039792754,0.13766034300956648,0.12800000607967377,-0.22838075719146744,-0.2630000114440918,0.5674020248406546,0.7674020248406546
5.263051748275757,0.4127844490381336,0.3992617777102788,0.5867238839877416,0.01893591952376872,-0.02906869546409352,0.13298896761732598,0.12399999797344208,-0.21820847504380086,-0.21899999678134918,0.5723641086140943,0.7723641086140942
5.315269708633423,0.41692090720988395,0.40199874827149323,0.5780292460572636,0.018790889422185535,-0.03372408799010984,0.12818519900471298,0.11999999731779099,-0.2081240902155342,-0.17499999701976776,0.577245758929768,0.7772457589297681
5.361253499984741,0.4272959468853551,0.4086422122973286,0.5567419751717055,0.018334645018514804,-0.04459036857019405,0.1366041611795307,0.12399999797344208,-0.2079772200939306,-0.21899999678134918,0.5893629416026342,0.7893629416026342
5.418078660964966,0.43152997230170115,0.4112639403976805,0.5478422025712094,0.01811195660994257,-0.04911556927886718,0.14439407740814839,0.13199999928474426,-0.21814332859321456,-0.21899999678134918,0.594259032400005,0.794259032400005
5.46174955368042,0.43590637481274896,0.41392127321906114,0.5388603119304809,0.017861303040986515,-0.053503792078619765,0.14487572916316632,0.13199999928474426,-0.21514169173704106,-0.21899999678134918,0.5992902522983881,0.799290252298388
5.519223213195801,0.4403077249995919,0.4165370662695332,0.5300103984614059,0.017586007388858172,-0.05765580523387415,0.1516281065313339,0.13899999856948853,-0.22369428266813512,-0.21899999678134918,0.6043195638140829,0.804319563814083
5.563952922821045,0.4498223667991967,0.4220168869110342,0.510518043356526,0.016928193812137768,-0.06669777331198745,0.14782651849516937,0.13500000536441803,-0.2111812966581463,-0.17499999701976776,0.615098810205052,0.815098810205052
5.612117767333984,0.45481817030465116,0.424802597958145,0.5009358395610228,0.016552457691991488,-0.07063128065516189,0.16422054560717436,0.1509999930858612,-0.23389693340176937,-0.2630000114440918,0.6207124609377903,0.8207124609377903
5.662805795669556,0.4598425705929202,0.4275363792189309,0.49124254644610343,0.01615021538845301,-0.07453098735392416,0.16132896295506774,0.1469999998807907,-0.22553859907909388,-0.3070000112056732,0.6263235396825294,0.8263235396825295
5.712698459625244,0.4677829525971945,0.43173031498346914,0.4766858473130796,0.015475887754581665,-0.07967246424517826,0.16475770960126737,0.1509999930858612,-0.22979405376257941,-0.2630000114440918,0.6351289526082043,0.8351289526082044
5.761683940887451,0.47617402838032613,0.43601102250805884,0.462505505907634,0.014727701882457428,-0.08355247705444885,0.17447845565424933,0.16200000047683716,-0.24721521598190324,-0.21899999678134918,0.6443635308952163,0.8443635308952162
5.819236755371094,0.4789304301392887,0.43738530661037134,0.458548516225103,0.014475982945363699,-0.08404201008826856,0.1744822990320187,0.16200000047683716,-0.2487836907513177,-0.21899999678134918,0.647383158796375,0.8473831587963749
5.8612446784973145,0.49064810178585216,0.4430608194833624,0.43859671778751586,0.013383649313897645,-0.08875362688695243,0.17936691511813405,0.16599999368190765,-0.25813063894158533,-0.2630000114440918,0.6601439061140225,0.8601439061140226
5.913100481033325,0.49666699403086767,0.4458647730379591,0.4287503766940528,0.012804471878414402,-0.09045881654389466,0.1793823952996417,0.16599999368190765,-0.2613481838944635,-0.2630000114440918,0.666652821264257,0.866652821264257
5.963580369949341,0.5029681637414924,0.448725089276821,0.4185576921012675,0.012191288907871333,-0.09187728470702872,0.18565630507857406,0.17299999296665192,-0.27686156081427943,-0.2630000114440918,0.673435945108877,0.8734359451088771
6.0131754875183105,0.5126915841059045,0.4529956993826879,0.4033778615273495,0.011240807560680981,-0.09299213909870002,0.19102493278376587,0.1809999942779541,-0.29969656421313473,-0.2630000114440918,0.6838482030156432,0.8838482030156432
6.064741849899292,0.525977375858603,0.4585491440271924,0.3833692407815824,0.00994059058965867,-0.09269343663691704,0.1944909083722682,0.1850000023841858,-0.3254821349421807,-0.3070000112056732,0.6979739026668893,0.8979739026668894
6.113144874572754,0.5328486361563808,0.4612959998580132,0.3730162165307949,0.009273434164692144,-0.09201259006535967,0.17314760337179197,0.1850000023841858,-0.33722892045284986,-0.21899999678134918,0.705238763541079,0.905238763541079
6.163851499557495,0.5398040110580004,0.4639930830917818,0.36208146238746775,0.008607625073734118,-0.09138838638286412,0.1936860479097798,0.19200000166893005,-0.36288806387584543,-0.3070000112056732,0.712565706211652,0.9125657062116521
6.214036226272583,0.5469193607508709,0.46666355029759626,0.35075470104227363,0.0079371355659759,-0.0904548940202225,0.17887429558203732,0.18799999356269836,-0.3694535989475801,-0.2630000114440918,0.7200347134614802,0.9200347134614801
6.265636920928955,0.5539339794807979,0.46920243052341737,0.340187882676419,0.007283592321278768,-0.08850645355745501,0.17490317434714736,0.18799999356269836,-0.38591255825707804,-0.2630000114440918,0.7273708049366554,0.9273708049366554
6.3130621910095215,0.5610295824811987,0.4716929307810689,0.3295717372903557,0.006648094127078315,-0.0859773920928597,0.17483593783238052,0.1850000023841858,-0.3978744157195544,-0.3070000112056732,0.7347724297359579,0.9347724297359579
6.362865686416626,0.5715538795074472,0.4752207159450143,0.3113559940856345,0.005738785685050916,-0.08378498812516944,0.18091189831980747,0.1850000023841858,-0.4230403283564837,-0.39500001072883606,0.7457084888880514,0.9457084888880514
6.437093496322632,0.5852546487078807,0.47915770410697,0.28485930477676524,0.004294678656123476,-0.08221058777762852,0.17741335947187495,0.1809999942779541,-0.44245743737816723,-0.4390000104904175,0.7597500854793924,0.9597500854793923
6.463711500167847,0.5915744370071344,0.47704465775224836,0.2700384666967065,8.203907039191143e-05,-0.08620474913940002,0.17521789197234916,0.1770000010728836,-0.40645056519450284,-0.39500001072883606,0.7648905843400824,0.9648905843400823
6.513051986694336,0.597774456340951,0.47480279933553104,0.25511344881338505,-0.0041538222062373845,-0.09012693779734937,0.17643200829049366,0.1809999942779541,-0.387676906015563,-0.35100001096725464,0.7699652641893063,0.9699652641893064
6.556026220321655,0.6046623373190502,0.47628178366447027,0.2407067805461317,-0.005038178622281432,-0.08869046603299757,0.17221779595570819,0.17299999296665192,-0.3850070457522093,-0.35100001096725464,0.7770273551679796,0.9770273551679796
6.60603666305542,0.6114682990853644,0.47791807106831435,0.22552269271263514,-0.005634385156665259,-0.08740168994001957,0.17376686385969226,0.16899999976158142,-0.3923086374030687,-0.39500001072883606,0.7840898412194991,0.9840898412194992
6.655655145645142,0.621603105006256,0.4801597628705172,0.20361505807996672,-0.006489783688577591,-0.083562836539674,0.17500073345307474,0.1770000010728836,-0.4396173665087878,-0.39500001072883606,0.7945907475196449,0.9945907475196449
6.706332206726074,0.6351283197255843,0.4827948420295749,0.17312040866837153,-0.007544844799152169,-0.07729998455981252,0.17612115200735157,0.17299999296665192,-0.4688734689966379,-0.4390000104904175,0.8085888313880799,1.00858883138808
6.755970001220703,0.6419489897392896,0.48396289686011246,0.15675527726926858,-0.008036155023829632,-0.07401965726384352,0.17137711491492316,0.17299999296665192,-0.4884408642662131,-0.35100001096725464,0.8156445187457251,1.015644518745725
6.8058648109436035,0.6487887090542934,0.48501315582598803,0.14008331436759763,-0.00850802426844256,-0.07020868974926728,0.17489050169721315,0.17299999296665192,-0.5084407287368659,-0.4390000104904175,0.8227178884463489,1.0227178884463488
6.85579252243042,0.6554860991064227,0.4859305502833374,0.1229037034362196,-0.008939057102263072,-0.06653678554968022,0.17007506764530678,0.16599999368190765,-0.5060049245424187,-0.4390000104904175,0.8296461079847492,1.0296461079847492
6.907184600830078,0.6622981178811844,0.4867397904163878,0.106095345870308,-0.009352174813459731,-0.06131285834876321,0.1760286066509891,0.16899999976158142,-0.5356962495939586,-0.4819999933242798,0.8366952570034636,1.0366952570034635
6.956968307495117,0.6790724892633889,0.4882080932187888,0.05999994857492398,-0.010220209869053865,-0.04940976635250635,0.17426286634236643,0.16899999976158142,-0.5806642614581273,-0.4819999933242798,0.8540818564860891,1.0540818564860892
7.005875825881958,0.6790724892633889,0.4882080932187888,0.05999994857492398,-0.010220209869053865,-0.04940976635250635,0.1807757213607952,0.17299999296665192,-0.594407770946509,-0.5260000228881836,0.8540818564860891,1.0540818564860892
7.055632591247559,0.6927377906319601,0.4888253834756173,0.02101894972273519,-0.010752436240029117,-0.03704344695324538,0.1726250388435293,0.16899999976158142,-0.6165249358187387,-0.4819999933242798,0.8682908509427566,1.0682908509427567
7.106569528579712,0.6994968650117019,0.4889289634961319,0.0001945096574850849,-0.01095131339634079,-0.03107963435364989,0.17903886081682915,0.16899999976158142,-0.6319366411754054,-0.5699999928474426,0.8753386097366629,1.0753386097366628
7.156257629394531,0.7064166428891714,0.48889180106928065,-0.021150868870625457,-0.011107187525175007,-0.02403232676337279,0.17856794033325527,0.16899999976158142,-0.6477259191742202,-0.5699999928474426,0.8825701231799395,1.0825701231799396
7.206032037734985,0.7133340325322246,0.4887069508490756,-0.04311781634464827,-0.011211052838957989,-0.016665501156086216,0.1780541638581765,0.16899999976158142,-0.6624237746228889,-0.5699999928474426,0.8898168207152415,1.0898168207152414
7.257605791091919,0.7271476534104928,0.4878710624470369,-0.09029750567151253,-0.011260600871927637,-0.002462988677442088,0.18073548289895391,0.17299999296665192,-0.7020089229081177,-0.6140000224113464,0.9043478234842242,1.1043478234842241
7.315324783325195,0.7307737681074581,0.49069611605711716,-0.13012565225253694,-0.008102811591023168,-0.0270762156941083,0.18263154069187099,0.1770000010728836,-0.696308003950659,-0.5699999928474426,0.9078351747649508,1.1078351747649509
7.3563878536224365,0.7375416163090801,0.4912954218219373,-0.16947507449792135,-0.006709225078844159,-0.03596107476558413,0.18195791176514856,0.17299999296665192,-0.6712027870268648,-0.6140000224113464,0.9147109188037141,1.114710918803714
7.406131982803345,0.7410309016225218,0.49069835034714565,-0.1828561132587604,-0.006807512444049127,-0.032926244961557855,0.18593756453207683,0.1770000010728836,-0.6885418385892178,-0.6579999923706055,0.9183605159853712,1.1183605159853711
7.455608367919922,0.7480613063172814,0.4893433468527586,-0.21005471838046644,-0.0069768429508593145,-0.0263828596049325,0.18555169402767838,0.1770000010728836,-0.6915319520186977,-0.6579999923706055,0.9257512241436416,1.1257512241436416
7.5061070919036865,0.7550518274164543,0.4877957998902285,-0.237214584665481,-0.007099140963126508,-0.019225439786982906,0.18900756942113403,0.1809999942779541,-0.7096362248149952,-0.7020000219345093,0.9331518819086317,1.1331518819086317
7.555781126022339,0.7691274374736978,0.4840781857488151,-0.2927838046201213,-0.007168370457154121,-0.003605182025934517,0.19410925841612875,0.1850000023841858,-0.727735450864989,-0.7459999918937683,0.9482212707423225,1.1482212707423225
7.606200695037842,0.7760443392959695,0.48194000991687375,-0.32021512687618936,-0.007115713761970589,0.004777141874496182,0.18710581853047834,0.1809999942779541,-0.7123428563386114,-0.7020000219345093,0.9557167331388213,1.1557167331388214
7.65592622756958,0.7865282454636366,0.4782956202566083,-0.3613722055400542,-0.006916566595059597,0.018615522742673307,0.18412386843752457,0.1850000023841858,-0.7285641915227845,-0.6579999923706055,0.9672002549494811,1.167200254949481
7.706063747406006,0.7967809616115734,0.47425729437372166,-0.40337132992676267,-0.006564640065577746,0.030858310116661902,0.18513900690091767,0.1809999942779541,-0.7093719012928613,-0.7020000219345093,0.9785796540833787,1.1785796540833786
7.7568888664245605,0.806851905741443,0.4697852182439736,-0.44623702808140403,-0.006089470921225234,0.04139284509599861,0.18499639195144146,0.1809999942779541,-0.7022842741511401,-0.7020000219345093,0.9899269296570354,1.1899269296570354
7.804803371429443,0.806851905741443,0.4697852182439736,-0.44623702808140403,-0.006089470921225234,0.04139284509599861,0.1920153264687813,0.1850000023841858,-0.7178044005505351,-0.7459999918937683,0.9899269296570354,1.1899269296570354
7.856907367706299,0.8193132007037401,0.46078663801679876,-0.5021104715058317,-0.007645038892736849,0.05801716207337181,0.19599025363464992,0.1850000023841858,-0.6930895051302958,-0.7459999918937683,1.0057231039299492,1.2057231039299492
7.907411336898804,0.8214662270933115,0.44465751352263,-0.5330288162992274,-0.019901244036581275,0.07763199357872286,0.2022813404651006,0.18799999356269836,-0.6070341579745764,-0.7020000219345093,1.0171265768625544,1.2171265768625543
7.957714080810547,0.823319775094767,0.42808300739384597,-0.5634641166022908,-0.03211435961583848,0.10169253987827609,0.2014350136816294,0.18799999356269836,-0.5031746112913954,-0.7020000219345093,1.0299047390259644,1.2299047390259643
8.00869870185852,0.8327536731120125,0.4216457105113671,-0.6052692929044766,-0.03105145256360862,0.11296502481156612,0.20141535315746267,0.18799999356269836,-0.4972718749381673,-0.7020000219345093,1.042954083713414,1.2429540837134139
8.056968927383423,0.8455146537816061,0.41243416388479515,-0.6568260122540287,-0.029054506034282626,0.12876753032536326,0.2049299611073308,0.19200000166893005,-0.5091498371036757,-0.5699999928474426,1.0605936086690988,1.2605936086690988
8.109547853469849,0.8518647207520125,0.4074705838437389,-0.6814415723579225,-0.027943457077737092,0.1361813778703459,0.2149967224870614,0.2029999941587448,-0.5404654416959873,-0.6140000224113464,1.0694897854020073,1.2694897854020073
8.158211708068848,0.8582010774142306,0.40226601313271043,-0.7052800220803292,-0.026753848351573222,0.14329234705443827,0.218442442555567,0.2070000022649765,-0.5544445914789171,-0.5699999928474426,1.07844973897344,1.27844973897344
8.20856785774231,0.8643682882088441,0.39695350436112636,-0.7286833469203413,-0.02551968704445478,0.14906512196646848,0.2178693631880061,0.2070000022649765,-0.556983239534474,-0.5699999928474426,1.0872585216137658,1.2872585216137657
8.257127046585083,0.8705139666490183,0.391404916169522,-0.7511764720300267,-0.024220340091713546,0.1547519143587831,0.21703016941248407,0.2070000022649765,-0.560972223120211,-0.5699999928474426,1.0961370548951233,1.2961370548951232
8.307768821716309,0.8767112440581966,0.3855583327977961,-0.7731395238725224,-0.02283333336716157,0.160307580393518,0.21665905888255318,0.2070000022649765,-0.5663025073853342,-0.5699999928474426,1.1051911740050568,1.3051911740050568
8.359627723693848,0.8979645475980061,0.37983777263061624,-0.7983106802106131,-0.008715741196449092,0.18552699920889038,0.198717174724312,0.2150000035762787,-0.7466199185458309,-0.4819999933242798,1.1228824390179237,1.3228824390179237
8.406862020492554,0.9173935584009162,0.3692579758972293,-0.8353309228681167,0.002105878983824816,0.19920993891781616,0.19690286566931658,0.21899999678134918,-0.8565521937567157,-0.4390000104904175,1.1423537952222325,1.3423537952222324
8.455843925476074,0.9231800225402089,0.3627882978135398,-0.855946447174872,0.0038627389760532817,0.19915839347537076,0.2161015099477277,0.21899999678134918,-0.8593127123684211,-0.6140000224113464,1.1507927944061118,1.3507927944061118
8.505924940109253,0.9286235254074667,0.35644355021479723,-0.8774429617704109,0.005547877231994353,0.19664902524782588,0.21206698832627524,0.210999995470047,-0.8263804096801939,-0.6140000224113464,1.1588919776569335,1.3588919776569335
8.556411981582642,0.9339272552399246,0.34998155235807854,-0.9000047241473123,0.007206700967062936,0.19233793386602482,0.21499217211253258,0.2070000022649765,-0.8062056448867638,-0.6579999923706055,1.1669694055408897,1.3669694055408896
8.607263088226318,0.9389824051863465,0.3435253136453873,-0.9237948856546089,0.008791556390920089,0.18578245008677075,0.2141864770275464,0.2029999941587448,-0.782193602067663,-0.7020000219345093,1.1748769818853382,1.3748769818853381
8.655807971954346,0.9547393254752248,0.3272207607622578,-0.9932467825552461,0.01611567248024064,0.15917449043592102,0.2126893705604105,0.20000000298023224,-0.7591027658402683,-0.7459999918937683,1.1958065769042996,1.3958065769042995
8.705824375152588,0.9618729711425233,0.32065077535710446,-1.0190395347886516,0.020038614427151723,0.14986994357119698,0.22779456332705775,0.2150000035762787,-0.8224499929031172,-0.8339999914169312,1.2043782016101772,1.4043782016101771
8.755730867385864,0.9662400393873746,0.3134287310208189,-1.0496057790989237,0.02129553301433137,0.13424328566544386,0.22377701050747573,0.210999995470047,-0.7803821528624543,-0.7900000214576721,1.2124151713723794,1.4124151713723794
8.806647300720215,0.9703477656569692,0.30614776542793143,-1.0784414212350908,0.02241182506579784,0.11976818038590387,0.22337823640801086,0.210999995470047,-0.755062718791415,-0.878000020980835,1.220386378627034,1.4203863786270339
8.856200218200684,0.9743195175093677,0.2986103945746946,-1.1087544738363948,0.023427698991391875,0.10365727447381202,0.22347728439524517,0.210999995470047,-0.7259504132251006,-0.7900000214576721,1.2285199945356728,1.4285199945356728
8.906061172485352,0.9781166717420808,0.29082757067530735,-1.139631792453977,0.024314393448556425,0.08679911564811336,0.2313109191265129,0.21899999678134918,-0.7208193359584492,-0.7900000214576721,1.2367996376323473,1.4367996376323473
8.955932378768921,0.9871506244889893,0.2675762375409837,-1.2169687790041095,0.02545257822633186,0.04778542650912243,0.23110335452832217,0.22200000286102295,-0.643785554319555,-0.8339999914169312,1.2607665354364823,1.4607665354364823
9.006857633590698,0.9912498657118836,0.2522661128706312,-1.2472355576410128,0.024930884889182874,0.04036462013203912,0.24459223207501032,0.23399999737739563,-0.6476311152748933,-0.7900000214576721,1.2760321331572668,1.4760321331572668
9.056363344192505,0.9947857540582824,0.23889813555285402,-1.2759266553127306,0.024723508698865308,0.030780372538109724,0.23694762706126166,0.23000000417232513,-0.6063536252932735,-0.8339999914169312,1.2893840528762277,1.4893840528762277
9.106012105941772,0.9974235858857108,0.23000116532384016,-1.3032469001992355,0.02500535529950655,0.015879006135894436,0.24513128160449713,0.23399999737739563,-0.5820014847384578,-0.7020000219345093,1.2983508928221752,1.4983508928221752
9.155713081359863,0.9998345713129788,0.22095723490562827,-1.3296182960829455,0.02514565940979594,0.0017249527879921178,0.24435550574490497,0.23399999737739563,-0.5475474805935302,-0.7020000219345093,1.3074032994158868,1.5074032994158868
9.207112789154053,1.0020245956119775,0.21179557632231785,-1.354367532954876,0.02515710935132207,-0.011011718399712711,0.24487652727715523,0.23399999737739563,-0.5151347703550033,-0.6140000224113464,1.316521014875222,1.516521014875222
9.257236003875732,1.0066133353250464,0.18814006259745203,-1.4158659455481832,0.024652630444937783,-0.04297228904173522,0.24820600537773446,0.2370000034570694,-0.43458316097420996,-0.6579999923706055,1.33987736991178,1.53987736991178
9.30774974822998,1.008099251572569,0.17823104891948857,-1.4390113326616667,0.024220673842587522,-0.054292419116341195,0.2610121545363027,0.24899999797344208,-0.42116036694571596,-0.6140000224113464,1.349598930497276,1.549598930497276
9.35578441619873,1.009366779018308,0.16823121837514657,-1.4606558425442338,0.023675159797470886,-0.06427562312833568,0.2644713547704316,0.25200000405311584,-0.39253763963480154,-0.5699999928474426,1.3593848122874521,1.559384812287452
9.40600323677063,1.0095962655651862,0.1581424442205479,-1.4803778072353186,0.02220724350230493,-0.07264156667622235,0.2686181334819453,0.25600001215934753,-0.3581150423078374,-0.5260000228881836,1.3691083457629352,1.5691083457629351
9.456536531448364,1.0062295441346893,0.14738133537338394,-1.501241614516658,0.017195453140853873,-0.08217799635743006,0.2690709103436464,0.25600001215934753,-0.2724369643666424,-0.4390000104904175,1.378985619337167,1.578985619337167
9.506781339645386,1.0028429686352889,0.13647362131642732,-1.5215148080073584,0.012257831895493794,-0.09104160037365872,0.2817374243714237,0.2680000066757202,-0.19654336224060429,-0.39500001072883606,1.3891164778378575,1.5891164778378575
9.556465864181519,1.0037207029359236,0.10994977032430857,-1.5595674816480969,0.009796770389271249,-0.10051131438682792,0.27799506905637666,0.2639999985694885,-0.1326437928426617,-0.35100001096725464,1.4152259998324406,1.6152259998324405
9.606014490127563,1.003809808727405,0.09917019139276566,-1.5717411796935246,0.008744229413039938,-0.1013490522822702,0.2815653593781911,0.2680000066757202,-0.1173900236892599,-0.21899999678134918,1.425849391331517,1.6258493913315168
9.65614914894104,1.0037750503395977,0.08823027167082921,-1.5804095269266314,0.007675075268268682,-0.09864393693102791,0.29295545201440987,0.27900001406669617,-0.11418181845974412,-0.2630000114440918,1.4366436745263755,1.6366436745263755
9.709429025650024,1.0036589398127556,0.07759091395454812,-1.587550619226364,0.006671529444558566,-0.09483260121665871,0.27705452049000784,0.2639999985694885,-0.1045709846189138,-0.17499999701976776,1.4471577116743108,1.6471577116743108
9.755979776382446,1.0028821019175989,0.06643695204703384,-1.593321993918789,0.005089908084207769,-0.08925560427886436,0.2832549887436183,0.2750000059604645,-0.10268935256810008,-0.0430000014603138,1.4581595773349711,1.658159577334971
9.806838035583496,0.9940666056210106,0.05194080024203548,-1.6065583850082368,-0.004573620833284493,-0.08825394020997113,0.2886773659348981,0.2750000059604645,0.026492156995560488,-0.13099999725818634,1.4721009501197373,1.6721009501197373
9.855916261672974,0.9840793828201871,0.031568886812066425,-1.6215260584612174,-0.015413861657504302,-0.0828675859825081,0.2973014736593855,0.28299999237060547,0.16515427468538385,-0.0430000014603138,1.4922349504068488,1.6922349504068488
9.906873226165771,0.9829007388199104,0.009219965795086077,-1.62622290760405,-0.017056018925862226,-0.06480963943459472,0.29977368491606304,0.28600001335144043,0.13495269363011533,0.0,1.514925166359599,1.714925166359599
9.956101417541504,0.9822625122169016,-0.002282346207211069,-1.6252459530112007,-0.017734837469006552,-0.052125301050105266,0.29649462351718747,0.28299999237060547,0.10444557865059835,0.0430000014603138,1.526629433345816,1.7266294333458159
10.006453275680542,0.9816394648056302,-0.013805517582727547,-1.622131345017752,-0.018263447166452125,-0.037266872441949817,0.3006562965573647,0.2939999997615814,0.06900480314388022,0.08699999749660492,1.5383687813665319,1.7383687813665318
10.055753231048584,0.9810516131143886,-0.025550807486371403,-1.6191205666969226,-0.01861548672304355,-0.02224970822985051,0.28889143530538425,0.28999999165534973,0.025354498992987248,0.13099999725818634,1.5503449618162926,1.7503449618162925
10.107464790344238,0.9804897667622502,-0.037377464139994016,-1.6156259752169384,-0.01879700408428936,-0.006613486977508964,0.2943923299741228,0.2980000078678131,-0.022984907560634288,0.0430000014603138,1.562410761410826,1.762410761410826
10.157744407653809,0.9518780667488881,-0.07611150033333322,-1.6414290505621334,-0.045063412757895605,0.01023744584325792,0.3105529098893931,0.2980000078678131,0.2990638535676683,0.0430000014603138,1.6041444751163614,1.8041444751163613
10.205849170684814,0.951057456370619,-0.08784282965829046,-1.638128494232374,-0.0448579837826075,0.0264371773823191,0.3026083892120487,0.2939999997615814,0.23673193108890173,0.08699999749660492,1.616482072880934,1.8164820728809339
10.256373882293701,0.9502767089007392,-0.0995768795219494,-1.6339529060117057,-0.04445993229313646,0.043693347058725074,0.30437370653462564,0.3019999861717224,0.17606598761503545,0.08699999749660492,1.628819510996037,1.828819510996037
10.306048154830933,0.9495597827906405,-0.11123483944130973,-1.6290034800924138,-0.04385279392165685,0.061826955134343775,0.2961539147312932,0.3019999861717224,0.10196749469309048,0.17499999701976776,1.6410659933342557,1.8410659933342557
10.35625433921814,0.9488774719684542,-0.12321541728458525,-1.622722013720819,-0.043013348988262666,0.08188281216289428,0.28777355077052247,0.3019999861717224,0.016853865534975233,0.17499999701976776,1.6536348966575831,1.853634896657583
10.405985116958618,0.9482715805802263,-0.13528019263017624,-1.6163445335431426,-0.04191961712194419,0.1023777834474553,0.27899618675571297,0.2980000078678131,-0.07408496227997867,0.13099999725818634,1.6662648547471421,1.866264854747142
10.455875158309937,0.9470812295641154,-0.16497606878052753,-1.60289376755843,-0.0381943594532297,0.15179040648607445,0.2784914511752963,0.3019999861717224,-0.3209947282349086,0.17499999701976776,1.6971920033933858,1.8971920033933858
10.506026029586792,0.9501826558605012,-0.17120983370527998,-1.6002165561140496,-0.033985945511927115,0.16146492830509,0.2657215091115482,0.28999999165534973,-0.4070243476364001,0.0430000014603138,1.7029910748554904,1.9029910748554903
10.556367874145508,0.9563029358754266,-0.1728423817449602,-1.602524021589983,-0.027666967306347427,0.15971284827619225,0.261286079256458,0.28600001335144043,-0.48923000014015205,0.0,1.703448145184589,1.903448145184589
10.608185052871704,0.9599345007756138,-0.17784381755255543,-1.6077104520901837,-0.023138936561288476,0.15983044964192805,0.2580758687763509,0.28299999237060547,-0.5552567278073359,-0.13099999725818634,1.707789971139952,1.907789971139952
10.656161308288574,0.959506380115878,-0.18891551619570512,-1.6157517454699266,-0.021318419328083964,0.16576200595812263,0.23550642772490685,0.25999999046325684,-0.5645087549099254,-0.3070000112056732,1.7190300263819085,1.9190300263819084
10.705811500549316,0.9589936456853053,-0.19960316622488328,-1.6264491736152578,-0.019511698646191834,0.16889304661159477,0.2380115092281691,0.25999999046325684,-0.6119088561710255,-0.39500001072883606,1.7298586348633584,1.9298586348633584
10.7567617893219,0.9576055225360753,-0.2201956152779441,-1.6584930024908182,-0.016000023481297743,0.16456252942850313,0.24086154086542064,0.25600001215934753,-0.6695949279420316,-0.5260000228881836,1.7506891912676221,1.950689191267622
10.80598521232605,0.956185571354643,-0.23474604187886838,-1.6853531653659959,-0.013595777598310377,0.1582899473903061,0.22755443186669153,0.24500000476837158,-0.680122197518822,-0.4819999933242798,1.7654144415881248,1.9654144415881247
10.855671644210815,0.9543782789653311,-0.24909211297772654,-1.7185157033719012,-0.011319500759778384,0.14637944732805797,0.22777547361817574,0.24500000476837158,-0.7063904141865278,-0.5699999928474426,1.7799584932510952,1.9799584932510952
10.906688928604126,0.9536894420905103,-0.25372113781851624,-1.7311457705556326,-0.010620539328290933,0.1408401169609552,0.21978236693778463,0.2370000034570694,-0.6877287543253726,-0.5699999928474426,1.78466375228225,1.98466375228225
10.955947637557983,0.9503732542278288,-0.27193966703756706,-1.78311873098223,-0.008117536826745769,0.11804019216641604,0.20939612957149512,0.22200000286102295,-0.6583875367531313,-0.6579999923706055,1.803285289604462,2.003285289604462
11.004498481750488,0.9503732542278288,-0.27193966703756706,-1.78311873098223,-0.008117536826745769,0.11804019216641604,0.21823093948750166,0.22599999606609344,-0.6702503549485179,-0.7020000219345093,1.803285289604462,2.003285289604462
11.055702686309814,0.9462843836328696,-0.2892413026548844,-1.835323663472942,-0.006111568695958707,0.09570317589226064,0.20884064892216644,0.21899999678134918,-0.6617974899643776,-0.7020000219345093,1.82116283041918,2.02116283041918
11.106738805770874,0.943998662631592,-0.2974487290046164,-1.8626154139864333,-0.0052941067643217776,0.08344222216322406,0.21054043783014664,0.2150000035762787,-0.6521797592603581,-0.7459999918937683,1.8297290758701727,2.029729075870173
11.15709137916565,0.9401133795957182,-0.3097487767361841,-1.9047805581233095,-0.004249447833080737,0.06501633214809188,0.20923468417493757,0.210999995470047,-0.6437803252751317,-0.7900000214576721,1.8426992566163165,2.0426992566163165
11.206420183181763,0.9358993848457562,-0.3213674641093775,-1.9442605185673756,-0.003472141791450139,0.049474445026600485,0.19107018964768793,0.2070000022649765,-0.6390281399764667,-0.6579999923706055,1.85512672797347,2.05512672797347
11.257018089294434,0.9312265554214816,-0.33287421218401775,-1.982140066363447,-0.0028545092688330746,0.03693475253923273,0.1914828969220799,0.2029999941587448,-0.6401674703197419,-0.7020000219345093,1.8676111264300153,2.067611126430015
11.3074951171875,0.9279796915245164,-0.34018554183817334,-2.007088108540209,-0.002543912205967678,0.029050170827063404,0.18545504239275334,0.20000000298023224,-0.639559788061872,-0.6579999923706055,1.875651099762745,2.075651099762745
11.35627818107605,0.9245514795876948,-0.34741358080537976,-2.0316211083874816,-0.002293909473826362,0.022190478501387556,0.18517996453409696,0.20000000298023224,-0.6503381596848429,-0.6579999923706055,1.8836898524349734,2.0836898524349734
11.40578579902649,0.9210586344238683,-0.3543428910682658,-2.0564748710599394,-0.0021003147283895677,0.015107229738956285,0.17994310093188,0.19200000166893005,-0.6334552271557911,-0.6579999923706055,1.8914864306479389,2.091486430647939
11.455852031707764,0.9174356633677376,-0.3601785243309887,-2.0805669270550493,-0.002421159920127493,0.007275399559572904,0.17283338121548691,0.1809999942779541,-0.5984310590001769,-0.6140000224113464,1.898384585348466,2.098384585348466
11.507002592086792,0.9115109695875381,-0.361327236014054,-2.1148113999960034,-0.006984675720293669,-0.01731452464802219,0.19061448562348268,0.1809999942779541,-0.5290091948996373,-0.7020000219345093,1.9023793031086604,2.1023793031086604
11.556285619735718,0.9037323499389399,-0.3705282548054096,-2.1623799855588226,-0.008904757351749388,-0.034396405777689765,0.18029560484905416,0.16899999976158142,-0.48027336296004297,-0.5699999928474426,1.9145167723954875,2.1145167723954876
11.605824947357178,0.8997034550942973,-0.37644702760816307,-2.185556307128069,-0.009125865477943307,-0.03829190436129615,0.19012155548532372,0.1809999942779541,-0.5246895088948188,-0.6140000224113464,1.9218472035016518,2.121847203501652
11.655911207199097,0.8955384711065529,-0.3822708256853916,-2.2081953833041017,-0.00937227563488629,-0.04092302831191574,0.1855243661823831,0.1770000010728836,-0.5249666919184748,-0.5699999928474426,1.9291880071975835,2.1291880071975835
11.713210105895996,0.8912445250727864,-0.3880001971724055,-2.230567725530095,-0.009632598219041322,-0.04253522193414438,0.18605145071804732,0.1809999942779541,-0.5503166843621324,-0.5260000228881836,1.936540573328553,2.136540573328553
11.781346797943115,0.8867719253639195,-0.3936932734311258,-2.2526941265365625,-0.009906504830568609,-0.04285543519943902,0.18593634713886242,0.1809999942779541,-0.5656593676093901,-0.5260000228881836,1.9439884166268275,2.1439884166268275
11.817486047744751,0.8821744545949116,-0.39928602861488327,-2.2751539133726375,-0.010179686221872663,-0.04266464833914707,0.18578909820470632,0.1809999942779541,-0.5811841536093161,-0.5260000228881836,1.9514507968465473,2.1514507968465475
11.866449117660522,0.8749990876077521,-0.4075436762729039,-2.309203182851606,-0.010572393960036324,-0.04079122546199754,0.18509677469584804,0.1809999942779541,-0.6057986781161236,-0.5260000228881836,1.9627567329844713,2.1627567329844712
11.912389278411865,0.8648770554248231,-0.41831226211733613,-2.352861584656937,-0.011033630854405369,-0.03251649331900541,0.19053082810041852,0.18799999356269836,-0.6702630857638895,-0.6140000224113464,1.978091476051621,2.178091476051621
11.965049982070923,0.8622272331460898,-0.4209798383223406,-2.3625921834674704,-0.0111298909573401,-0.028389018116848682,0.18770995755125908,0.19200000166893005,-0.6981136159298494,-0.5699999928474426,1.982003693987767,2.182003693987767
12.021551132202148,0.8582940922119487,-0.4309849318824885,-2.3963781997449227,-0.006869861725830978,-0.02483581517853528,0.1812349888727694,0.1850000023841858,-0.7245957429892864,-0.5699999928474426,1.9922103529318032,2.192210352931803
12.06386137008667,0.8501843465153925,-0.44280877194825685,-2.44448731706291,-0.003644684296593199,-0.01790175083208423,0.17524127534215125,0.1850000023841858,-0.7718065742277815,-0.5699999928474426,2.006471168310648,2.206471168310648
12.114805221557617,0.8443258555208983,-0.4476498612013113,-2.4694360878252453,-0.0037124318057513697,-0.011697419294460776,0.18340764299968085,0.18799999356269836,-0.7984844972974939,-0.7020000219345093,2.0141856574122072,2.2141856574122074
12.16265320777893,0.8383484321081949,-0.45234326212470366,-2.495573543193594,-0.003729434383344552,-0.005727550989325092,0.17874481068576575,0.1809999942779541,-0.7799925714263516,-0.7020000219345093,2.02190525544214,2.2219052554421403
12.216140031814575,0.8324241213915051,-0.45674373631394316,-2.5222900246222384,-0.0037067351001275214,-0.0003989321424637815,0.17960742291405812,0.1770000010728836,-0.770681306156674,-0.7459999918937683,2.0294045205050546,2.2294045205050548
12.262845516204834,0.8265617124455225,-0.46085406754761193,-2.549164804998513,-0.0036519605598979783,0.004585572769796541,0.18278324774573537,0.1850000023841858,-0.8112587809188543,-0.7459999918937683,2.036681600963511,2.2366816009635113
12.31548523902893,0.8199286570265322,-0.467434372771752,-2.586749578692879,-0.0016655314752606328,0.008426453021469715,0.18144828717868705,0.1809999942779541,-0.8056253512093098,-0.7900000214576721,2.0459220748403193,2.2459220748403195
12.364633083343506,0.8184451115934211,-0.4751464909021152,-2.619717546642661,0.004214984379341136,-0.0008930143917567079,0.17407383772783203,0.1770000010728836,-0.8014868026548735,-0.7459999918937683,2.051097732341423,2.251097732341423
12.412045955657959,0.8102025144131879,-0.4805615877642058,-2.6621661595201576,0.005010666939266757,0.0013052014099912412,0.17844946918257376,0.1770000010728836,-0.7978393032460076,-0.8339999914169312,2.060722340921662,2.2607223409216624
12.463439702987671,0.8039662879941851,-0.48374066766973667,-2.691931638969369,0.005076401751667389,0.0037372213550517226,0.1788482048018593,0.1770000010728836,-0.792098037665244,-0.8339999914169312,2.0675600354935706,2.2675600354935708
12.512375593185425,0.7976400367221815,-0.4867366337072675,-2.7229186853071425,0.005164307365284584,0.005174978425564802,0.18036331520135618,0.1770000010728836,-0.7835951615954652,-0.8339999914169312,2.074393549262972,2.2743935492629723
12.562714099884033,0.7912216113157905,-0.4895295652032199,-2.7540109375456856,0.005256943080619536,0.006710424425520057,0.1744134616580435,0.17299999296665192,-0.7565055167416459,-0.7900000214576721,2.081223107234269,2.2812231072342692
12.61948275566101,0.784719418829654,-0.4921216213184961,-2.7847609987704094,0.0053605241426461225,0.00862764983799913,0.1743886681717821,0.1770000010728836,-0.7640329351520443,-0.7459999918937683,2.088049007686329,2.2880490076863294
12.661971092224121,0.7713802840921312,-0.49757262519574963,-2.855979112718704,0.0064148005564420236,0.0042245512288063836,0.18048154295151375,0.16899999976158142,-0.6990815862899004,-0.8339999914169312,2.102029371722128,2.3020293717221283
12.712252855300903,0.7666268878699635,-0.4994065594767409,-2.88346969794046,0.006915908329499779,7.331664988763364e-05,0.18340242512776458,0.17299999296665192,-0.7005929315765483,-0.7900000214576721,2.1069445164819753,2.3069445164819755
12.76216983795166,0.759766837411969,-0.5011566482565659,-2.9144355557775787,0.006971906424234066,0.001392921917741763,0.18450789138103593,0.1770000010728836,-0.7025734990651709,-0.7459999918937683,2.113800143102902,2.313800143102902
12.816656827926636,0.7529344570091344,-0.5026785097197519,-2.9440022574024245,0.007036403462060738,0.003396822293224133,0.18607145402354403,0.1770000010728836,-0.6892289528289706,-0.7459999918937683,2.120578859569091,2.3205788595690913
12.86691689491272,0.7459035348182623,-0.5040310286890285,-2.973946710639803,0.007120993639073059,0.0052844503442393,0.18753617124672622,0.1770000010728836,-0.6750940725904448,-0.7459999918937683,2.1275131473055695,2.3275131473055697
12.913811445236206,0.7389934750825484,-0.5051481038346229,-3.0025265683531988,0.007213763099250217,0.007304793536407228,0.19409159782963428,0.1809999942779541,-0.6763633874259777,-0.7900000214576721,2.134293273242724,2.334293273242724
12.96566367149353,0.7210877674072054,-0.5071410321158308,-3.069365077725698,0.007527794002556848,0.01643207580566841,0.18448435510057695,0.1770000010728836,-0.6330188676621559,-0.6579999923706055,2.151751143331672,2.351751143331672
13.013023614883423,0.7138633372514693,-0.5076127730669875,-3.0959370170916674,0.007702170246400055,0.01908080217023711,0.19311078102481527,0.1809999942779541,-0.6345268666317304,-0.7020000219345093,2.158766793816763,2.358766793816763
13.062519550323486,0.7059767420454076,-0.5078194486638766,-3.121950727463631,0.007821925345856942,0.024017879348951856,0.19864177396297428,0.1850000023841858,-0.6376445455718915,-0.7459999918937683,2.1664153064834313,2.3664153064834315
13.113940238952637,0.6920638598414874,-0.5068121213849389,3.1326711558716367,0.007243338524527798,0.047790825063364295,0.19851132875095873,0.19200000166893005,-0.6640004786884396,-0.6579999923706055,2.1799597805448725,2.3799597805448727
13.165259599685669,0.6702257300675224,-0.5051530249665149,3.0815202409079943,0.007670386350669689,0.07253567962366692,0.19349928631303984,0.18799999356269836,-0.644823257349438,-0.6140000224113464,2.2012964633376395,2.4012964633376397
13.232490539550781,0.6702257300675224,-0.5051530249665149,3.0815202409079943,0.007670386350669689,0.07253567962366692,0.19349928631303984,0.18799999356269836,-0.644823257349438,-0.6140000224113464,2.2012964633376395,2.4012964633376397
13.265347242355347,0.6547528456201642,-0.5039590211890239,3.0377547205826705,0.008915678413461359,0.07756438370164531,0.1938380816113383,0.19200000166893005,-0.6429462668273013,-0.5699999928474426,2.216362451518823,2.416362451518823
13.313677787780762,0.6433102931163625,-0.5026301584636343,3.0035599748152846,0.009868513179916516,0.07705695447551708,0.2060230412280883,0.19599999487400055,-0.6389349128164732,-0.6140000224113464,2.2275267600305977,2.427526760030598
13.361530303955078,0.6318408522260122,-0.5008978535410618,2.968425442819026,0.010810431117714682,0.0737936703349118,0.2128137663686452,0.20000000298023224,-0.630430159159801,-0.6579999923706055,2.238759121297424,2.4387591212974242
13.418078899383545,0.6302451663136462,-0.5011368165572957,2.9585049902034464,0.01143516894854599,0.0678261012995156,0.20836328643902152,0.19599999487400055,-0.60907379429236,-0.6140000224113464,2.2402027573798944,2.4402027573798946
13.46278429031372,0.630681985964874,-0.5046072714346356,2.920616105801404,0.014690661137709022,0.026557268371384612,0.2126502456655273,0.20000000298023224,-0.5702873123791619,-0.6579999923706055,2.2389676309224518,2.4402027573798946
13.512837171554565,0.6227706838098529,-0.5027789376203499,2.8955715426480415,0.014942150375970426,0.022483842013759418,0.21915309252594975,0.2070000022649765,-0.5715864898381842,-0.6579999923706055,2.2467729501044276,2.4467729501044277
13.568729877471924,0.6147535855872684,-0.5007096087724909,2.870468200921333,0.015159270388266335,0.017874161706699532,0.21237782800398067,0.20000000298023224,-0.5305809737649443,-0.5699999928474426,2.2547417017517515,2.4547417017517517
13.612440347671509,0.6068469777123636,-0.4984619015295371,2.846746880158567,0.01533870444018212,0.01362569825537241,0.21912365099655098,0.2070000022649765,-0.5278904240526537,-0.6579999923706055,2.262662808685083,2.4626628086850832
13.668230295181274,0.5947819769469976,-0.49462844911695036,2.8120037652884045,0.01553096686681801,0.007289116719151778,0.2309007005214315,0.21899999678134918,-0.5247769521967848,-0.6140000224113464,2.274882791092205,2.474882791092205
13.716124057769775,0.5828514225209609,-0.49039466495428724,2.7777834064088687,0.015648758201410692,-0.00035449228860340304,0.22708938291547132,0.2150000035762787,-0.4801792694298705,-0.5699999928474426,2.2871277498726843,2.4871277498726845
13.762122631072998,0.5678824310546208,-0.48663973181862,2.748463124661562,0.017692092055709933,0.00012885636831239108,0.23026952309086005,0.21899999678134918,-0.4867774046308719,-0.5260000228881836,2.3019287434658096,2.5019287434658097
13.817615509033203,0.5573070074817263,-0.48410811117264685,2.731057519803242,0.01951173476556131,0.0021940247189280453,0.23135841766224335,0.22200000286102295,-0.5005253088881466,-0.4819999933242798,2.3122879067374233,2.5122879067374235
13.862868309020996,0.5490354136431759,-0.48046109169590295,2.71258667522894,0.019559731416914816,-0.0006950665294027659,0.2322009742967186,0.22200000286102295,-0.483030838765273,-0.4819999933242798,2.3210233269810683,2.5210233269810685
13.911574840545654,0.5409781253952444,-0.4767284493574797,2.6931559653023944,0.019576225491100885,-0.005485627418934324,0.2329974513927463,0.22200000286102295,-0.461914452483412,-0.4819999933242798,2.3296168530408696,2.52961685304087
13.965591430664062,0.5328507156997624,-0.47277058530570326,2.674128668609782,0.01954864794421438,-0.010270909662478012,0.24590209962700377,0.23399999737739563,-0.46454104791544326,-0.5260000228881836,2.33837810742839,2.53837810742839
14.013312816619873,0.5205959028782123,-0.46642657187618136,2.6451472210276026,0.019409347336130554,-0.01868710385145489,0.2464862731393141,0.23399999737739563,-0.4278521400211777,-0.5260000228881836,2.3517766348334166,2.5517766348334168
14.079288244247437,0.5044853694878052,-0.45726900106548807,2.610429261029958,0.01892447544332318,-0.02787736240894878,0.24002563591435958,0.23000000417232513,-0.3753729893409331,-0.39500001072883606,2.369812797592857,2.5698127975928573
14.111080169677734,0.4981565904557035,-0.4495655438301999,2.5865828225662764,0.01528453389147764,-0.03973900448200717,0.249333694756504,0.2370000034570694,-0.30993090329880346,-0.39500001072883606,2.3788891877347775,2.5788891877347777
14.161635875701904,0.49181165573935304,-0.44160188427368086,2.563025792947473,0.01153740702030391,-0.05154241662562243,0.24714875495334795,0.23399999737739563,-0.22796735784257935,-0.35100001096725464,2.3881991823495325,2.5881991823495327
14.21197247505188,0.48402172686160383,-0.43598518876915054,2.547407230028904,0.01065565167135114,-0.055793642434314616,0.2623517473832858,0.24899999797344208,-0.21202941159319236,-0.35100001096725464,2.3976361338500425,2.5976361338500427
14.26496958732605,0.4758572787688078,-0.43042153587072784,2.5310023061871725,0.010121171046809232,-0.060981071846597956,0.2693929139018617,0.25600001215934753,-0.1885831026988872,-0.35100001096725464,2.407385074661286,2.6073850746612863
14.32079029083252,0.46760242375700994,-0.4246021186196529,2.515555461992186,0.009526330966915452,-0.06548650987090543,0.26452833601015735,0.25200000405311584,-0.15790280271961893,-0.39500001072883606,2.4173599900377423,2.6173599900377424
14.363080024719238,0.44720846546148596,-0.40939643881555093,2.4804605800189,0.007818906904075107,-0.0751513766489844,0.26515850723388495,0.25200000405311584,-0.09147253367125302,-0.3070000112056732,2.4425210597775258,2.642521059777526
14.412868976593018,0.4392703566683726,-0.40318418924756644,2.4703839892726838,0.007080053805681951,-0.07592335360058966,0.26561029861243995,0.25200000405311584,-0.07269585673007217,-0.21899999678134918,2.4525045739293896,2.6525045739293898
14.46345329284668,0.43095290710854095,-0.39654873669931867,2.4622281583109653,0.006300088371497821,-0.07470068866804393,0.2776140097578318,0.2639999985694885,-0.06116364492484162,-0.17499999701976776,2.4630531914978047,2.663053191497805
14.517228126525879,0.42281122030888774,-0.38995004803585187,2.456186656734266,0.005546295712944874,-0.07191361468219837,0.28119075874070765,0.2680000066757202,-0.05188634019868112,-0.13099999725818634,2.473453734978777,2.6734537349787773
14.561198234558105,0.4150448076968374,-0.3804567162776836,2.457608837652808,0.0023122727559981263,-0.06096242603247859,0.2753281382212318,0.2639999985694885,-0.029473556829172128,-0.08699999749660492,2.4852475963141893,2.6852475963141895
14.618830442428589,0.40735385266227114,-0.37026991529693176,2.4607714387639823,-0.0014154770326974275,-0.0484403972153431,0.28891211718584975,0.27900001406669617,-0.005782550008863948,-0.08699999749660492,2.4974505505600835,2.6974505505600836
14.666620254516602,0.38606330463450705,-0.3515073520601432,2.4565677558264354,-0.0036783132553563883,-0.032715433841072006,0.2821714174934631,0.2709999978542328,-0.0003129589330465478,0.0,2.5257851393791264,2.7257851393791266
14.71493673324585,0.37736524805881516,-0.34438827669168215,2.4550615974398844,-0.004014568729444667,-0.026941044566422438,0.2949113726741411,0.28299999237060547,-0.005368417632694696,-0.0430000014603138,2.537051821747902,2.7370518217479023
14.762253761291504,0.3686762139472644,-0.3372581849626291,2.4540821458476176,-0.00428514248140043,-0.020969726108429843,0.28856480044514815,0.27900001406669617,-0.012023392520244537,0.0,2.548317388258398,2.748317388258398
14.805885791778564,0.3599432446777703,-0.33008703731286143,2.4533554911880486,-0.004484119697636666,-0.015031683390185346,0.29210512850256604,0.28600001335144043,-0.020427047985021787,0.0,2.5596449007843085,2.7596449007843087
14.856701612472534,0.34220149882066825,-0.3154818593409363,2.454102895042432,-0.0046934341635706,-0.0016469525454518852,0.2780667287807139,0.2939999997615814,-0.045494266530521243,0.0,2.582680025738382,2.782680025738382
14.904861688613892,0.34220149882066825,-0.3154818593409363,2.454102895042432,-0.0046934341635706,-0.0016469525454518852,0.27305950944942,0.28600001335144043,-0.04425632940712448,0.0,2.582680025738382,2.782680025738382
14.956466674804688,0.3229387160392669,-0.29726909199256313,2.4526008235917622,-0.006411319240732562,0.01000520586399567,0.2590159387801055,0.2750000059604645,-0.03941150390448315,0.0430000014603138,2.6092052971213993,2.8092052971213994
15.006025552749634,0.3164322150129057,-0.2899710949823245,2.449783053674985,-0.007789438077261401,0.01166219465497198,0.2763818851878704,0.28299999237060547,-0.021647187637474696,0.0430000014603138,2.618920433875226,2.8189204338752263
15.056833028793335,0.30783450115375793,-0.28285598328688855,2.4503544542932856,-0.0076260272312029705,0.017178421995383882,0.2726354160542712,0.2680000066757202,-0.03319952145912483,-0.0430000014603138,2.6301171838695927,2.830117183869593
15.105775356292725,0.2995319376277217,-0.2759802352059292,2.4502561564837606,-0.007420730735173577,0.0216439427978532,0.27353496385021897,0.2750000059604645,-0.04509792419396309,-0.0430000014603138,2.6409297131523735,2.8409297131523736
15.156211853027344,0.28282234975357967,-0.2621354039637343,2.4479728529571134,-0.006868880547330589,0.027960974599603894,0.27184339871595026,0.2750000059604645,-0.06227556440802636,-0.0430000014603138,2.6626824202779713,2.8626824202779715
15.20568585395813,0.27436707781078273,-0.25509920008821463,2.446072429610599,-0.006543497323393674,0.030136805199954875,0.26664740723848684,0.2680000066757202,-0.06722886976750674,-0.0430000014603138,2.6737068841592238,2.873706884159224
15.257465124130249,0.26603267208417863,-0.24813664093782406,2.4439242528713803,-0.006199960430009478,0.03183476457997614,0.2836031136985033,0.2709999978542328,-0.07370952895669823,-0.08699999749660492,2.68458602745276,2.88458602745276
15.3058762550354,0.25358408404344457,-0.23767623839784652,2.4423611088958865,-0.005656567305934519,0.035712448171759455,0.28305192831344594,0.2709999978542328,-0.08650709857748316,-0.08699999749660492,2.7008687442797874,2.9008687442797876
15.356488704681396,0.24102274259061102,-0.22710131934610558,2.439311339586263,-0.005036225748967996,0.03779194626294524,0.2902779529694143,0.27900001406669617,-0.09847277352578102,-0.08699999749660492,2.7173046167804005,2.9173046167804007
15.405888080596924,0.23682421047256957,-0.22354853128633692,2.4388538470226453,-0.00482390238331844,0.03897402350251067,0.27767459376296394,0.2750000059604645,-0.10161271514690493,-0.0430000014603138,2.722809381230716,2.9228093812307163
15.457135915756226,0.2199415973708359,-0.20919436593174393,2.4337276062597675,-0.003932288314237591,0.04007213759754791,0.282346265459794,0.2709999978542328,-0.10898683039180704,-0.08699999749660492,2.7449776841135214,2.9449776841135216
15.507553577423096,0.21146908445836726,-0.2019306118231063,2.4305260123979266,-0.0034785303796894852,0.03978340740827635,0.28250687930869717,0.2750000059604645,-0.11299273221379612,-0.0430000014603138,2.75614016364301,2.9561401636430102
15.55605149269104,0.20297127429439193,-0.1946042402594222,2.428147407927289,-0.0030214413039686013,0.0401898476038407,0.2782951361805463,0.2680000066757202,-0.1144165646000461,-0.13099999725818634,2.7673599503859903,2.9673599503859904
15.605684757232666,0.19476934004105972,-0.18748611051355507,2.424356750318054,-0.0025854788913987456,0.03896047106211897,0.28493319270794215,0.2750000059604645,-0.11719898787668133,-0.13099999725818634,2.7782184302164223,2.9782184302164225
15.65635371208191,0.18224298973217135,-0.17650227426686335,2.4178886567129534,-0.0019495149976688844,0.036178819688472696,0.29269380563722847,0.28299999237060547,-0.11740027890758441,-0.13099999725818634,2.7948745044497847,2.994874504449785
15.706195831298828,0.16988684929825776,-0.1655370780202557,2.4121296350728274,-0.0013588004906514245,0.03379141238481198,0.28453949083040914,0.2750000059604645,-0.11159270366565435,-0.13099999725818634,2.811389616627135,3.011389616627135
15.756168603897095,0.157426712950977,-0.15435799568735198,2.4067545151934837,-0.0007966241034244402,0.031558174231802294,0.29273577378086746,0.28299999237060547,-0.11237029377521433,-0.13099999725818634,2.8281236342241747,3.028123634224175
15.805718898773193,0.1490971296328717,-0.14681110858124494,2.403162729066739,-0.00044547026877172574,0.029924976637573767,0.29011776078003165,0.27900001406669617,-0.10846905383476173,-0.08699999749660492,2.8393583446314095,3.0393583446314096
15.855973243713379,0.1407471959633555,-0.13919741078837458,2.399366463898852,-0.00010675371103854008,0.027980205320029313,0.2855654586601201,0.27900001406669617,-0.10513942480796261,-0.17499999701976776,2.850653771025556,3.0506537710255563
15.906240701675415,0.13243304128842426,-0.13154466897877518,2.395602796587662,0.00019927406761982471,0.02595087507349625,0.2972814743201425,0.28600001335144043,-0.1036977153856621,-0.08699999749660492,2.8619506645497736,3.061950664549774
15.956430196762085,0.12403807775085803,-0.1237730479203646,2.3911336176119615,0.000495661511305427,0.023122513855927007,0.30714897026218774,0.2980000078678131,-0.101276704797695,-0.13099999725818634,2.8733862544870603,3.0733862544870605
16.00563406944275,0.11128114320060119,-0.11182272676604958,2.3845821852223867,0.0008799100357431164,0.018857592927665756,0.2983357003933369,0.28999999165534973,-0.08772359889801801,-0.13099999725818634,2.8908604465228533,3.0908604465228535
16.05632257461548,0.09419319660493297,-0.09557419122863138,2.3756714110975055,0.0012812495320975593,0.012622751092016937,0.2895748746198356,0.28999999165534973,-0.07011334896730591,-0.13099999725818634,2.9144340871218675,3.1144340871218676
16.10820174217224,0.08566677816546459,-0.08735922322015949,2.3716756473044454,0.0014273741391117962,0.009797426619579941,0.29824507273138984,0.3019999861717224,-0.06392802389414177,-0.08699999749660492,2.9262715967963415,3.1262715967963417
16.156383275985718,0.08686144524325107,-0.07432930178479946,2.362456793607225,-0.008675155758005423,0.0013335930027995602,0.2690210332972886,0.2939999997615814,0.112850856912863,-0.08699999749660492,2.9345893912976955,3.1345893912976956
16.20631170272827,0.09218784413038476,-0.05949969188392089,2.3509462527321254,-0.022958655666834277,-0.009612324392055172,0.2770003892727333,0.3019999861717224,0.36185557609397606,-0.08699999749660492,2.9412516466310272,3.1412516466310274
16.257641553878784,0.08979810895475798,-0.048050006432243844,2.344309057474783,-0.029403860922285488,-0.015484872738030564,0.2730107373258645,0.2980000078678131,0.4674561438144949,-0.0430000014603138,2.9510313409738105,3.1510313409738107
16.30622625350952,0.0816413700931157,-0.03968998731959565,2.3434330857130523,-0.029584764569246833,-0.01554409841467086,0.3042303932504635,0.2939999997615814,0.46628256986008887,0.08699999749660492,2.962733543779807,3.162733543779807
16.358765840530396,0.061619210930169296,-0.01932392334223454,2.3576267167537743,-0.029883787222632525,0.00019883214994065312,0.29745769366644914,0.28600001335144043,0.4193778594869599,0.08699999749660492,2.991339428935126,3.1913394289351262
16.405675649642944,0.05369567557545341,-0.011465023265511548,2.3687983257071368,-0.029849331133815857,0.011805504046209057,0.2947941434832171,0.28299999237060547,0.38462934637064383,0.3070000112056732,3.0025109191488673,3.2025109191488674
16.456260919570923,0.04556679231279017,-0.003587047875492258,2.382290682549105,-0.029678907502849322,0.025642281436245806,0.29454267612121177,0.28299999237060547,0.3462698842554645,0.39500001072883606,3.0138398169075873,3.2138398169075875
16.507023334503174,0.03722325217683883,0.004268832919964993,2.398474933049908,-0.02933775243637,0.04207663257275085,0.29319866859809324,0.28299999237060547,0.29837006713305625,0.39500001072883606,3.0253020126305157,3.225302012630516
16.557907581329346,0.01991884735765511,0.019750149593800982,2.435003245931885,-0.02805021674545641,0.07880873720555392,0.302146586740779,0.2939999997615814,0.19051770396882012,0.4390000104904175,3.0484924466338406,3.2484924466338407
16.604486227035522,0.01991884735765511,0.019750149593800982,2.435003245931885,-0.02805021674545641,0.07880873720555392,0.2988088506274164,0.28999999165534973,0.1879256211087047,0.39500001072883606,3.0484924466338406,3.2484924466338407
16.656308889389038,-0.0024647601023417443,0.03821674697473837,2.476757108141006,-0.02528344738477344,0.12025228684094902,0.2949868272155939,0.28600001335144043,0.0361178554229665,0.35100001096725464,3.0773687342514653,3.2773687342514655
16.70799469947815,-0.011685645158396147,0.04538581372531894,2.489392047339149,-0.023837835205463682,0.1325864233299776,0.300138921706688,0.28999999165534973,-0.016656040127334744,0.3070000112056732,3.0889525826578934,3.2889525826578936
16.75701069831848,-0.02105169014559965,0.05249734357085725,2.499100415147919,-0.02225302964000144,0.14189033934077377,0.2973944559729173,0.28600001335144043,-0.06237779260022527,0.17499999701976776,3.100595968409845,3.300595968409845
16.80569553375244,-0.0303510105938634,0.059431478668348366,2.505174800792939,-0.02059502095559984,0.14746522804396323,0.29470165784920216,0.28999999165534973,-0.10024626072794375,0.0430000014603138,3.1120661804349417,3.312066180434942
16.85595679283142,-0.04909207734822463,0.0732420006494018,2.507570629485343,-0.0171577201344146,0.14855573324113358,0.30203161133543155,0.2980000078678131,-0.15111189422993226,-0.0430000014603138,3.1350660757727304,3.3350660757727306
16.90680718421936,-0.05849908818915289,0.08016518570740458,2.504465769017551,-0.015438543139412397,0.14464098771793577,0.2946372326536812,0.28999999165534973,-0.15760220444878534,-0.0430000014603138,3.1466061314089635,3.3466061314089637
16.95844078063965,-0.06788455772922382,0.0871175404675979,2.500577874183786,-0.013765206391873761,0.13983843034381452,0.293895576066493,0.28299999237060547,-0.16092210178392588,-0.13099999725818634,3.158152308925138,3.3581523089251384
17.00589871406555,-0.0821256368256747,0.09779606373455021,2.4955912079529616,-0.011339960878415573,0.1332505735464644,0.31446618342371074,0.3050000071525574,-0.18538292858427852,-0.13099999725818634,3.1757661321968516,3.3757661321968517
17.0559184551239,-0.09636262971475561,0.10857966829919452,2.4880796192431074,-0.009022929139799128,0.12387764913195953,0.3055998969970798,0.2939999997615814,-0.18033383305674677,-0.17499999701976776,3.1934562953301913,3.3934562953301914
17.10637354850769,-0.10115810385220572,0.11225187180681082,2.4849659227433336,-0.008278677338048337,0.12007483101096739,0.3152379827983878,0.3050000071525574,-0.18509609528265586,-0.13099999725818634,3.199444487643406,3.399444487643406
17.16744089126587,-0.12067500247864679,0.12742304522019626,2.474547733942782,-0.005456705262759218,0.10651669104743401,0.32333679066002646,0.31299999356269836,-0.18412086430035005,-0.13099999725818634,3.2239811400185707,3.423981140018571
17.20585060119629,-0.1303095885939035,0.1350370135751613,2.4685603272916987,-0.004182970762923241,0.09877234716996641,0.32484655166398163,0.31299999356269836,-0.17590504088081355,-0.21899999678134918,3.2361866183092993,3.4361866183092995
17.256261348724365,-0.14019136353163195,0.14295062848833778,2.4625918169942493,-0.002974589047417155,0.09085224807745806,0.3240570661539979,0.31299999356269836,-0.16585914407175656,-0.13099999725818634,3.248781826080593,3.448781826080593
17.306730270385742,-0.14992411661175156,0.15082613289222158,2.456146428082594,-0.0018678093446758905,0.08233124396713931,0.3279141930225678,0.3199999928474426,-0.15565479320294368,-0.21899999678134918,3.26124780015031,3.46124780015031
17.35689616203308,-0.16700994548570308,0.15857993218936775,2.4506168028786384,0.00439262881356513,0.07360635727425757,0.3421331009333522,0.3319999873638153,-0.22971693475520924,-0.17499999701976776,3.278939699493439,3.478939699493439
17.4060800075531,-0.18470225851799682,0.16412648705940397,2.4458177842692828,0.012610174279606175,0.0655209264161174,0.3284612735914373,0.31700000166893005,-0.31714314521343895,-0.17499999701976776,3.295588728469128,3.4955887284691283
17.456099033355713,-0.19965212484240175,0.1766775686109832,2.4368715261953855,0.01379682070746925,0.05235939260185196,0.3385338300886432,0.328000009059906,-0.29640531360358874,-0.21899999678134918,3.315128278439238,3.515128278439238
17.505831718444824,-0.20968888880360279,0.18525091335502591,2.4293983151647676,0.014438495660412208,0.0418040139263729,0.34472463841953016,0.3319999873638153,-0.26984442454838375,-0.17499999701976776,3.3283561655194185,3.5283561655194187
17.57936668395996,-0.21978606208582097,0.19399938349557397,2.4209131683084775,0.014951412108946224,0.029999271593667665,0.3332883469817913,0.3240000009536743,-0.22742544088940486,-0.2630000114440918,3.3417550739491158,3.541755073949116
17.6060791015625,-0.22972545988575377,0.2027763062010257,2.4121957302490826,0.01529054311084933,0.017782529407300185,0.34446636698393696,0.3319999873638153,-0.19171345745157728,-0.17499999701976776,3.3550636020671396,3.55506360206714
17.657514333724976,-0.2396706457921724,0.21169716554214665,2.402227826748233,0.015479858802643156,0.004073610804944838,0.35370696983222916,0.35100001096725464,-0.15070146892526248,-0.21899999678134918,3.3684797848965227,3.568479784896523
17.705739974975586,-0.2546549571904327,0.22548102165872455,2.389179993730894,0.015413119844067267,-0.015107982275140317,0.3263221557502834,0.33899998664855957,-0.06801482708717764,-0.2630000114440918,3.3889343300297488,3.588934330029749
17.75652027130127,-0.2746838110288684,0.24447017405079685,2.3725541008486775,0.014696509063679216,-0.04093824700832194,0.32792421499484065,0.35100001096725464,0.05057166640915682,-0.21899999678134918,3.4166633136783773,3.6166633136783775
17.80647087097168,-0.2844112297593439,0.2539174379493716,2.3653084935573165,0.014084797790101532,-0.05310666571612322,0.3146290369011172,0.33899998664855957,0.10968755279544169,-0.17499999701976776,3.430280333720031,3.630280333720031
17.855912685394287,-0.294183702245356,0.2635474335771244,2.3609202936199583,0.013296559077529855,-0.0627560716345239,0.30312173239791274,0.328000009059906,0.16030683174524252,-0.0430000014603138,3.4440496966736434,3.6440496966736435
17.90634536743164,-0.3035007090592609,0.2727847144984047,2.358110358099032,0.01243363853524467,-0.0708809162371793,0.2991064383214608,0.3240000009536743,0.2082714174112523,-0.08699999749660492,3.457209631765971,3.657209631765971
17.957013368606567,-0.3126743847483481,0.2819392198479115,2.3566589636490445,0.011469131889746822,-0.07786051046885277,0.30303770353406706,0.328000009059906,0.25975689452260586,-0.0430000014603138,3.4701997539667224,3.6701997539667226
18.00637412071228,-0.32611185124211556,0.295371798719249,2.359100484834957,0.009905086741166337,-0.08406418458266218,0.28407829445229066,0.3089999854564667,0.3031868930534523,0.08699999749660492,3.489227614477216,3.689227614477216
18.05615496635437,-0.3435486242516748,0.3125823294779698,2.370776969358954,0.007790340943006625,-0.0845554374943931,0.2840290682150278,0.3089999854564667,0.3590498803631501,0.08699999749660492,3.5137436230449692,3.7137436230449694
18.105722188949585,-0.35205607636148056,0.3208169155012975,2.3793360432648814,0.006773617492139421,-0.08232199276927908,0.2642064908445409,0.28600001335144043,0.35109362922909887,0.2630000114440918,3.5255859475557267,3.725585947555727
18.156417846679688,-0.3604092565431519,0.3287499719237716,2.38972254134068,0.005819966205245737,-0.07839388190912544,0.2897910700496464,0.27900001406669617,0.35555545110232734,0.35100001096725464,3.5371070033935417,3.737107003393542
18.20723271369934,-0.3686461355564424,0.33639783981378035,2.4023794661793265,0.004942653703843124,-0.07233656805579392,0.2868032027111619,0.27900001406669617,0.3620373658925211,0.35100001096725464,3.548348162623142,3.748348162623142
18.2564115524292,-0.376860170976757,0.3438338814438345,2.4158977671823676,0.004142995417740907,-0.06563746421387551,0.29374399252516353,0.28299999237060547,0.37142353957268565,0.39500001072883606,3.559430184532397,3.759430184532397
18.3063325881958,-0.3894055772156398,0.35479554765427723,2.4390651339100806,0.0030868615163313355,-0.05333219892984653,0.2752641931536929,0.27900001406669617,0.36560848801520607,0.35100001096725464,3.576095652157596,3.776095652157596
18.355740070343018,-0.4067865064704638,0.3691452080739062,2.4712044363834496,0.0019868808813018825,-0.03716932769435122,0.2904961256324748,0.28299999237060547,0.36996494470396524,0.39500001072883606,3.5986484669994616,3.798648466999462
18.406649827957153,-0.4157343397835872,0.37617641486852116,2.485992233660533,0.0015647036424839417,-0.031058771119831796,0.26567517411430486,0.28999999165534973,0.3842502274454446,0.3070000112056732,3.61003595518186,3.8100359551818603
18.456639766693115,-0.4234513383082087,0.3777205940766157,2.5029410256643767,0.004804037438889878,-0.019809563425213114,0.29301661877826013,0.28600001335144043,0.31229939183928596,0.35100001096725464,3.6172265727360657,3.817226572736066
18.50590181350708,-0.43048400233997053,0.37682898410497756,2.52174638325344,0.009598781289391511,-0.005286026999617555,0.30091625455465587,0.28600001335144043,0.21064859633229086,0.4390000104904175,3.622478929340001,3.822478929340001
18.55620241165161,-0.43880082300347945,0.380060889599843,2.538573276693461,0.011722064471543255,0.004186115616535702,0.3086905994598177,0.2939999997615814,0.1721867216852132,0.35100001096725464,3.63122380021678,3.83122380021678
18.605872631072998,-0.4529489050245011,0.38966466039486064,2.557905372517931,0.011777644182767312,0.008119072809591454,0.29287861393342873,0.28600001335144043,0.186957394705627,0.2630000114440918,3.648504549608836,3.8485045496088364
18.663511753082275,-0.47248216350827216,0.4023291859155639,2.5804434589057785,0.011900492831114896,0.007613477195426821,0.27636323293869086,0.28999999165534973,0.23902669410353636,0.21899999678134918,3.672057096691923,3.872057096691923
18.706042528152466,-0.4825230282307117,0.40860336629402677,2.5910919269337263,0.011947274918691839,0.005524469506346996,0.2805460935221963,0.2980000078678131,0.28039304831516054,0.21899999678134918,3.6840489834902224,3.8840489834902225
18.7557430267334,-0.4925563728745159,0.4147376056588637,2.601126264229365,0.01195476443953015,0.0021490924082181455,0.2640969600096082,0.28600001335144043,0.3087909488341257,0.17499999701976776,3.6959692730264657,3.895969273026466
18.805975914001465,-0.5024448485197806,0.42064766902483564,2.6112683600713154,0.011920452824070855,-0.0016172141647370353,0.2701333821884389,0.28999999165534973,0.3568605424729008,0.21899999678134918,3.7076553947520483,3.9076553947520485
18.856635808944702,-0.5226231992932938,0.4322971919640394,2.628298528943625,0.011688669027304567,-0.015341480190075972,0.26586909087004584,0.28999999165534973,0.4731195657726583,0.21899999678134918,3.731317800932745,3.931317800932745
18.905250310897827,-0.5226231992932938,0.4322971919640394,2.628298528943625,0.011688669027304567,-0.015341480190075972,0.2558060424392706,0.27900001406669617,0.45517368725540025,0.2630000114440918,3.731317800932745,3.931317800932745
18.955872535705566,-0.547370534045471,0.4459411339540387,2.6553008492021437,0.010933649846736077,-0.03102128358374623,0.2506916440894991,0.2750000059604645,0.5993946142873848,0.3070000112056732,3.760051382107543,3.9600513821075434
19.006457090377808,-0.5569886140618184,0.45098397497313963,2.6687689282737934,0.010535850666225997,-0.03574133389414014,0.24409680600771372,0.2680000066757202,0.6421093554863238,0.3070000112056732,3.771099573397868,3.971099573397868
19.055744647979736,-0.5664825258368806,0.4557875055246423,2.6834174919330143,0.010103103986632705,-0.03999690872397954,0.24450125893579733,0.2680000066757202,0.7001587993337558,0.39500001072883606,3.781925858709945,3.9819258587099453
19.107172966003418,-0.5755441576746713,0.4602023018342686,2.700341430678042,0.009654083940641796,-0.042026850594472975,0.22381798481860837,0.24500000476837158,0.6871575126066897,0.4819999933242798,3.7921831032572317,3.992183103257232
19.156065702438354,-0.5934610365250036,0.46834081321933335,2.741186925536913,0.008731558317309786,-0.041415310020858964,0.216271007777045,0.2370000034570694,0.7457981336101128,0.5699999928474426,3.8122108932303407,4.012210893230341
19.204508543014526,-0.5934610365250036,0.46834081321933335,2.741186925536913,0.008731558317309786,-0.041415310020858964,0.21978235049870004,0.2370000034570694,0.7457981336101128,0.6579999923706055,3.8122108932303407,4.012210893230341
19.255934238433838,-0.6151096644066931,0.4768920981845463,2.803538902961977,0.007719397493267009,-0.03283816151067498,0.20459720431193862,0.22200000286102295,0.7716501237285633,0.6579999923706055,3.83590966914755,4.03590966914755
19.30600094795227,-0.6235264257320654,0.47978417586938,2.8311703823369934,0.007390875705841072,-0.02773428087701335,0.20885284132606818,0.22599999606609344,0.8087664590301663,0.7020000219345093,3.8449738852467035,4.044973885246703
19.356260061264038,-0.6317345052530317,0.48234993290338046,2.85909699968593,0.007118865769103096,-0.022706724461801997,0.2048413189296115,0.2150000035762787,0.7893604235175422,0.7459999918937683,3.853735590108437,4.053735590108437
19.406120538711548,-0.6397030737859738,0.484598550234185,2.8874333839015263,0.006897641688885539,-0.017507208157782284,0.20034184720941076,0.2070000022649765,0.7764705214922989,0.7459999918937683,3.8621747341225245,4.062174734122524
19.456175804138184,-0.6556029047090957,0.48835578750527425,2.9470419489780255,0.006578696008372776,-0.006899385142718373,0.20341854675405224,0.2029999941587448,0.7879233454015112,0.7900000214576721,3.878841015314051,4.078841015314051
19.50589942932129,-0.6635225803854747,0.4898518975394255,2.9778949505113417,0.0064827426253242105,-0.0019319909423556325,0.1997348125171842,0.19599999487400055,0.7710845891064572,0.7900000214576721,3.887069465044447,4.087069465044447
19.556883573532104,-0.6736733287714427,0.48409473954676924,3.0311018820656583,0.013658148347492755,0.019877073671967782,0.2018869569120449,0.19599999487400055,0.6908540597283835,0.7900000214576721,3.8965908294679092,4.096590829467909
19.609935522079468,-0.6793051896383271,0.4749871855766718,3.0701175373948564,0.023384696278994217,0.04252168558442371,0.20747387108955112,0.20000000298023224,0.5786213486759498,0.8339999914169312,3.9013738959515263,4.101373895951526
19.65563678741455,-0.6862408582334918,0.47122320060562783,3.1049051882785728,0.027832015101784697,0.05202415855407061,0.20790343373605558,0.20000000298023224,0.5278505958942245,0.8339999914169312,3.908540853866482,4.108540853866482
19.706599473953247,-0.6940773411866472,0.4714511165400359,3.136661232236312,0.0281749439107888,0.051755885508772526,0.209629300134538,0.20000000298023224,0.5389286773114377,0.7459999918937683,3.9172703664510515,4.117270366451051
19.757153272628784,-0.7096729764389966,0.47118677093815625,-3.088815655100096,0.028798271618490627,0.041087692011605885,0.2078498917576804,0.20000000298023224,0.5730668031797532,0.6579999923706055,3.9348076271894774,4.134807627189478
19.80565047264099,-0.717658699955519,0.4707122388970768,-3.0627942641314254,0.029030882909121373,0.029679124725540795,0.20902249198032527,0.20000000298023224,0.5982713874248026,0.6579999923706055,3.9438862731119952,4.143886273111995
19.855571508407593,-0.7256891464550849,0.47002458174015094,-3.0377153470484615,0.029166178766360892,0.015474014056646723,0.20997082863681038,0.20000000298023224,0.626030591088979,0.6579999923706055,3.953088461319087,4.153088461319087
19.9060800075531,-0.7377259234358856,0.4686121404902039,-3.0011641108673865,0.029139594724924483,-0.009679496624323214,0.21257386222602895,0.2029999941587448,0.6796704966350444,0.6140000224113464,3.9670086941589027,4.167008694158903
19.963797330856323,-0.7498443559534141,0.46675814712214464,-2.9659996076107222,0.02876434293680551,-0.03953104778788097,0.21149859007851093,0.2029999941587448,0.726872365456902,0.6140000224113464,3.9811467957309574,4.181146795730958
20.006114721298218,-0.7539994667719953,0.466020945714842,-2.9543867395915693,0.028549569469034537,-0.05071791596784613,0.21746807264360404,0.210999995470047,0.7729216806211034,0.6140000224113464,3.9860146812289488,4.186014681228949
20.05606174468994,-0.7699164737380868,0.46270620824748243,-2.906261554507691,0.027299057887677617,-0.09150293754557648,0.213478909961493,0.210999995470047,0.8292793207111886,0.6140000224113464,4.0047142412228744,4.204714241222875
20.105735301971436,-0.7780338962449258,0.46070758289721203,-2.8812261831515533,0.026395551641234024,-0.11212657325204578,0.21969575302366923,0.210999995470047,0.8551780351656438,0.7020000219345093,4.014249126176149,4.214249126176149
20.15750288963318,-0.7860812185739017,0.45464164964383386,-2.853368863091284,0.028855510611604688,-0.1380154211018212,0.22182481266147264,0.210999995470047,0.851864068342379,0.7020000219345093,4.02550910651693,4.22550910651693
20.20854091644287,-0.793878540501969,0.444510529033589,-2.8212836255779195,0.03449630183491392,-0.16946697031070013,0.22783887077330545,0.2150000035762787,0.8334396535677797,0.8339999914169312,4.038996918901332,4.238996918901332
20.257853031158447,-0.806079459191541,0.43490694148091713,-2.774156913959535,0.036583670333105466,-0.20630410316049375,0.23583213035266548,0.22599999606609344,0.8690704550843096,0.7020000219345093,4.05737118800292,4.25737118800292
20.308238983154297,-0.8184486374162493,0.42991394553510254,-2.726993222102159,0.03361993485113921,-0.22619330488086353,0.23206618330690382,0.22599999606609344,0.890095633220796,0.7900000214576721,4.072734133877305,4.2727341338773055
20.3572895526886,-0.8307666981625249,0.42424777247205153,-2.676950573636339,0.030376413406699002,-0.2390115526324763,0.2304655598386494,0.22200000286102295,0.8844249381975151,0.8339999914169312,4.087914347280007,4.287914347280007
20.40756893157959,-0.8388120864875078,0.4201262620308698,-2.6415431526182225,0.028140432149707774,-0.24263894836433278,0.24490756732359115,0.23399999737739563,0.9310939638154347,0.878000020980835,4.097816209429826,4.2978162094298265
20.45864462852478,-0.8469859830869398,0.41556662733251265,-2.6055373666368786,0.025796558696089062,-0.24475672796106496,0.245780825318469,0.23399999737739563,0.9285069648019976,0.878000020980835,4.1079067637970725,4.307906763797073
20.50704550743103,-0.8571828871977838,0.41140106947636634,-2.569480994988144,0.021374325001677505,-0.248441016640212,0.24166487410852108,0.23000000417232513,0.9340609684283944,0.921999990940094,4.118934142622032,4.318934142622032
20.55823802947998,-0.8786604048177561,0.40587993995477717,-2.5162016502821967,0.008813244904395147,-0.25986955698870773,0.24618502442080406,0.2370000034570694,1.0,0.921999990940094,4.138200364137307,4.3382003641373075
20.610647916793823,-0.8917044566375829,0.3978364394858244,-2.460592960440635,0.0034760051663511346,-0.24959744365213818,0.24645993268859984,0.2370000034570694,1.0,0.921999990940094,4.152847345748716,4.3528473457487165
20.656277179718018,-0.9028079882746275,0.38848121165456867,-2.402885874641923,-0.0001320506255730339,-0.23268264100341396,0.2538544833422559,0.24500000476837158,1.0,1.0089999437332153,4.166981412029347,4.3669814120293475
20.705921411514282,-0.9099339162434421,0.3818713051356711,-2.364230435731586,-0.002409277142338253,-0.21969592573896168,0.2536606612349055,0.24500000476837158,1.0,1.0089999437332153,4.176398305250529,4.376398305250529
20.756296396255493,-0.9169467691028299,0.37482761774097084,-2.324920223948622,-0.004598593890744174,-0.20539783973366088,0.25369964529212385,0.24500000476837158,1.0,1.0089999437332153,4.186006545522654,4.386006545522654
20.806062698364258,-0.9267914835817977,0.363913768042432,-2.2672542515453875,-0.007560309273391997,-0.182641888191867,0.2535222326077513,0.24500000476837158,0.9597481228404224,1.0089999437332153,4.20019218758681,4.40019218758681
20.856387615203857,-0.9394308391282145,0.35107208171420967,-2.218995221592878,-0.012597013124557108,-0.1731107814625532,0.26578947002815806,0.25600001215934753,1.0,0.9649999737739563,4.217104513925929,4.4171045139259295
20.909868478775024,-0.9437450054693688,0.3466329727662184,-2.2035154871351095,-0.014439993720952905,-0.17011929183829455,0.25920989045691895,0.24899999797344208,0.9807365830085537,0.9649999737739563,4.222845257640664,4.422845257640664
20.955783367156982,-0.9561857749768193,0.32972968121963486,-2.129521381457705,-0.01845942111297615,-0.137121756247796,0.2662172579596704,0.25600001215934753,0.9456765314228353,0.9649999737739563,4.242773093979666,4.442773093979667
21.005764961242676,-0.9614886817775118,0.3210639754162274,-2.091414021901445,-0.01984683366261151,-0.11775997825413498,0.27054368876899826,0.25999999046325684,0.9170778538001619,0.921999990940094,4.2524785757478,4.4524785757478
21.05671977996826,-0.9665396666070032,0.3120650276362532,-2.0539275494114158,-0.02106005595596642,-0.0986053372805138,0.2629796525087118,0.25200000405311584,0.8459932452212691,0.921999990940094,4.262351895937964,4.462351895937964
21.106441736221313,-0.9734529579236573,0.2982613044102761,-1.998593185188503,-0.022493737298204967,-0.06945030517811102,0.2687642005416104,0.25600001215934753,0.7902421783111481,0.9649999737739563,4.277153804531769,4.47715380453177
21.155910968780518,-0.9834053360613952,0.27923065016453075,-1.9315460602284973,-0.025504702206607294,-0.03628372203927399,0.2728235094546196,0.25999999046325684,0.7357477001294738,0.921999990940094,4.297606221030916,4.4976062210309165
21.204535245895386,-0.9834053360613952,0.27923065016453075,-1.9315460602284973,-0.025504702206607294,-0.03628372203927399,0.27680758648911585,0.2639999985694885,0.7470669188702728,0.878000020980835,4.297606221030916,4.4976062210309165
21.259576320648193,-0.9947117547367479,0.2593130398073078,-1.8754215102667064,-0.030247627805267196,-0.0132508148675905,0.28011246099524845,0.2680000066757202,0.7355671720329621,0.8339999914169312,4.319092302847257,4.519092302847257
21.30701470375061,-0.9978640597904815,0.2490046362299721,-1.844663878371968,-0.030387536444078735,0.0024151909367071678,0.28018777787554416,0.2680000066757202,0.690838434521756,0.8339999914169312,4.329413533525885,4.529413533525886
21.356566667556763,-1.0020478281978673,0.23310739971234296,-1.796595062993775,-0.030259719303875585,0.02831765004284592,0.2879383861781319,0.2750000059604645,0.6304053947293496,0.8339999914169312,4.345179718447977,4.545179718447977
21.40585470199585,-1.009505321437413,0.215742578654869,-1.7469327265720784,-0.033338091412000885,0.05400506420498119,0.2832707854572912,0.2709999978542328,0.58029759371091,0.7900000214576721,4.363064176972613,4.563064176972613
21.456421852111816,-1.0142476870043333,0.20902407320915806,-1.7302437392019887,-0.03645889780647623,0.06125754454773391,0.29581633830491433,0.28299999237060547,0.619186081212497,0.8339999914169312,4.370343463371995,4.570343463371995
21.506081581115723,-1.0232203989645885,0.19595898309002593,-1.6985779497547417,-0.042484208581281616,0.07529092035818685,0.2971431406105544,0.28600001335144043,0.6506093023922424,0.7020000219345093,4.384307537187001,4.5843075371870015
21.55627202987671,-1.0264428720552012,0.17309005584507187,-1.647748115757649,-0.041337215134179074,0.09951901087268,0.29111739910625906,0.28299999237060547,0.5587909010546313,0.5699999928474426,4.406259522546144,4.606259522546144
21.606189012527466,-1.0272739362276575,0.16143983516187344,-1.62439353542066,-0.04018579698796567,0.10988532684929231,0.3052821795782613,0.2939999997615814,0.5345244020663192,0.6140000224113464,4.417353213546039,4.617353213546039
21.657642602920532,-1.0284118106566549,0.14396337933063416,-1.5876537609926877,-0.03863079687009215,0.1275876180554525,0.3018325161957415,0.28999999165534973,0.4554560410911497,0.5699999928474426,4.434047447562571,4.634047447562571
21.706032037734985,-1.0380155710908356,0.1282295424931446,-1.5473553311819217,-0.046022016242130454,0.1499973800330563,0.3105355230014707,0.2980000078678131,0.4916024308075783,0.5699999928474426,4.450177393083835,4.650177393083835
21.767300128936768,-1.041110338386301,0.11095503965606071,-1.516642721584763,-0.04707045977307067,0.16265885471874708,0.31185563789793413,0.3019999861717224,0.47235472944418383,0.4390000104904175,4.4668556213272925,4.666855621327293
21.804794549942017,-1.041110338386301,0.11095503965606071,-1.516642721584763,-0.04707045977307067,0.16265885471874708,0.31827209300843473,0.3089999854564667,0.48330334838344013,0.4390000104904175,4.4668556213272925,4.666855621327293
21.855934619903564,-1.039420383027115,0.08635433651079528,-1.4766746142035303,-0.043025132917030855,0.1781167962509298,0.32137810139295453,0.3089999854564667,0.38490842029700467,0.5260000228881836,4.4900765350542695,4.69007653505427
21.905861854553223,-1.0381345340469486,0.0734584732358951,-1.4556391553237733,-0.04074277632895639,0.18648221473560822,0.336575681278962,0.3240000009536743,0.3461938401997071,0.5260000228881836,4.50230328872618,4.70230328872618
21.95650362968445,-1.0370402705355546,0.061854559848766116,-1.4372759593369016,-0.038889618450244405,0.19350509106668734,0.32339058336998894,0.31299999356269836,0.28861180043826895,0.39500001072883606,4.5133589052220255,4.713358905222026
22.007997035980225,-1.0354607179882076,0.04536060607017405,-1.4118405431440402,-0.03645564092956319,0.20289825725167845,0.33079420390338876,0.3199999928474426,0.23308467102943647,0.39500001072883606,4.529144337249785,4.729144337249785
22.05740213394165,-1.0310487603814675,0.019757835191106524,-1.3789981636769038,-0.031238114196891553,0.2109729918151215,0.33939943162949077,0.328000009059906,0.14013530921986345,0.39500001072883606,4.55375747240191,4.75375747240191
22.105726718902588,-1.0284715607854384,0.006730404759573778,-1.364141636575385,-0.028493583335776444,0.21319880130496616,0.34287512033674095,0.3319999873638153,0.09572505243193664,0.35100001096725464,4.566373620042933,4.766373620042933
22.155802249908447,-1.0256903612092965,-0.006336837335573851,-1.3526133450341615,-0.025709931135095832,0.2120043252095718,0.3415702538286895,0.3319999873638153,0.06028348784545646,0.2630000114440918,4.579095601083367,4.779095601083367
22.206421375274658,-1.018359996584461,-0.015132247301508023,-1.3453499074928874,-0.0184724428813047,0.21058134995039854,0.3500813095837446,0.33899998664855957,-0.046953297043331774,0.17499999701976776,4.587775794089987,4.787775794089987
22.256356477737427,-1.0088300009215807,-0.022165019188113356,-1.3413865015575277,-0.009073578124311418,0.2074220479414344,0.3475396123526546,0.335999995470047,-0.18730818740289853,0.13099999725818634,4.5948848857526805,4.794884885752681
22.306501865386963,-1.0009939301665487,-0.03895965637894805,-1.3344539172329366,-0.0017529636570825138,0.1973238541443063,0.35049558718135404,0.33899998664855957,-0.2708948384493282,0.08699999749660492,4.61181870226463,4.81181870226463
22.355852842330933,-0.9945599781541057,-0.06555238520683697,-1.3361589302655719,0.0032726218103746115,0.16824502825302767,0.35548497165618936,0.34299999475479126,-0.24569206176155503,-0.0430000014603138,4.63873510461328,4.8387351046132805
22.405807971954346,-0.9913692829356774,-0.07897846688973842,-1.3415084444811967,0.0054695989395943225,0.14876663528663658,0.3559614722403898,0.34700000286102295,-0.20969255235209452,-0.17499999701976776,4.652421028607795,4.852421028607795
22.45646381378174,-0.9882243372454612,-0.09255905576807023,-1.347280785836452,0.007412009285183664,0.12845424886823742,0.3476650858970712,0.34299999475479126,-0.1601008018677274,-0.21899999678134918,4.66631882497326,4.86631882497326
22.50838351249695,-0.9852299209641517,-0.10586628790318423,-1.3536286349089857,0.00903187497725665,0.10759073048095823,0.34407414520521373,0.33899998664855957,-0.10295385410118588,-0.17499999701976776,4.67998179258947,4.87998179258947
22.555665969848633,-0.984915862339693,-0.11935666018054941,-1.3636777460356735,0.007770508584908346,0.08287905662886108,0.35101689343969367,0.35100001096725464,0.016932511613144637,-0.21899999678134918,4.693540006715742,4.893540006715742
22.605785131454468,-0.9870681476631129,-0.13274712417521317,-1.3765579901609015,0.0038819018950298828,0.05557745338347542,0.33146066437362554,0.34700000286102295,0.19443851670542514,-0.17499999701976776,4.70661697424048,4.90661697424048
22.656279802322388,-0.9864107592153842,-0.1531263935575106,-1.3909608476779842,0.001484193957314154,0.01814834337029114,0.3224733341483992,0.34700000286102295,0.39153156921904425,-0.08699999749660492,4.726927440197428,4.926927440197428
22.70618200302124,-0.9816084013039806,-0.18014279100032077,-1.3984944082020168,0.0014313477158928458,-0.022009821487719572,0.318057712772348,0.34299999475479126,0.5663913776601363,-0.0430000014603138,4.754416012611632,4.954416012611632
22.755648136138916,-0.9792882016303198,-0.1934419143159024,-1.3962620384143722,0.0010273504451721257,-0.03655000998499646,0.30702236778963915,0.3319999873638153,0.6252889660274022,0.08699999749660492,4.767930787024078,4.967930787024078
22.811761379241943,-0.976951103927637,-0.20659589781712595,-1.3891135137127062,0.0004428801183853529,-0.04652413111570208,0.3070544041416847,0.3319999873638153,0.6920012238100824,0.2630000114440918,4.781290714022273,4.981290714022273
22.86866521835327,-0.9745173096317918,-0.2196509279958699,-1.3793093636508909,-0.00025593930945382666,-0.05431607114848269,0.3071257736692147,0.3319999873638153,0.7553539034404556,0.35100001096725464,4.794554031853291,4.9945540318532915
22.918166875839233,-0.9720327763242665,-0.2322277950738237,-1.3669899295744012,-0.0010183768889327955,-0.05958301958933099,0.2992272300690937,0.3240000009536743,0.7931048435123242,0.4390000104904175,4.80734014610957,5.00734014610957
22.964756965637207,-0.967995820740057,-0.2508752240199296,-1.3351979432793613,-0.002233970513116404,-0.055175542954633894,0.307100770088108,0.3089999854564667,0.8041338025904511,0.7020000219345093,4.826336427109305,5.026336427109305
23.013935089111328,-0.9593102014391106,-0.28360470844410046,-1.2839004809737355,-0.004173786706035194,-0.056720970819504,0.2946273729268168,0.3019999861717224,0.9062516476303123,0.7900000214576721,4.859974707488935,5.059974707488935
23.06578493118286,-0.9553197705667614,-0.2969952329409837,-1.25464301747099,-0.005091326904244366,-0.051094191665019384,0.2845449535668387,0.28999999165534973,0.9066672594991176,0.8339999914169312,4.873809684857359,5.073809684857359
23.118382692337036,-0.9515717637344011,-0.3081415468710782,-1.2235956102898013,-0.005716932380083642,-0.040903670599999664,0.2798062024310583,0.28999999165534973,0.9226116563829837,0.8339999914169312,4.885440158197294,5.085440158197295
23.16568398475647,-0.9474734430801932,-0.3191638298966332,-1.1917399385557734,-0.006221827366193182,-0.03086334392606971,0.2819860834793132,0.2939999997615814,0.9525051542803386,0.878000020980835,4.897058747498225,5.097058747498225
23.222213983535767,-0.9431162471900796,-0.3298275553445472,-1.1581749619735984,-0.006603382943418148,-0.019677914436312838,0.27219431341874634,0.28999999165534973,0.9528949017393995,0.8339999914169312,4.9084285871284346,5.108428587128435
23.27415132522583,-0.9358847986219894,-0.34556359731042896,-1.1039443561383593,-0.0069356104245103445,-0.0011686599589946223,0.26611140134882416,0.27900001406669617,0.9316841760561853,0.878000020980835,4.925501444012146,5.125501444012146
23.312129497528076,-0.925338491067594,-0.3651384197877153,-1.0273056248818848,-0.006900564415723572,0.0254982099167671,0.2669535996330807,0.2750000059604645,0.9280020303512071,0.921999990940094,4.947391509761016,5.147391509761016
23.361600637435913,-0.919678462063852,-0.3743123896443282,-0.989250681965225,-0.006664847701362149,0.037470021181567836,0.2653564088847689,0.25999999046325684,0.8824515582713613,1.0089999437332153,4.95799437751997,5.15799437751997
23.411657333374023,-0.9136370302664178,-0.3833121491282457,-0.9510126457375259,-0.00630233328170863,0.04813574345380322,0.27498393167543633,0.2709999978542328,0.9270703870520678,1.0529999732971191,4.968649434504553,5.1686494345045535
23.46351909637451,-0.9072635329064301,-0.3920799930537471,-0.913279297966304,-0.005841404301122424,0.05685701963623091,0.2753015169676274,0.2709999978542328,0.9375800256076727,1.0529999732971191,4.979303505909579,5.179303505909579
23.515738248825073,-0.9007821774230671,-0.4003148337717114,-0.8753863933511115,-0.005301858439973467,0.06523255052401244,0.26523058326929344,0.2639999985694885,0.9211361745087205,0.9649999737739563,4.98960518572933,5.18960518572933
23.561643600463867,-0.8830252900234165,-0.42005395192037454,-0.7831615484177026,-0.0036470943863231384,0.07558444929660135,0.2663614941746818,0.2639999985694885,0.9556807698373335,0.9649999737739563,5.015743948052745,5.215743948052745
23.61423349380493,-0.8830252900234165,-0.42005395192037454,-0.7831615484177026,-0.0036470943863231384,0.07558444929660135,0.27139583130985945,0.2680000066757202,0.9701608109245796,1.0089999437332153,5.015743948052745,5.215743948052745
23.667579650878906,-0.8674134764958615,-0.43474210062032265,-0.7086584951806734,-0.0022044952667286846,0.07586335773402329,0.2655714248987324,0.2680000066757202,1.0,0.921999990940094,5.036921425446724,5.236921425446724
23.715410232543945,-0.8592730479086472,-0.4415929597167653,-0.671795503140092,-0.001510809410291687,0.07302403294943138,0.2668103321741323,0.2639999985694885,1.0,0.9649999737739563,5.04746663890869,5.247466638908691
23.76280188560486,-0.850660428831714,-0.4410963660186479,-0.6315615302250254,0.004621121730687817,0.08942788972187611,0.2748700301516905,0.2709999978542328,0.9307982436302512,0.9649999737739563,5.053573064849168,5.253573064849168
23.814669847488403,-0.8418230041923843,-0.4372939104694013,-0.5896300626929676,0.013275426730595277,0.11398370432219795,0.26511923022038536,0.2639999985694885,0.7489001108273796,0.9649999737739563,5.057932084941283,5.257932084941284
23.86620855331421,-0.8239320118315919,-0.4438134423108799,-0.5117762490169561,0.019163999833496027,0.11073281284061809,0.25256476992509,0.25200000405311584,0.6591210664234175,0.921999990940094,5.077366657202909,5.277366657202909
23.914387464523315,-0.810048629787516,-0.45126801879107875,-0.4573060071278797,0.0206118868946065,0.08888836435079507,0.2641517504715931,0.2639999985694885,0.7166334156288137,0.878000020980835,5.094579969650723,5.294579969650723
23.970322847366333,-0.7959361163686787,-0.4579126304653731,-0.40728766498194324,0.021649401919183024,0.05909014611720037,0.2652616863337412,0.2639999985694885,0.7510929674115617,0.7900000214576721,5.111835101287598,5.311835101287598
24.016972064971924,-0.7912349457342613,-0.4599407604083126,-0.39187063184519005,0.02188317656194371,0.04762001922246095,0.2601163727443529,0.25600001215934753,0.741322338416099,0.7900000214576721,5.117534426426101,5.317534426426101
24.061469078063965,-0.7814454249944374,-0.4638996776767321,-0.360401592091958,0.02216986923942083,0.022902405061018982,0.267608252824371,0.25999999046325684,0.7798281517760178,0.7459999918937683,5.129329726561739,5.329329726561739
24.117971658706665,-0.7603976571912661,-0.463454041999509,-0.3213107716394474,0.029408475609442136,-0.04589270510548372,0.2738020400099228,0.25999999046325684,0.7881181456046656,0.7459999918937683,5.151893386232557,5.3518933862325575
24.164264678955078,-0.7136006276336384,-0.45983838217640277,-0.2415903949648052,0.04005985584685311,-0.2100544749966497,0.2655613748808997,0.25999999046325684,0.8413462839189594,0.7459999918937683,5.2061728314856,5.4061728314856
24.21787929534912,-0.703405967595628,-0.46226576635389166,-0.2114544044538874,0.03770220623052286,-0.22869342017172378,0.2625929933423204,0.25999999046325684,0.8681976681788144,0.7459999918937683,5.218282167632346,5.418282167632346
24.26769709587097,-0.687871755762043,-0.46535649216193603,-0.16595478087654741,0.033817652538272805,-0.2501355082726681,0.262201367656878,0.25999999046325684,0.900906844561549,0.7459999918937683,5.236036448123902,5.436036448123902
24.320155143737793,-0.6713802654444907,-0.46718137765725537,-0.11928326942495396,0.03009261251436439,-0.26624251723785614,0.2730356731567383,0.2639999985694885,0.9355075981429477,0.7900000214576721,5.254216261680471,5.454216261680471
24.36540699005127,-0.6471623651359142,-0.46229861116151616,-0.07942785759785234,0.030318551643923462,-0.309830348832297,0.26994606436483304,0.2680000066757202,0.9681001301037806,0.7459999918937683,5.281447798386332,5.481447798386332
24.409143686294556,-0.6471623651359142,-0.46229861116151616,-0.07942785759785234,0.030318551643923462,-0.309830348832297,0.27752192020829464,0.2709999978542328,0.9789370397227509,0.878000020980835,5.281447798386332,5.481447798386332
24.46432590484619,-0.6227526795901669,-0.4611460652057617,-0.015603151873232041,0.025025932228790515,-0.31416797302294885,0.26509963905674644,0.25999999046325684,0.9451765602870452,0.8339999914169312,5.307200845226808,5.507200845226808
24.519678831100464,-0.6120333495836282,-0.46121448583947666,0.02015500626511236,0.021674408648700853,-0.3041540790405049,0.272879587614148,0.2680000066757202,0.9644052364426652,0.8339999914169312,5.317984941387536,5.517984941387536
24.57250690460205,-0.5959993373092446,-0.4605567565658186,0.07651385610214054,0.016911016831860224,-0.2832658432013546,0.2641694541431652,0.25999999046325684,0.9070052201933351,0.921999990940094,5.333995857063356,5.533995857063356
24.617833137512207,-0.5744885065960782,-0.4571043839612366,0.13640968737786693,0.012093452868155578,-0.26701851246191,0.26344868164180085,0.2680000066757202,0.9103366786756862,1.0089999437332153,5.3558797709127415,5.555879770912742
24.662309646606445,-0.5674034092514961,-0.4557278631815212,0.15594570902959135,0.010530981164711836,-0.2607297087505539,0.2688374936933931,0.2680000066757202,0.9008687838440056,0.921999990940094,5.363073575702292,5.563073575702292
24.71611452102661,-0.5563620067989861,-0.4537757145987333,0.1940808782011157,0.00774098005394374,-0.24193284907466647,0.2617193409630596,0.2639999985694885,0.856041974873413,0.9649999737739563,5.37410913768342,5.57410913768342
24.76856756210327,-0.5358425005248351,-0.4491451282556811,0.26762919345164154,0.0029237697540310946,-0.2016773953522923,0.26025045700969074,0.25999999046325684,0.7706229543567318,0.921999990940094,5.394769969225444,5.594769969225444
24.812143325805664,-0.5257631020261462,-0.446277213577701,0.30380883326880975,0.0008436022071000302,-0.18080363241512815,0.26026131606608965,0.25999999046325684,0.7298550547010675,0.921999990940094,5.405069625806228,5.6050696258062285
24.861828088760376,-0.5187974988068838,-0.443092459533871,0.3560914632962339,0.00037484521496645534,-0.1393710858551516,0.2589522878600768,0.25600001215934753,0.6120896892783972,0.878000020980835,5.412721361028496,5.6127213610284965
24.91730833053589,-0.5129280705964482,-0.439359695337547,0.40513476932799947,0.000835064571668832,-0.09982147905122779,0.26970806682354737,0.25999999046325684,0.5068954190644357,0.7459999918937683,5.419667637494414,5.619667637494414
24.962275743484497,-0.5034014011284587,-0.43518873120231455,0.43496404469748806,-0.00019402774805548774,-0.08354550699296504,0.25223091314456664,0.25200000405311584,0.4516690070203295,0.8339999914169312,5.430020969396171,5.630020969396171
25.019836902618408,-0.4895753318974613,-0.4285004474640717,0.4772113673231081,-0.0013825948738017677,-0.060088350589517225,0.26410746832112003,0.25600001215934753,0.39791603511565093,0.7020000219345093,5.445319279591465,5.645319279591465
25.06153106689453,-0.4761891510416618,-0.42106593286678107,0.5151605679060658,-0.001981816034379958,-0.03955011441585665,0.2542478190336135,0.24500000476837158,0.32378728365424925,0.6579999923706055,5.4605906631589916,5.660590663158992
25.116560697555542,-0.47381479911104185,-0.41763764549638804,0.5280235249841662,-0.00032614364562664707,-0.030852599587250285,0.27129157936536696,0.25999999046325684,0.2964689370240535,0.5699999928474426,5.4644133119497,5.6644133119497
25.16500163078308,-0.46328497663144186,-0.4040898587943253,0.5698233582867755,0.005439715918966687,-0.005885797534104564,0.27274615847327194,0.25999999046325684,0.14270435382425598,0.4819999933242798,5.480613523896018,5.680613523896018
25.213361740112305,-0.46328497663144186,-0.4040898587943253,0.5698233582867755,0.005439715918966687,-0.005885797534104564,0.269766431405504,0.25600001215934753,0.14050891405461075,0.35100001096725464,5.480613523896018,5.680613523896018
25.262627601623535,-0.44589084432002074,-0.39268542032282655,0.5962784611481405,0.005325128296620625,0.0006304200965898676,0.27732213081224083,0.2639999985694885,0.11173097082449607,0.2630000114440918,5.501518770005053,5.701518770005054
25.313161373138428,-0.4371028798559552,-0.3866870617785991,0.6081855345790776,0.005309096165100212,0.003043591900014908,0.2820476921802813,0.2680000066757202,0.0988020142996084,0.21899999678134918,5.5122129508552025,5.712212950855203
25.361512184143066,-0.42778949735860333,-0.3731912828909738,0.6280874737318638,0.011009593204592326,0.009990968307611703,0.2811376881352181,0.2680000066757202,-0.00781360617498108,0.21899999678134918,5.52768957848339,5.72768957848339
25.436652898788452,-0.42430465140844237,-0.35309270072882615,0.6513263003670791,0.025285307443541433,0.021645159815180892,0.284760619381412,0.2709999978542328,-0.24277959610735028,0.17499999701976776,5.542474357081815,5.742474357081815
25.466031551361084,-0.4112594450489896,-0.34288049432534995,0.6572923476299231,0.02575338633793321,0.0152661632113672,0.29730890401808946,0.28299999237060547,-0.2529632827132569,0.13099999725818634,5.559349888329804,5.759349888329804
25.517348527908325,-0.40236130705978707,-0.33601313404288463,0.657467276208823,0.025880330548817554,0.007567505325953738,0.29354061951088534,0.27900001406669617,-0.23656531190494903,0.0,5.5707878623528,5.7707878623528
25.561448097229004,-0.39335062254734476,-0.3290624552032217,0.6554292032877208,0.025918050976410114,-0.00206561733200461,0.30452257765874885,0.28999999165534973,-0.2254368897144344,-0.13099999725818634,5.582364579351966,5.782364579351966
25.612401247024536,-0.38566745710704264,-0.32219212735233005,0.6514481288490283,0.026626691738224063,-0.012594968106141358,0.3042057464707197,0.28999999165534973,-0.21101090639152825,-0.13099999725818634,5.592820094492455,5.7928200944924555
25.661128044128418,-0.38549753918291263,-0.3159312138387412,0.6473354059228998,0.03144752606563428,-0.019181403357956817,0.30006466497686524,0.28600001335144043,-0.2589016902544276,-0.17499999701976776,5.596893330774513,5.796893330774513
25.711320400238037,-0.3804043248704624,-0.30620120806784235,0.6369338558157653,0.03591574787781349,-0.035621232247872836,0.3070812549402816,0.2939999997615814,-0.28703997392835295,-0.2630000114440918,5.607125290805255,5.8071252908052555
25.77029275894165,-0.36096982990302756,-0.292017839652578,0.618500971820534,0.034738341640551375,-0.06752258585058923,0.3068841039995271,0.3019999861717224,-0.19471254610403435,-0.2630000114440918,5.631636585254268,5.831636585254268
25.816777229309082,-0.3510082890329156,-0.2849746924259342,0.6086052548137685,0.03383911167219659,-0.0837266006633559,0.30878987778256917,0.3050000071525574,-0.14027253665811076,-0.21899999678134918,5.644019672294048,5.844019672294048
25.860777616500854,-0.3410930973486584,-0.2792816237438634,0.5979189623962586,0.031860674564251616,-0.0999654943579461,0.30849664642904373,0.3050000071525574,-0.06698778445885968,-0.21899999678134918,5.655459157235555,5.855459157235555
25.91255235671997,-0.3313286838765981,-0.27882537905853977,0.5868265388127316,0.025921280052630793,-0.11473357643620441,0.2909277176446894,0.3019999861717224,0.06280550753841481,-0.17499999701976776,5.663331541000314,5.863331541000314
25.96302819252014,-0.3214341975469591,-0.27791577851761845,0.5768972501322989,0.02021485534796591,-0.1283748423951535,0.28241552073947296,0.3019999861717224,0.18594529110594485,-0.17499999701976776,5.671551739290858,5.871551739290858
26.022146463394165,-0.31124733501659185,-0.27131222782081116,0.5684294348956486,0.01860755487301237,-0.14210437897135056,0.281488832403735,0.3019999861717224,0.2463208572902173,-0.17499999701976776,5.683685891955194,5.883685891955194
26.065826654434204,-0.28606032395242187,-0.25542351250540024,0.5580722825209341,0.014046075394667767,-0.16426870715651165,0.2854451232396111,0.3019999861717224,0.36982496609391025,-0.08699999749660492,5.713310103116635,5.913310103116635
26.10610055923462,-0.2762256502524617,-0.2492721703358411,0.561550698981293,0.012134767915948468,-0.1650002120228472,0.295950666756337,0.28600001335144043,0.37549132717846234,0.08699999749660492,5.72480554197811,5.9248055419781105
26.155636072158813,-0.26648277946511323,-0.24312510515311875,0.5687763855639063,0.010234532969708474,-0.16176152135559663,0.29580890597434684,0.28299999237060547,0.3853881574565041,0.21899999678134918,5.73621257101352,5.93621257101352
26.205647468566895,-0.25695839089492956,-0.23700727744104855,0.577652729075958,0.008414784413205883,-0.1566236576075447,0.30303435909155524,0.28999999165534973,0.4026528503784737,0.3070000112056732,5.747420429464473,5.947420429464473
26.25621747970581,-0.24737735388894605,-0.23071966895975443,0.5890818331154661,0.006641797701494881,-0.14880441245317746,0.28792508814595136,0.2750000059604645,0.38126742562498306,0.3070000112056732,5.758769768926384,5.958769768926384
26.305906534194946,-0.2380680681818313,-0.22445671953073293,0.6021953110952399,0.004994229323932954,-0.13906589853865137,0.30237437602634853,0.28999999165534973,0.39430865298204965,0.39500001072883606,5.769887914338276,5.969887914338276
26.35563325881958,-0.2311849767491479,-0.20932492723881074,0.6454198551364736,0.011474095078073282,-0.1002405135071922,0.2782379326716043,0.2980000078678131,0.18911917230568923,0.4819999933242798,5.78523158616276,5.98523158616276
26.406066417694092,-0.2217578444453409,-0.20216168372057972,0.6627666423383604,0.010321593809059804,-0.0860900464169625,0.27402542712912964,0.2939999997615814,0.1584776923792794,0.4390000104904175,5.797050861741444,5.997050861741444
26.45590615272522,-0.2126447221120018,-0.19498474959064416,0.6788856704320374,0.009356891578561854,-0.07294500577924279,0.2745413619257162,0.28600001335144043,0.12715615268345085,0.35100001096725464,5.808639992728875,6.008639992728876
26.50649118423462,-0.2038130343995957,-0.18780811449927778,0.6923126432984443,0.008551272483777645,-0.0622914055655438,0.27929318178957013,0.27900001406669617,0.10254022313961059,0.2630000114440918,5.820016310035608,6.020016310035608
26.556663751602173,-0.19513387395122095,-0.18057199794950807,0.7038242388943521,0.007862986201105803,-0.053394540351483936,0.27757164751312086,0.2750000059604645,0.08317180123063686,0.21899999678134918,5.831316834649478,6.031316834649478
26.608460187911987,-0.1868275440297832,-0.1734832465989833,0.713444900536111,0.0072959029926376396,-0.0461713814380117,0.27161751862826067,0.2750000059604645,0.06836498059264842,0.21899999678134918,5.842240331891088,6.0422403318910884
26.65576696395874,-0.16627624719928596,-0.15545260476051473,0.7282111186378559,0.006140955672597364,-0.036876662090782775,0.2830619274511411,0.2709999978542328,0.05128245120336753,0.08699999749660492,5.869590705416789,6.069590705416789
26.706223011016846,-0.1581331216835954,-0.1481769029290331,0.7309206229843409,0.005738227492628936,-0.03614852922610245,0.28558538738938144,0.2750000059604645,0.052999003009755574,0.13099999725818634,5.880516963004755,6.080516963004755
26.75606608390808,-0.14999066912460818,-0.14087046761931665,0.7326714140315582,0.005337059390760389,-0.036268120453085584,0.27604872676168757,0.2639999985694885,0.054055845285522756,0.08699999749660492,5.891459997546691,6.091459997546691
26.805830478668213,-0.141920619173716,-0.13360315824208824,0.7345515976319072,0.004938424406997447,-0.03613497259575448,0.2858050620529104,0.2750000059604645,0.058944266117637444,0.0430000014603138,5.90232168634838,6.10232168634838
26.855884552001953,-0.13370102068363562,-0.12617318047637546,0.7366992946157273,0.004533565609384531,-0.03566021002834974,0.27599817364734,0.2639999985694885,0.058281584830485095,0.08699999749660492,5.913402227073686,6.113402227073686
26.90579915046692,-0.1257228165047239,-0.11892358985551538,0.7380546251636739,0.00415050273136968,-0.03582685137463715,0.297639798126167,0.28600001335144043,0.06660238336237596,0.08699999749660492,5.924182068936192,6.124182068936192
26.957006454467773,-0.10495065902248824,-0.09999934721739545,0.7402913147973766,0.0031164924033839627,-0.0370874058511701,0.29240443751146244,0.28600001335144043,0.07862270378023775,0.0,5.952274979245082,6.152274979245083
27.00619673728943,-0.0965967031553004,-0.09236037898633306,0.7419368537397953,0.002694615213116773,-0.03666349281501036,0.2936833359312478,0.28299999237060547,0.08006983192951106,0.0430000014603138,5.963591564514855,6.163591564514856
27.055614948272705,-0.08832765977116687,-0.0847767572789113,0.743758862488681,0.002279856118544378,-0.035948687272174706,0.2859565615665893,0.2750000059604645,0.07915613415692332,0.0430000014603138,5.9748066794023815,6.174806679402382
27.10573172569275,-0.07979762930654988,-0.07691556196804493,0.7453043621592657,0.001866765720948071,-0.03544041356280103,0.29329865640403846,0.28600001335144043,0.08422681736155568,0.0,5.986401485239586,6.186401485239586
27.156474590301514,-0.07127638842700151,-0.06904483127642565,0.7468843883970722,0.0014552299644985359,-0.03479102601092432,0.3013033398426294,0.28999999165534973,0.08691630633818831,0.0430000014603138,5.997995752105122,6.197995752105122
27.20638370513916,-0.06271236171843632,-0.061102559244565036,0.7498112877063161,0.0010540896697702874,-0.0326936997645042,0.30504738274381693,0.2939999997615814,0.0852347105055784,0.08699999749660492,6.009668800785348,6.209668800785348
27.255847930908203,-0.04115590200201048,-0.040905361482869704,0.7575432731201498,0.0001526957519805429,-0.026588471478466102,0.30053068058612653,0.2939999997615814,0.07396350178719038,0.08699999749660492,6.039194230521715,6.239194230521715
27.30591130256653,-0.03256096183876866,-0.03276211536525353,0.7604688323053893,-0.00015456696779606296,-0.02412772564743848,0.30904593583628337,0.2980000078678131,0.06954923469477554,0.0430000014603138,6.051033200561663,6.251033200561663
27.35610795021057,-0.023943834883918304,-0.02455510394762237,0.7637971750679038,-0.00043727571452481116,-0.02115974989667646,0.2675304273142356,0.28999999165534973,0.060568652744761545,0.13099999725818634,6.062929734097565,6.262929734097566
27.406463384628296,-0.011032505827734032,-0.017843854023320754,0.7687730144069405,-0.0048174180241554055,-0.01646909359483517,0.28752288446920987,0.3050000071525574,0.11294068726086118,0.13099999725818634,6.076805551204794,6.276805551204794
27.458040237426758,0.012603366572111717,-0.015088930501940368,0.7774619477560961,-0.019581413334874842,-0.007934243958753862,0.3231897554404977,0.3089999854564667,0.3091769453357785,0.08699999749660492,6.095465949229984,6.2954659492299845
27.50574040412903,0.03351307643926743,-0.011582980613776078,0.7848182443627219,-0.03188722732600806,-0.00048608998987376145,0.3151887397257697,0.3019999861717224,0.45353730750814264,0.08699999749660492,6.112733389309592,6.312733389309592
27.555672883987427,0.05434657209912504,0.009387275068304736,0.7943724621595987,-0.031779314014412044,0.009749200466511398,0.3049917268150741,0.2939999997615814,0.4044613165450444,0.17499999701976776,6.142314791642067,6.3423147916420675
27.60660195350647,0.06279630700766806,0.018020217850635258,0.8023405721559216,-0.031637685608834835,0.01818622946449633,0.31255172090686456,0.3019999861717224,0.38589186535925474,0.2630000114440918,6.154408833737704,6.354408833737704
27.656493186950684,0.07111124171345068,0.026672418906179697,0.8136707668648221,-0.03138093764123234,0.030091763649788272,0.30709406595851546,0.2980000078678131,0.3397802664403861,0.3070000112056732,6.166424201078769,6.366424201078769
27.70580005645752,0.07942177107034189,0.035521905373407575,0.8269073409148905,-0.030973673156186838,0.044021371480149285,0.3173162718428195,0.3089999854564667,0.30130326963768617,0.35100001096725464,6.178578962778293,6.378578962778294
27.755692958831787,0.09577904434885823,0.053679995457168825,0.8567440212714782,-0.029618775379299602,0.07559067251642648,0.31494967197616075,0.3089999854564667,0.17945801356201158,0.4390000104904175,6.20303313566686,6.403033135666861
27.805678606033325,0.09577904434885823,0.053679995457168825,0.8567440212714782,-0.029618775379299602,0.07559067251642648,0.3141402591591149,0.3089999854564667,0.17945801356201158,0.35100001096725464,6.20303313566686,6.403033135666861
27.856518268585205,0.11159317558969467,0.07239123128604791,0.8888723288074841,-0.027440856387708237,0.10990453336162709,0.3101134996403649,0.3089999854564667,0.036157544680012796,0.35100001096725464,6.227497294086169,6.427497294086169
27.905812740325928,0.12317718701228567,0.08686641036658063,0.9083821072147519,-0.025260499702259676,0.1313631124097463,0.31345272717224143,0.31299999356269836,-0.06783094579513443,0.3070000112056732,6.245959439779132,6.445959439779132
27.956319570541382,0.13450545360615748,0.10154282948978349,0.9208593330131789,-0.022719189200569367,0.14604099714202667,0.0,0.3050000071525574,0.0,0.13099999725818634,6.2643766159480645,6.464376615948065
28.0063054561615,0.1382936031297122,0.10652654959785363,0.9231474903153771,-0.02180575683967478,0.14912902992120036,0.0,0.31299999356269836,0.0,0.13099999725818634,6.27058718919563,6.47058718919563
28.05676007270813,0.15148790022327394,0.1240307259409334,0.9324567062988374,-0.018479236794220474,0.1614655877498017,0.0,0.22200000286102295,0.0,-0.13099999725818634,6.292312972124592,6.4923129721245925
28.104459762573242,0.15148790022327394,0.1240307259409334,0.9324567062988374,-0.018479236794220474,0.1614655877498017,0.0,0.1509999930858612,0.0,-0.17499999701976776,6.292312972124592,6.4923129721245925
28.156104803085327,0.15786266218681488,0.13272318678523318,0.9785812073236334,-0.016678549556943034,0.2092051388931161,0.0,0.08299999684095383,0.0,-0.17499999701976776,6.302968439251909,6.50296843925191
28.205851554870605,0.15957202112133587,0.13526125380870715,0.9944032616219173,-0.016043818954917088,0.22549750422881143,0.0,0.03700000047683716,0.0,0.08699999749660492,6.305969300332613,6.505969300332613
28.256540060043335,0.1598226837054285,0.135646958019405,0.9938261219731861,-0.0159409062711927,0.22499138691132628,0.0,-0.003000000026077032,0.0,0.0430000014603138,6.306418729943846,6.506418729943846
28.30617594718933,0.1597899536407918,0.13559665696127812,0.9936116250988364,-0.015954301289634664,0.2247676146432583,0.0,0.0,0.0,0.0,6.306360089948023,6.506418729943846
28.354307889938354,0.15978995364079177,0.1355966569612781,0.993611625098837,-0.015954301289634664,0.22476761464325903,0.0,0.0,0.0,0.0,6.306360089948023,6.506418729943846
28.404507398605347,0.15978995364079177,0.1355966569612781,0.993611625098837,-0.015954301289634664,0.22476761464325903,0.0,0.0,0.0,0.0,6.306360089948023,6.506418729943846
28.45517086982727,0.15978995364079177,0.1355966569612781,0.993611625098837,-0.015954301289634664,0.22476761464325903,0.0,0.0,0.0,0.0,6.306360089948023,6.506418729943846
28.5048508644104,0.15978995364079177,0.1355966569612781,0.993611625098837,-0.015954301289634664,0.22476761464325903,0.0,0.0,0.0,0.0,6.306360089948023,6.506418729943846
28.554412364959717,0.15978995364079177,0.1355966569612781,0.993611625098837,-0.015954301289634664,0.22476761464325903,0.0,0.0,0.0,0.0,6.306360089948023,6.506418729943846
28.60568904876709,0.16080440000089916,0.14097351847424477,1.002562361099647,-0.012793627544913777,0.2344338585124066,0.0,0.0,0.0,0.0,6.3108364177608,6.5108364177608005
28.656766891479492,0.1620132863810484,0.1474807681853396,1.013415263734408,-0.008951086831929765,0.2461696840489549,0.0,0.0,0.0,0.0,6.31623427521074,6.51623427521074
28.70485782623291,0.1620132863810484,0.1474807681853396,1.013415263734408,-0.008951086831929765,0.2461696840489549,0.0,0.0,0.0,0.0,6.31623427521074,6.51623427521074
28.754456043243408,0.1620132863810484,0.14748076818533962,1.013415263734408,-0.008951086831929744,0.2461696840489549,0.0,0.0,0.0,0.0,6.31623427521074,6.51623427521074
28.804553985595703,0.1620132863810484,0.1474807681853396,1.013415263734408,-0.008951086831929765,0.2461696840489549,0.0,0.0,0.0,0.0,6.31623427521074,6.51623427521074
28.854898691177368,0.1620132863810484,0.1474807681853396,1.013415263734408,-0.008951086831929765,0.2461696840489549,0.0,0.0,0.0,0.0,6.31623427521074,6.51623427521074
28.906067848205566,0.1620132863810484,0.1474807681853396,1.013415263734408,-0.008951086831929765,0.2461696840489549,0.0,0.0,0.0,0.0,6.31623427521074,6.51623427521074
28.954449892044067,0.1620132863810484,0.1474807681853396,1.013415263734408,-0.008951086831929765,0.2461696840489549,0.0,0.0,0.0,0.0,6.31623427521074,6.51623427521074
29.004456758499146,0.1620132863810484,0.1474807681853396,1.013415263734408,-0.008951086831929765,0.2461696840489549,0.0,0.0,0.0,0.0,6.31623427521074,6.51623427521074
29.05479645729065,0.1620132863810484,0.1474807681853396,1.013415263734408,-0.008951086831929765,0.2461696840489549,0.0,0.0,0.0,0.0,6.31623427521074,6.51623427521074
29.104877471923828,0.1620132863810484,0.1474807681853396,1.013415263734408,-0.008951086831929765,0.2461696840489549,0.0,0.0,0.0,0.0,6.31623427521074,6.51623427521074
29.155442476272583,0.1620132863810484,0.1474807681853396,1.013415263734408,-0.008951086831929765,0.2461696840489549,0.0,0.0,0.0,0.0,6.31623427521074,6.51623427521074
29.204863786697388,0.1620132863810484,0.1474807681853396,1.013415263734408,-0.008951086831929765,0.2461696840489549,0.0,0.0,0.0,0.0,6.31623427521074,6.51623427521074
29.254369258880615,0.1620132863810484,0.14748076818533962,1.013415263734408,-0.008951086831929744,0.2461696840489549,0.0,0.0,0.0,0.0,6.31623427521074,6.51623427521074
