Time (s),x (m),y (m),yaw (rad),CTE (m),Orientation Error (rad),linear_x_cmd (m/s),linear_x (m/s),angular_z_cmd (rad/s),angular_z (rad/s),nearest s,look-ahead s
9.036064147949219e-05,-0.04266699568709561,0.011739925214172112,0.7489099311245982,0.03847013299165488,-0.036303684629000244,0.012024149310424986,0.0,-0.0,0.0,-0.0218758550193468,0.2
0.0062601566314697266,-0.04266699568709561,0.011739925214172112,0.7489099311245982,0.03847013299165488,-0.036303684629000244,0.012024149310424986,0.0,-0.0,0.0,-0.0218758550193468,0.2
0.05862736701965332,-0.04266699568709561,0.011739925214172112,0.7489099311245982,0.03847013299165488,-0.036303684629000244,0.012024149310424986,0.0,-0.0,0.0,-0.0218758550193468,0.2
0.1082456111907959,-0.04266699568709561,0.011739925214172112,0.7489099311245982,0.03847013299165488,-0.036303684629000244,0.012024149310424986,0.0,-0.0,0.0,-0.0218758550193468,0.2
0.1599576473236084,-0.04266699568709561,0.011739925214172112,0.7489099311245982,0.03847013299165488,-0.036303684629000244,0.012024149310424986,0.0,-0.0,0.0,-0.0218758550193468,0.2
0.21233820915222168,-0.04266699568709561,0.011739925214172112,0.7489099311245982,0.03847013299165488,-0.036303684629000244,0.012024149310424986,0.0,-0.0,0.0,-0.0218758550193468,0.2
0.26181674003601074,-0.04262304980025975,0.01178077565654049,0.7494288536969236,0.03846795521747194,-0.03578576005899248,0.012026278333486672,0.0,-0.0,0.0,-0.021815855908680022,0.2
0.31252574920654297,-0.04257912512496719,0.011821648891772271,0.7500702427527635,0.03846580849954813,-0.03514536629818976,0.015393246146976123,0.007000000216066837,-0.00872924932335492,0.08699999749660492,-0.02175585598360294,0.2
0.3612499237060547,-0.04231599556882976,0.012067337195197451,0.7538507831589848,0.038453540285642816,-0.031370740805770285,0.013317626194447287,0.003000000026077032,-0.0038528590010171913,0.0430000014603138,-0.02139583916678678,0.2
0.4175686836242676,-0.04206843664080473,0.012300391734633985,0.7572273295686749,0.03844334322774634,-0.027999691443343577,0.015327982151171688,0.007000000216066837,-0.009225350724204032,0.08699999749660492,-0.021055780415899398,0.2
0.462540864944458,-0.04177836956064344,0.012575819770608822,0.7629722162013771,0.038433059019605746,-0.022261160692176988,0.01483121710808166,0.007000000216066837,-0.009612892329189002,0.08699999749660492,-0.020655669159140626,0.2
0.5149340629577637,-0.04167717963922335,0.012672569963948792,0.7637672598810726,0.038429942568255666,-0.021468313188876986,0.013761587933718225,0.003000000026077032,-0.004145940604382513,0.0430000014603138,-0.020515617249577824,0.2
0.5619065761566162,-0.04153281587817159,0.012810986299035073,0.7649901475413037,0.038425769302338375,-0.020248537234304198,0.01950242551590061,0.007000000216066837,-0.009766547212247739,0.0,-0.020315541361668535,0.2
0.617609977722168,-0.0412731158005668,0.013060297041478503,0.7692141393216387,0.03841847933621395,-0.016030070296106036,0.013964788344237217,0.007000000216066837,-0.010058956452067478,0.08699999749660492,-0.01995540386823562,0.2
0.6691498756408691,-0.04107211726295736,0.01325523172128665,0.7720721858953707,0.03841423404980097,-0.013176253415370763,0.013681086971615707,0.007000000216066837,-0.010260863052438885,0.08699999749660492,-0.019675272634149053,0.2
0.7173886299133301,-0.04075704207135133,0.013562359450884411,0.7765838095453873,0.03840867877757897,-0.008671156712940166,0.01268914065388495,0.007000000216066837,-0.010580586348789486,0.08699999749660492,-0.01923505843888054,0.2
0.7729735374450684,-0.04020272323130894,0.014111109414394075,0.785548765975649,0.038404848276997985,0.00028258870328456975,0.0020676565421821717,0.010999999940395355,-0.017618313316859712,0.13099999725818634,-0.01845464518427199,0.2
0.8158414363861084,-0.040004880901718665,0.014309246872410574,0.7887903999777647,0.038405093371291714,0.003520310380470737,0.00748349546496338,0.007000000216066837,-0.011440961786471013,0.08699999749660492,-0.018174486970895333,0.2
0.8643438816070557,-0.039751459298754906,0.01456493680301522,0.7914125473313026,0.03840674253458822,0.006137515011930272,0.01273637566408305,0.0,-0.0,0.0,-0.017814301538471553,0.2
0.9153881072998047,-0.03970928879997036,0.014607617516758582,0.7902910930249557,0.03840711067432598,0.005015246436671062,0.017128715377369694,0.003000000026077032,-0.004961660958751059,-0.0430000014603138,-0.017754269548474894,0.2
0.963280439376831,-0.039568475520459015,0.014749644551362007,0.7874684349723213,0.03840799312197842,0.002189893896750616,0.025093400339058176,0.010999999940395355,-0.017948882656932705,-0.0430000014603138,-0.0175541682086896,0.2
1.0161283016204834,-0.03931435921907285,0.015004644432091112,0.7845817797545296,0.03840866010866263,-0.0007015351291325135,0.02822054326765734,0.014999999664723873,-0.024168296531995367,0.0,-0.017193986407698304,0.2
1.0627849102020264,-0.03842315274822505,0.015895346437418946,0.7854556266102374,0.038408437940934334,0.00015637608351692922,0.028667296592624056,0.017999999225139618,-0.029471981589270974,0.0430000014603138,-0.015933394922074327,0.2
1.11259126663208,-0.03785773066336511,0.01646129487607545,0.786989012025352,0.03840888542927903,0.0016802669484363708,0.03531771223899423,0.02199999988079071,-0.036584661586802965,0.0,-0.015133016045572779,0.2
1.1660950183868408,-0.03729321375647579,0.01702814608694984,0.7865968564530141,0.038410603929565613,0.0012791013658366435,0.03530329753494975,0.02199999988079071,-0.03677172554494931,0.0,-0.014332671425697599,0.2
1.2142376899719238,-0.03667170589884162,0.01765114504416361,0.7877066802249667,0.03841172489765646,0.0023795735156885156,0.035343536302186514,0.02199999988079071,-0.037286624475768256,0.0,-0.013452314402289523,0.2
1.262331485748291,-0.035938557672998084,0.018388771102075575,0.7891853597571636,0.03841495967647786,0.0038479566662763527,0.043658643166138864,0.029999999329447746,-0.05173214978819949,0.0,-0.012411928380137778,0.2
1.3144726753234863,-0.03509324876801458,0.019240506173799646,0.7903223716001148,0.03841956994716534,0.004974104962386927,0.04368122260374193,0.029999999329447746,-0.05261326634535975,0.0,-0.011211524430162713,0.2
1.3612725734710693,-0.032742467384432865,0.021613146138794732,0.7892378348805157,0.03843514968556262,0.0038650676678040337,0.0508567335032274,0.03700000047683716,-0.0665428781987354,0.0,-0.007870760067128108,0.2
1.4172406196594238,-0.03170028397229318,0.02266398153828686,0.7892913406854093,0.03844129890701745,0.003910413451882033,0.05085703426104631,0.03700000047683716,-0.06748537414813383,0.0,-0.006390327347587901,0.2
1.4619243144989014,-0.030657348445444765,0.023714069294393843,0.7894675346653344,0.03844637678963941,0.004080104594985755,0.05271225855907272,0.04100000113248825,-0.07589239377651012,0.0430000014603138,-0.004910085856645327,0.2
1.5169439315795898,-0.029446084573461963,0.02493523216474489,0.7894092701495741,0.0384533898691392,0.004016363582563743,0.06586409901782829,0.052000001072883606,-0.0978007887011025,0.0,-0.003189900484864244,0.2
1.562617540359497,-0.026698333592785374,0.027702878179539134,0.7883856255609109,0.038467466487734324,0.002988585564527857,0.065833579129131,0.052000001072883606,-0.10034194912470902,0.0,0.0007098502715073259,0.20070985027150734
1.6131775379180908,-0.026698333592785374,0.027702878179539134,0.7883856255609109,0.038467466487734324,0.002988585564527857,0.0626463183804978,0.04899999871850014,-0.09455298609765768,-0.0430000014603138,0.0007098502715073259,0.20070985027150734
1.664160966873169,-0.02284338860633458,0.0315695241115375,0.783509866626836,0.0384757731126662,-0.001873649313684611,0.07349391189841953,0.05999999865889549,-0.1132213714599382,-0.08699999749660492,0.006169674544295376,0.20616967454429538
1.715939998626709,-0.02102900362479844,0.033375514937790944,0.7812107104984093,0.038469892033849144,-0.004158709021284124,0.07341195275798168,0.05999999865889549,-0.11199267045094101,-0.08699999749660492,0.008729181285924722,0.20872918128592474
1.7620017528533936,-0.019224017404474738,0.035162585067683244,0.778133681787265,0.038457319396448406,-0.0072168603327608105,0.07760928917315314,0.06400000303983688,-0.11765134280627657,-0.13099999725818634,0.011268423381443626,0.21126842338144364
1.8146159648895264,-0.01831236974927549,0.03606108251425856,0.7762698887729403,0.03844808888608499,-0.009069294394689398,0.08441404646226006,0.07100000232458115,-0.1292864231143621,-0.13099999725818634,0.012547964641002126,0.21254796464100215
1.8624415397644043,-0.013288933615190655,0.04096467450314834,0.7668822412114558,0.03836403433966269,-0.018372662501658144,0.08407099243477101,0.07100000232458115,-0.12299892876975596,-0.13099999725818634,0.019564089644982935,0.21956408964498295
1.9128050804138184,-0.011241499001204244,0.042932820238718916,0.7619986570947769,0.038308437377902675,-0.02321159031855602,0.08383474715488226,0.07100000232458115,-0.11964638019480787,-0.13099999725818634,0.022401930558668428,0.22240193055866844
1.9670190811157227,-0.009011352044906017,0.045057165483095,0.7579733343612644,0.03823428618084599,-0.027181615917084567,0.0912170315315931,0.07900000363588333,-0.1300060908614091,-0.13099999725818634,0.025478917652277614,0.22547891765227762
2.020010232925415,-0.006772673799321824,0.04717251622263168,0.7525429736255663,0.03814792355097746,-0.032549536362031395,0.09108381673222785,0.07900000363588333,-0.12577033794352696,-0.13099999725818634,0.02855532004198058,0.2285553200419806
2.0640764236450195,-0.00452064863893635,0.04927364689574432,0.7475285839853572,0.03804227113431644,-0.03749435343582286,0.09105285392698098,0.07900000363588333,-0.12178588213132316,-0.13099999725818634,0.03163085168344459,0.2316308516834446
2.115569591522217,-0.002097714564996904,0.0515140443323973,0.743404581853489,0.03791456924338632,-0.04153590195855217,0.09587223563163619,0.08299999684095383,-0.12441997214815657,-0.17499999701976776,0.03492524357968838,0.2349252435796884
2.1632981300354004,0.004187288397706872,0.05723659404071033,0.7316612705240028,0.03752176377288352,-0.05302919842554221,0.09765941548555807,0.0860000029206276,-0.11832424192533034,-0.13099999725818634,0.04340652090610557,0.2434065209061056
2.2151546478271484,0.0067494518073778695,0.05953200120597297,0.7272330510229194,0.03733576716014098,-0.05734084144310936,0.09780041916738402,0.0860000029206276,-0.1142093002192395,-0.13099999725818634,0.04683726507535718,0.2468372650753572
2.2726218700408936,0.009441984788250972,0.06192161791964637,0.7228828020868622,0.03712476853767152,-0.06155961897248886,0.10556829404293439,0.09399999678134918,-0.12032121121179007,-0.13099999725818634,0.050426179732116806,0.25042617973211684
2.315416097640991,0.012083614608294303,0.06424802579525746,0.7185978926547449,0.036905470070736905,-0.06570661075595008,0.10563709473436185,0.09399999678134918,-0.11582990581089038,-0.13099999725818634,0.05393423603296098,0.253934236032961
2.367858409881592,0.017759844125860243,0.06918062314534074,0.7102495070428518,0.03638904215136344,-0.07372936089624493,0.10906274144141313,0.09799999743700027,-0.11132773448563596,-0.08699999749660492,0.06142442766487735,0.2614244276648774
2.411590099334717,0.017759844125860243,0.06918062314534074,0.7102495070428518,0.03638904215136344,-0.07372936089624493,0.11247036744533465,0.10100000351667404,-0.11473573335326775,-0.13099999725818634,0.06142442766487735,0.2614244276648774
2.4612748622894287,0.025248301199337575,0.07556401669963572,0.7001193130219272,0.03562391320412681,-0.08336888643224216,0.11609415459871067,0.10499999672174454,-0.10648057149413313,-0.08699999749660492,0.07121683802853973,0.27121683802853974
2.515519380569458,0.028525308080747283,0.0783171233153242,0.6955341182158523,0.035262103414977465,-0.0877177496285506,0.1282239384506926,0.11699999868869781,-0.11210102733192,-0.13099999725818634,0.07547331806382698,0.275473318063827
2.562767267227173,0.03199815177368866,0.08121017170345968,0.6911738983002953,0.03486237829228358,-0.09181335100405486,0.12839332425043973,0.11699999868869781,-0.10565237773044119,-0.13099999725818634,0.07996632373611344,0.27996632373611346
2.616849184036255,0.03542175283638142,0.08403727994332527,0.6864976386716578,0.0344518537137193,-0.09621465237018101,0.12441838681742025,0.11299999803304672,-0.09540392222324034,-0.08699999749660492,0.08437777615093096,0.28437777615093096
2.6619997024536133,0.04272734363759505,0.08998406805938836,0.678149447454307,0.033519119741560736,-0.10393010533687053,0.13568354455869425,0.12399999797344208,-0.09083404317548316,-0.13099999725818634,0.09372980991330011,0.2937298099133001
2.7135908603668213,0.04648491357299288,0.0930028454742941,0.6738049053061068,0.03301345087492001,-0.10792449570828268,0.13561553767074908,0.12399999797344208,-0.08351094675561292,-0.13099999725818634,0.09851170353153639,0.2985117035315364
2.762205123901367,0.05031820873668885,0.09605502023313905,0.6691994880966452,0.03247988535142142,-0.11215562087750164,0.13915262074902343,0.12800000607967377,-0.07818053064025463,-0.08699999749660492,0.10337030191024468,0.3033703019102447
2.815365791320801,0.05629564868118589,0.10074861049735828,0.6621674476814481,0.031604881607622114,-0.11857071416830922,0.14201012899602755,0.13199999928474426,-0.06766800070119877,-0.0430000014603138,0.11089990221016159,0.3108999022101616
2.8725953102111816,0.06236338505864458,0.10545656800322845,0.6563004074135725,0.03068140967647192,-0.12376925146391606,0.15065639085346985,0.13899999856948853,-0.05894923654483964,-0.13099999725818634,0.1185033553674669,0.3185033553674669
2.915842294692993,0.06456585651148837,0.10715289455056012,0.6546358269093927,0.0303385540956161,-0.1251805775539332,0.14669074771166632,0.13500000536441803,-0.053492876766233814,-0.08699999749660492,0.12125451092942433,0.32125451092942436
2.9653713703155518,0.07334244992276494,0.11385008231058033,0.6480759079653534,0.028935036928751542,-0.13067428645369483,0.15014661828844295,0.13899999856948853,-0.039560389469895374,-0.0430000014603138,0.13217309205985475,0.3321730920598548
3.0138320922851562,0.07803343025656839,0.11739537236358141,0.6447764089785506,0.02816540341715506,-0.1333663967750457,0.16270752075793637,0.1509999930858612,-0.03417464744452761,-0.08699999749660492,0.13798533695171844,0.33798533695171845
3.0611186027526855,0.08265621499684696,0.12086498475760155,0.6419898979072726,0.027393298763684938,-0.1355291671744003,0.16509004354947354,0.15399999916553497,-0.02664499746118177,-0.0430000014603138,0.14369620961941518,0.34369620961941516
3.1167426109313965,0.08749682379680702,0.12447746613800567,0.6390582955534339,0.02657402368311583,-0.13778060575379703,0.1627173476753875,0.1509999930858612,-0.01763261807845019,-0.08699999749660492,0.14966202313707558,0.3496620231370756
3.1568922996520996,0.09504990548260976,0.13007309666918818,0.6351031929131465,0.025274673807675046,-0.14061764076406347,0.16945859272334243,0.15800000727176666,-0.0054656993643187185,-0.08699999749660492,0.1589427270604715,0.3589427270604715
3.207441806793213,0.10294644920405314,0.13587695237919514,0.631593776821654,0.023894706039831945,-0.14288354104082746,0.17268232758824598,0.16200000047683716,0.007372916959548792,-0.0430000014603138,0.1686145235489138,0.3686145235489138
3.25569748878479,0.11079766357497252,0.14160728526928573,0.6281984567944593,0.02250623054813854,-0.1449669127930815,0.17242922416893264,0.16200000047683716,0.02013785889254673,-0.0430000014603138,0.1782044145053069,0.37820441450530695
3.305955171585083,0.11615553041093209,0.14549541588831577,0.6257416075413658,0.02155007909393628,-0.14648420525715844,0.17861246241713655,0.16899999976158142,0.03032850143700238,-0.0430000014603138,0.18473438406068055,0.38473438406068056
3.3565282821655273,0.12152292731526614,0.14937038274423323,0.6232766463433442,0.02058412697641085,-0.14797148892734313,0.1783538019772723,0.16899999976158142,0.03967832063283262,-0.0430000014603138,0.19126293502811945,0.3912629350281195
3.406857967376709,0.12696485268933339,0.15327874254895424,0.6217702958040968,0.01959677826604216,-0.14844952812709256,0.18323287128502816,0.17299999296665192,0.048618786592199,-0.08699999749660492,0.19786911833136528,0.3978691183313653
3.456049919128418,0.1324743421652138,0.1572301843272493,0.6209466923260247,0.018600337578788043,-0.14819248505640292,0.17130892333816658,0.16200000047683716,0.05188860652229492,-0.0430000014603138,0.20455486023561292,0.40455486023561293
3.5080103874206543,0.14111010520333028,0.16341144569183233,0.6212885019335562,0.017044549595324133,-0.14607485152757926,0.176815942303064,0.16899999976158142,0.061582504538321495,0.0430000014603138,0.21502856193284547,0.4150285619328455
3.556344747543335,0.1527483730525453,0.17175489027297716,0.6238853235910066,0.014987862874089423,-0.14091662890212275,0.18587120074149066,0.1809999942779541,0.07214579613359602,0.0,0.22915901873580588,0.42915901873580586
3.606576919555664,0.15862260023527402,0.1759870292351855,0.6251492792942077,0.013979029761075146,-0.13828409445574608,0.19205723940220232,0.1850000023841858,0.07657364120063682,0.0430000014603138,0.23630874710864053,0.43630874710864054
3.6562108993530273,0.16436181798966704,0.18013284730368462,0.6260318023567215,0.013010953058274545,-0.13601338384075923,0.1841196293438102,0.1770000010728836,0.07626234234544846,0.0430000014603138,0.24330352909280753,0.44330352909280757
3.708172559738159,0.1702288281461304,0.18437501512251303,0.6285804009500209,0.012034494432126503,-0.1319932019718022,0.19216227360689472,0.1850000023841858,0.0796368480267823,0.0430000014603138,0.25045897135963213,0.45045897135963214
3.756410598754883,0.1762591627093073,0.18876667820440626,0.6323439745595432,0.01106484003634621,-0.12665759593166517,0.19259280240503188,0.1850000023841858,0.07699278228001788,0.0430000014603138,0.2578375379409526,0.4578375379409526
3.8075742721557617,0.1851350184007889,0.195298100450668,0.6373001007166108,0.009708355765932257,-0.1192742759599561,0.19319895571954535,0.1850000023841858,0.07323110082113721,0.0430000014603138,0.26874847885152886,0.46874847885152887
3.855868101119995,0.19699020082755603,0.20412433247539946,0.643361139900677,0.008014042171703565,-0.10975066803027966,0.19801509009020543,0.18799999356269836,0.06868380611594481,0.08699999749660492,0.2834003274757716,0.4834003274757716
3.90606427192688,0.2029568835835095,0.2086020789560591,0.6462556016883292,0.007206938176260343,-0.10501756635133364,0.19829135858575184,0.18799999356269836,0.06540395304988211,0.08699999749660492,0.29080266541452776,0.4908026654145278
3.955967426300049,0.2090223529819945,0.21318139414366927,0.6493298585272249,0.006420771101750962,-0.1000053474069944,0.19745179991656886,0.18799999356269836,0.061312977714831976,0.08699999749660492,0.29834869848643353,0.49834869848643354
4.00670051574707,0.21520106699441605,0.21787617856893235,0.6520451773434179,0.005657242759432212,-0.09524039813602046,0.20320858590585372,0.19599999487400055,0.059815617046462544,0.08699999749660492,0.30605866906390045,0.5060586690639004
4.056898832321167,0.22465332471405447,0.22510559145849554,0.6564973134546406,0.004555331874432893,-0.0875059408868102,0.21121914281695903,0.20000000298023224,0.05293701882581277,0.0430000014603138,0.3178907534602617,0.5178907534602617
4.107434511184692,0.23424260049227402,0.23251772209865237,0.6608792481402219,0.0035357558226687597,-0.07960159752498064,0.2095723165656435,0.20000000298023224,0.04343084628992787,0.0430000014603138,0.3299535529437515,0.5299535529437516
4.155854225158691,0.24380007259412367,0.2399708320948719,0.6663014830781603,0.002611588901148119,-0.07046627536017891,0.19337098521801413,0.2029999941587448,0.030777446004295637,0.08699999749660492,0.3420268780929139,0.5420268780929138
4.207494735717773,0.2503045540478761,0.24509433148556678,0.6702522120243897,0.0020468055290252542,-0.06386821390939579,0.1951470518192421,0.210999995470047,0.02095665810576731,0.08699999749660492,0.3502814664278388,0.5502814664278388
4.255995750427246,0.2566187490134493,0.2501038084888821,0.6735176299530882,0.0015465205550281103,-0.057933632564130755,0.1845242768136362,0.2029999941587448,0.010220331332140885,0.08699999749660492,0.3583211597900733,0.5583211597900732
4.306905269622803,0.2628519153399451,0.25508655977065925,0.6761042341376384,0.0011020986570821035,-0.05261304553717994,0.1754639495067701,0.19599999487400055,0.0008564563598317332,0.08699999749660492,0.36628514948922053,0.5662851494892205
4.355865001678467,0.2720186144700674,0.2624533169463658,0.6793188270931632,0.000518128473084247,-0.04520328742978452,0.1934158535780574,0.18799999356269836,-0.01196009725754485,0.0,0.378027254580426,0.578027254580426
4.407235145568848,0.28103820514545974,0.2697476392528549,0.6811846701853965,2.7229697136151032e-05,-0.038991934424328245,0.18308902726310042,0.1809999942779541,-0.022648857618718477,0.0,0.38961571168544473,0.5896157116854448
4.456137657165527,0.28964420780737055,0.27672641312177654,0.6819289201581316,-0.000378819044715832,-0.033900273058786845,0.16787214524205402,0.1850000023841858,-0.03326743173922979,0.0430000014603138,0.40068905513669867,0.6006890551366987
4.506563663482666,0.2954358453689917,0.281428366974681,0.6824661507371277,-0.0006204165235823341,-0.03032403281460161,0.18840386857751154,0.1850000023841858,-0.04077995597938027,-0.0430000014603138,0.4081466547277587,0.6081466547277588
4.555879592895508,0.30111632075716527,0.28604515841490685,0.6818111508464383,-0.0008311639077041014,-0.027903435985480507,0.16527228064653227,0.1850000023841858,-0.04648371569184245,0.0430000014603138,0.4154658672157239,0.6154658672157239
4.607532978057861,0.3065532213880575,0.2904542679403058,0.6812229172682269,-0.0010188776956164083,-0.02546383313039935,0.1646690769615643,0.17299999296665192,-0.049003254155111454,0.0,0.4224661658098087,0.6224661658098087
4.657211542129517,0.3120529797521963,0.2949128754281562,0.6804587570352427,-0.0011880265320744856,-0.023078959214382522,0.17028801566881094,0.16899999976158142,-0.053477967633705444,-0.0430000014603138,0.4295476329754569,0.6295476329754569
4.708435773849487,0.3200645929672855,0.3013862071698216,0.6785786773232767,-0.001410324724720454,-0.02020983057275383,0.16700045568379485,0.16899999976158142,-0.061006997196973285,-0.0430000014603138,0.43985141424825464,0.6398514142482546
4.755640268325806,0.33067347244712453,0.309927609905269,0.675541510177578,-0.0016509424278783101,-0.016653484435230403,0.15788342067964675,0.17299999296665192,-0.07307238016262871,0.0,0.45347939064750664,0.6534793906475067
4.8059775829315186,0.3360754350786917,0.3142525615554546,0.6735828153357766,-0.001757058295735671,-0.015120640191259471,0.16047251369656354,0.16899999976158142,-0.07650398955889026,-0.0430000014603138,0.46040453485351773,0.6604045348535177
4.85651159286499,0.34078697231815747,0.31855280556098126,0.6716525918884484,-0.001420839798003622,-0.013745931891994356,0.17652506076043517,0.17299999296665192,-0.08692873987222617,-0.08699999749660492,0.46677984320220434,0.6667798432022043
4.91569185256958,0.3438142715780334,0.323487531158487,0.6701730523274233,0.0004911421225145295,-0.012322817665710195,0.1641650393760869,0.15800000727176666,-0.09935345231514521,-0.08699999749660492,0.47224564924964485,0.6722456492496449
4.956347227096558,0.34703510215145,0.3282747927439685,0.668569820069857,0.002182807853121125,-0.010933968034056218,0.14397151404582978,0.16200000047683716,-0.12054486781977529,-0.0430000014603138,0.4777579633034454,0.6777579633034454
5.007470369338989,0.3547985948286071,0.3343856610998203,0.6634792989651609,0.002084836809142808,-0.010497223864071703,0.15895091115448146,0.16599999368190765,-0.12890406297259696,-0.08699999749660492,0.48762567493848574,0.6876256749384857
5.055771827697754,0.3652062030237089,0.34247225587291114,0.6573009694285988,0.0019584233448490815,-0.008938923047779213,0.17114715836398464,0.16200000047683716,-0.1348690465043442,-0.13099999725818634,0.500789393939642,0.7007893939396419
5.10886025428772,0.37027777655556454,0.34637596218523137,0.6529544338203292,0.0019053701092382742,-0.00937741836736683,0.1477975267192605,0.15800000727176666,-0.13422138576136933,-0.08699999749660492,0.5071816649718914,0.7071816649718914
5.158179044723511,0.3752548323551422,0.35017283933010135,0.6488651784483673,0.0018509967921383865,-0.00953940063627867,0.14280664051727843,0.1509999930858612,-0.1312896597527909,-0.08699999749660492,0.5134340379913614,0.7134340379913615
5.206801176071167,0.3802299111669035,0.3539392783864597,0.645674227236157,0.0017985913074256795,-0.008710501471198675,0.14292154707418822,0.15800000727176666,-0.14223018933384568,-0.08699999749660492,0.5196664775511554,0.7196664775511554
5.255725622177124,0.3901940389334835,0.36138701569096326,0.6361673592633761,0.0016942785117604433,-0.009888400242393347,0.13775233210981608,0.1509999930858612,-0.14134521193724248,-0.08699999749660492,0.5320914432913595,0.7320914432913594
5.3066112995147705,0.3901940389334835,0.36138701569096326,0.6361673592633761,0.0016942785117604433,-0.009888400242393347,0.15552181935466192,0.1469999998807907,-0.1376009741014385,-0.13099999725818634,0.5320914432913595,0.7320914432913594
5.356202840805054,0.4047607775381713,0.37199479066059454,0.6220917054395517,0.0015089658491266181,-0.011085306417752738,0.1622024499219931,0.1509999930858612,-0.15077728508478755,-0.17499999701976776,0.5500897825985395,0.7500897825985395
5.405916929244995,0.4072149999697892,0.37375465056401275,0.6184150518416118,0.001478893243981706,-0.01250658253821868,0.1621801698868298,0.1509999930858612,-0.1506672838828549,-0.17499999701976776,0.5531063805887158,0.7531063805887157
5.4563493728637695,0.4120090471868021,0.3771592680692699,0.6140576730630226,0.0014132171062855386,-0.012385967910180429,0.16117847981369726,0.1509999930858612,-0.15486467945357307,-0.17499999701976776,0.5589795230475365,0.7589795230475365
5.50889778137207,0.4168848141060874,0.3805868867607207,0.6092609763412924,0.0013453152508118623,-0.012521872391811573,0.14688447928481957,0.1469999998807907,-0.15467404666170953,-0.13099999725818634,0.5649327188408685,0.7649327188408686
5.556147813796997,0.42675600575674444,0.3874102702006983,0.5980061559288219,0.001199854834798981,-0.014019881656171738,0.1304110537922024,0.1509999930858612,-0.16561513355164503,-0.08699999749660492,0.576919389713824,0.776919389713824
5.605965614318848,0.42675600575674444,0.3874102702006983,0.5980061559288219,0.001199854834798981,-0.014019881656171738,0.14412438947805897,0.1469999998807907,-0.16122798494769283,-0.13099999725818634,0.576919389713824,0.776919389713824
5.655705690383911,0.44131425296004156,0.39719305588993165,0.5824522146948576,0.0009746248024679349,-0.014340832846517215,0.14855318136421444,0.14300000667572021,-0.1700766878928535,-0.17499999701976776,0.5944413541601269,0.794441354160127
5.706181287765503,0.44363588009213006,0.39872225266563,0.5796135802464372,0.0009382535384804542,-0.014653903001824897,0.13673556106644574,0.13899999856948853,-0.16714615900263308,-0.13099999725818634,0.5972188026923416,0.7972188026923417
5.756314754486084,0.4483600291881215,0.40180313056546163,0.573685021398063,0.0008605368957392284,-0.01536227177924254,0.13769588093977844,0.1469999998807907,-0.18069952868079817,-0.13099999725818634,0.6028535508546052,0.8028535508546053
5.807290315628052,0.45310266149654227,0.40485546696062064,0.5677277330206161,0.000778653479808938,-0.01595841412318255,0.13517292990848306,0.13899999856948853,-0.17489609902543743,-0.13099999725818634,0.6084885436851533,0.8084885436851532
5.856008291244507,0.4627803381058325,0.4109558346437282,0.5548412524810189,0.0005997578773084324,-0.017532539557743476,0.14448746129188214,0.14300000667572021,-0.18836375502576505,-0.17499999701976776,0.6199193201965412,0.8199193201965411
5.905765533447266,0.4675100778337026,0.41387869074913225,0.5479599064851233,0.0005108107195737411,-0.018699528055228343,0.14621079937924183,0.13899999856948853,-0.18682956404999448,-0.21899999678134918,0.6254754658452454,0.8254754658452454
5.955859899520874,0.47450740953062376,0.41811530667724006,0.5372477038351327,0.0003642658716804516,-0.02071931993739473,0.1456362126099639,0.13899999856948853,-0.19217946295585858,-0.21899999678134918,0.6336503249650034,0.8336503249650034
6.007178068161011,0.48168615870982645,0.4223604749665063,0.5257864976128752,0.0002028746625001003,-0.022965040322693198,0.1507720130705426,0.1469999998807907,-0.20918473374137778,-0.21899999678134918,0.6419862029787398,0.8419862029787397
6.05569863319397,0.48422904356392193,0.4238360564617228,0.5230354703940049,0.00014026876947136331,-0.02238181595397537,0.140839687618909,0.14300000667572021,-0.20758396544301533,-0.17499999701976776,0.6449249775788094,0.8449249775788095
6.1078784465789795,0.48918926560579856,0.42668457715264446,0.5148307694231501,2.1126559557271873e-05,-0.023956667328771775,0.12487514696580745,0.13899999856948853,-0.20596750489255472,-0.13099999725818634,0.6506431619476613,0.8506431619476613
6.1560587882995605,0.4993230427403348,0.4323292570055451,0.49916484119695526,-0.00025286785887667105,-0.02558936963140757,0.12615640510162485,0.1469999998807907,-0.22971355155768347,-0.13099999725818634,0.6622414755699495,0.8622414755699495
6.2056849002838135,0.4993230427403348,0.4323292570055451,0.49916484119695526,-0.00025286785887667105,-0.02558936963140757,0.13446274884616866,0.13500000536441803,-0.2109614334538459,-0.17499999701976776,0.6622414755699495,0.8622414755699495
6.256301164627075,0.5137348385996079,0.439986069680651,0.4735884495801431,-0.0006764683278110347,-0.03000761093575033,0.1346847152993078,0.13199999928474426,-0.22010736434696127,-0.21899999678134918,0.6785656811568417,0.8785656811568416
6.306277275085449,0.5161376748719422,0.4412175003540186,0.4691558001275706,-0.0007525284076359066,-0.030767983430864954,0.14087313563015527,0.13500000536441803,-0.22759018698495703,-0.2630000114440918,0.6812672681845221,0.8812672681845222
6.355700254440308,0.5207085080625257,0.4435244269174527,0.46026174884522836,-0.0009009059862529408,-0.032563180702752936,0.13310359254549578,0.13199999928474426,-0.226818047873526,-0.21899999678134918,0.6863910041373054,0.8863910041373053
6.407260417938232,0.5253714693340374,0.44582589006855916,0.4517691001134367,-0.001060285456960991,-0.033649591799361944,0.13184088850763975,0.13199999928474426,-0.23231165616379668,-0.21899999678134918,0.6915958255652561,0.8915958255652561
6.456315755844116,0.5350067528317476,0.4504327403065247,0.4353494789440907,-0.0013973693918685986,-0.0342062474884704,0.1286724318985411,0.13199999928474426,-0.24645799508610647,-0.21899999678134918,0.7022900918808218,0.9022900918808219
6.505868434906006,0.5401271512058086,0.45279724922029657,0.4266290032031041,-0.0015812066737082707,-0.0341919250038159,0.13234935721534005,0.1469999998807907,-0.28364822632691294,-0.21899999678134918,0.707940123292974,0.907940123292974
6.556398868560791,0.5474619903001963,0.4560896994466074,0.41411678458394235,-0.0018423383214285732,-0.03377900376683274,0.1327626036360594,0.13500000536441803,-0.27351259771887415,-0.2630000114440918,0.7159979751209324,0.9159979751209324
6.606967449188232,0.5548372272070954,0.4592907133048844,0.4006731569597826,-0.002097232340913213,-0.033727650486705396,0.12046288727232751,0.13199999928474426,-0.2802612785103777,-0.21899999678134918,0.7240605227164358,0.9240605227164358
6.656617879867554,0.5572681612780034,0.4603204093744023,0.3959097843736673,-0.002180273979234765,-0.033933813797626326,0.11973804849479816,0.13199999928474426,-0.2843011015919408,-0.21899999678134918,0.7267090004112806,0.9267090004112806
6.7090744972229,0.562145957796464,0.4623416624333861,0.3869181964528144,-0.0023511404416851458,-0.03360443572928673,0.11394622367261427,0.12399999797344208,-0.27568882404874717,-0.21899999678134918,0.732007360842345,0.9320073608423449
6.756042718887329,0.5512295669191397,0.4622428999836391,0.3720155359043904,0.002102603786273968,-0.06582412300139867,0.12835178939257916,0.12399999797344208,-0.25359387206377365,-0.21899999678134918,0.7220376373767399,0.9320073608423449
6.805690288543701,0.5391217724534227,0.4608856870293384,0.3648534100334919,0.00611626081126058,-0.09174609264821376,0.13845957732064898,0.12800000607967377,-0.24204556429482157,-0.2630000114440918,0.7106105789386621,0.9320073608423449
6.856410980224609,0.5457303835753679,0.46336932735547776,0.34973612703593826,0.005471199874906993,-0.09556377601715466,0.132076498194979,0.11999999731779099,-0.22500378242323155,-0.2630000114440918,0.7175753640008955,0.9320073608423449
6.9078450202941895,0.5525828052883311,0.4658273919673058,0.33471385078622196,0.004781569803533553,-0.09848850523655278,0.13427162570975276,0.12399999797344208,-0.23093434509644117,-0.21899999678134918,0.7247606371509743,0.9320073608423449
6.956364393234253,0.5549251862163472,0.4666420598503223,0.32963514464344434,0.004542905807333708,-0.09933952054512063,0.13456153674435367,0.12399999797344208,-0.23041321610481494,-0.21899999678134918,0.7272096038497079,0.9320073608423449
7.00724196434021,0.5596216615217946,0.4682373307591517,0.3187291862672714,0.004061393924400504,-0.10161194000937651,0.13519577598244162,0.12399999797344208,-0.228506382958165,-0.21899999678134918,0.7321090085866466,0.9321090085866466
7.055856704711914,0.5692931905481106,0.47134930557964194,0.2988738867490386,0.003048057828209265,-0.10303266733103439,0.14031512949320682,0.12800000607967377,-0.2463608386024589,-0.2630000114440918,0.7421527239767141,0.942152723976714
7.106362819671631,0.5744004965391547,0.4729083500111235,0.28819857602408183,0.0025117304983823265,-0.1036028641172897,0.1413314801019565,0.13199999928474426,-0.26023491354303807,-0.21899999678134918,0.747437836827714,0.9474378368277141
7.155991077423096,0.5819294297708404,0.4750944436749173,0.2728343583491914,0.0017168162288740184,-0.10356109359438287,0.14034883277310864,0.13199999928474426,-0.27069819661744693,-0.21899999678134918,0.7552048439602778,0.9552048439602778
7.207803964614868,0.5896831315111528,0.47722043455742913,0.2570427449142018,0.0009094956761170843,-0.10283227872337519,0.1503676652567806,0.13899999856948853,-0.2976990518526295,-0.3070000112056732,0.7631825656593679,0.963182565659368
7.255689859390259,0.5923717759525076,0.4779271808240863,0.25146265604917134,0.0006322652856544377,-0.10252225941064974,0.15015998968335573,0.13899999856948853,-0.3022312924866384,-0.3070000112056732,0.7659442176731873,0.9659442176731874
7.307727336883545,0.5977599105625989,0.4792988121577075,0.2405699553973488,8.432922606430489e-05,-0.10134030607751407,0.14945147371974118,0.13899999856948853,-0.31218583989887083,-0.3070000112056732,0.7714728507925511,0.9714728507925512
7.356818199157715,0.6088924378603402,0.4819320878537229,0.21810204960702048,-0.0010205835304504056,-0.0977108029168127,0.14612941656409645,0.14300000667572021,-0.34431128581376147,-0.2630000114440918,0.7828717670736784,0.9828717670736784
7.405904293060303,0.6145588119074209,0.4831699172737494,0.2069235207801068,-0.0015639510510523516,-0.09497156637282547,0.14467024251143623,0.14300000667572021,-0.35744857172654876,-0.2630000114440918,0.7886643377260926,0.9886643377260926
7.455873012542725,0.6231226243909632,0.4849155898570456,0.18915009314582973,-0.002349083549862657,-0.09085110193756848,0.14796707803429748,0.1469999998807907,-0.3878770655306537,-0.3070000112056732,0.7974119964650511,0.9974119964650512
7.519671440124512,0.6317952626107987,0.4865207468457391,0.1707072668121813,-0.0031018983778543945,-0.08602225268794872,0.14121485222219415,0.13899999856948853,-0.3871083864119844,-0.3070000112056732,0.806263475882812,1.006263475882812
7.55832052230835,0.6403387263374836,0.48793591181009716,0.15174951202145345,-0.0037995262285078547,-0.08091247137187844,0.1393468273097249,0.14300000667572021,-0.4190206043769106,-0.2630000114440918,0.8149785080139565,1.0149785080139566
7.605424880981445,0.6403387263374836,0.48793591181009716,0.15174951202145345,-0.0037995262285078547,-0.08091247137187844,0.14340090777418588,0.14300000667572021,-0.4190206043769106,-0.35100001096725464,0.8149785080139565,1.0149785080139566
7.657078742980957,0.6518217987407763,0.48957607582136803,0.12609310335295448,-0.004655607201023279,-0.07233435285797923,0.13781841836684658,0.14300000667572021,-0.44851483579460005,-0.35100001096725464,0.8266919608976255,1.0266919608976255
7.70569634437561,0.6574991639885397,0.4902723549601204,0.11250240055252791,-0.005041781853291953,-0.0681661460047027,0.1380073679800712,0.1469999998807907,-0.47542005133712023,-0.3070000112056732,0.8324850261778258,1.0324850261778258
7.756340265274048,0.6631060063071209,0.4908830284018721,0.09881148848414935,-0.005397882780228509,-0.06375722481408198,0.13794416144102814,0.14300000667572021,-0.4762736334152475,-0.4390000104904175,0.8382083372429524,1.0382083372429525
7.806697607040405,0.6700731498406771,0.47872499482721603,0.07229153508343453,-0.01848174591044896,-0.07327233488903637,0.14415666002186606,0.13899999856948853,-0.3766553740236917,-0.39500001072883606,0.8434303259298765,1.0434303259298765
7.855933427810669,0.6802901343103362,0.4722185108284287,0.03724596176372914,-0.026246592436290614,-0.07421639603496069,0.14699153600813616,0.13500000536441803,-0.32722855884324886,-0.4390000104904175,0.8534924258615914,1.0534924258615914
7.905749082565308,0.6857870989060284,0.4724001846024076,0.020841548044306137,-0.0266192254237158,-0.0692510518656067,0.14437538483550963,0.13199999928474426,-0.33201283972176626,-0.39500001072883606,0.8595446347028777,1.0595446347028776
7.9565346240997314,0.6914262708308091,0.47249335546816906,0.004663565018224287,-0.026970289026369217,-0.06272269718563127,0.15034522753273855,0.13899999856948853,-0.36396531148668326,-0.39500001072883606,0.8657821894737111,1.0657821894737112
8.007153987884521,0.6970662317332321,0.4724970790407057,-0.011226134203380284,-0.027280556980188414,-0.05510442384121802,0.1546650806865287,0.14300000667572021,-0.3900080100998408,-0.35100001096725464,0.8720514351868138,1.0720514351868138
8.056305885314941,0.7026256355895553,0.47241573584925184,-0.026345630691038655,-0.02753948787532465,-0.04624506405025249,0.14797147676288894,0.13500000536441803,-0.38375964800622403,-0.4390000104904175,0.8782627869110043,1.0782627869110044
8.106702089309692,0.7081031013908877,0.4722518602978847,-0.041615346589463496,-0.027745884261911477,-0.037119949746835114,0.15665077260592453,0.1469999998807907,-0.4342541134860491,-0.39500001072883606,0.8844133402055858,1.0844133402055858
8.15733289718628,0.716832030610119,0.4718166596728597,-0.06647704463955224,-0.027966556718545504,-0.021523487853048848,0.1619814172965059,0.1509999930858612,-0.47242740784390796,-0.5260000228881836,0.8942779491359111,1.0942779491359111
8.20608901977539,0.7286338550897494,0.47087445882871615,-0.09955521819642306,-0.028039423674702343,0.0030476269715846577,0.15942319013307596,0.1509999930858612,-0.5091392650170772,-0.4390000104904175,0.907733382626879,1.107733382626879
8.257606983184814,0.734561316588702,0.4702531233853435,-0.11717314096244782,-0.02796092304578723,0.01556063017722284,0.15903211506933088,0.1509999930858612,-0.5259612389416211,-0.4390000104904175,0.914536494702876,1.114536494702876
8.305835723876953,0.7408346640901359,0.4694867158677568,-0.13534484625247342,-0.02778753262535633,0.030055585821293224,0.1613186925100613,0.15800000727176666,-0.5695883622995641,-0.4390000104904175,0.9217648275203237,1.1217648275203238
8.356311082839966,0.7469535239397612,0.4686198833677547,-0.1527123432405988,-0.02753486380419307,0.045217143657044545,0.16029756093653078,0.15800000727176666,-0.5886147221884429,-0.4390000104904175,0.928839803936151,1.128839803936151
8.408121347427368,0.7530371951456423,0.4676535175472725,-0.17046559738458789,-0.027185127114308587,0.06035656331815589,0.15853672452355214,0.15800000727176666,-0.6064303714301603,-0.4390000104904175,0.9358898799595498,1.1358898799595498
8.456388711929321,0.762206018043904,0.4659832602422792,-0.19793235251550095,-0.02647978608713305,0.08321239150270082,0.15840483338531228,0.15399999916553497,-0.615335888196077,-0.4819999933242798,0.9465346051440722,1.1465346051440721
8.50588870048523,0.7739168492222303,0.4638746145530164,-0.23449134329121005,-0.024876518825683543,0.11088488969554976,0.15297474848604548,0.1469999998807907,-0.6148992720733323,-0.4819999933242798,0.9599759853133691,1.159975985313369
8.555805921554565,0.7792135442204997,0.46402674753763,-0.25171092165608216,-0.02287467891118302,0.12021528510457592,0.15276769924787112,0.15399999916553497,-0.6605263481204732,-0.4819999933242798,0.9655158241655523,1.1655158241655523
8.616552591323853,0.7846643342451142,0.46380949634328106,-0.27050606136156446,-0.021025463038195063,0.1288245599565468,0.1636991908546429,0.15800000727176666,-0.6910549099655158,-0.6140000224113464,0.9712495416009419,1.1712495416009419
8.667041063308716,0.7906675975892815,0.4621073786538245,-0.2937558361081402,-0.020158449601829487,0.13819468787191397,0.153683570106484,0.15800000727176666,-0.6958396535723544,-0.5260000228881836,0.978099659126891,1.178099659126891
8.714953184127808,0.7965517649118231,0.46028502755817413,-0.3172777398391688,-0.019252853336069076,0.14641994580870946,0.15945743804683984,0.1509999930858612,-0.6679082698062585,-0.6140000224113464,0.9848180787667707,1.1848180787667708
8.773763418197632,0.8054634946453288,0.4572340848161733,-0.35558952633540886,-0.0177731967089607,0.15562587267144956,0.15933364049813134,0.1509999930858612,-0.6675328199429774,-0.6140000224113464,0.9950040409499871,1.1950040409499871
8.8136887550354,0.8170177940429245,0.45268197088363343,-0.4079352170527993,-0.015717258172416124,0.1636010028624651,0.1631382176521321,0.15399999916553497,-0.6747667834416864,-0.6579999923706055,1.0082638001527526,1.2082638001527526
8.8617582321167,0.82259981165342,0.45022244482818674,-0.4343381788767807,-0.01468011782509957,0.16573565845815308,0.16372471247949064,0.15399999916553497,-0.669618502976721,-0.6579999923706055,1.014705292443812,1.214705292443812
8.913668394088745,0.8281901466180154,0.4475883011444315,-0.4600628274839147,-0.013610787968069336,0.16819650662328445,0.16380542589897573,0.1509999930858612,-0.6521861037258001,-0.7020000219345093,1.0211906955815127,1.2211906955815126
8.963858604431152,0.833762626518541,0.4447805872512138,-0.487021686044765,-0.012521601938271962,0.16889311586280079,0.17027980036114074,0.15800000727176666,-0.6755285093809145,-0.7020000219345093,1.0276965138884073,1.2276965138884073
9.018390893936157,0.8392759471950226,0.441815915902981,-0.5139871407626203,-0.011424938455880433,0.16886861244039827,0.17059117120713085,0.15800000727176666,-0.6679408406532016,-0.7020000219345093,1.0341826234526015,1.2341826234526014
9.067439079284668,0.8532272833383739,0.4334313193177055,-0.5830848219746391,-0.00858541748647208,0.1660555021367326,0.17559514091274261,0.16200000047683716,-0.6624440158656102,-0.7459999918937683,1.0508810411209724,1.2508810411209723
9.115009307861328,0.8532272833383739,0.4334313193177055,-0.5830848219746391,-0.00858541748647208,0.1660555021367326,0.17885320625314546,0.16599999368190765,-0.6788006303989597,-0.7020000219345093,1.0508810411209724,1.2508810411209723
9.164931058883667,0.8738116522537682,0.42545835451017394,-0.635946079573758,0.00037644195117764076,0.18829987029759843,0.1770004444132527,0.16599999368190765,-0.730316171509981,-0.7020000219345093,1.0713758080219349,1.2713758080219348
9.214488983154297,0.8860885215748545,0.4210946405651435,-0.6609418782711164,0.006648389738331883,0.2017397490466022,0.18507677681134235,0.17299999296665192,-0.8013180405647634,-0.7900000214576721,1.0826633689438265,1.2826633689438265
9.270153045654297,0.8913974076454181,0.4169100187609304,-0.6883747563405884,0.008029577055449787,0.19540226355200552,0.18054892490389646,0.17299999296665192,-0.7890808780546739,-0.7020000219345093,1.0891260106168688,1.2891260106168687
9.314454555511475,0.8966023256381963,0.4125655121133718,-0.7156919902251905,0.00936676342610763,0.18854985100089683,0.1809688628022032,0.17299999296665192,-0.7762448731949788,-0.7020000219345093,1.0955948435370202,1.2955948435370201
9.363504886627197,0.9071957349512054,0.40293294712589905,-0.7730443946410862,0.012030256957683706,0.1722754009708607,0.19464244218879095,0.1850000023841858,-0.798692596372726,-0.7459999918937683,1.1092251490168794,1.3092251490168794
9.411291360855103,0.9149527971889739,0.3951349269265364,-0.8165060695832179,0.013915837114385385,0.15851902795091366,0.1874019394017718,0.1770000010728836,-0.7394030136633231,-0.7459999918937683,1.1196767859003183,1.3196767859003182
9.467392206192017,0.9225093831192827,0.38684237369815755,-0.8611661583839656,0.015678250018427004,0.1426272343461965,0.19928071625567925,0.18799999356269836,-0.7554499327046654,-0.7900000214576721,1.1303314831349365,1.3303314831349364
9.512593030929565,0.925011323666121,0.3839293443836513,-0.8756622381699748,0.016242200959162532,0.1376463888584758,0.19959469278874237,0.18799999356269836,-0.7459604152275053,-0.7900000214576721,1.1339780615647392,1.3339780615647392
9.561413764953613,0.9296973357050591,0.3782282064311131,-0.9050877300712705,0.017268048139190386,0.1260486621282464,0.20261134036186138,0.19200000166893005,-0.7396243169130642,-0.7459999918937683,1.1409876708382087,1.3409876708382087
9.618391752243042,0.9343953113961115,0.37215299872266944,-0.9352361639406843,0.018245442076640292,0.11384491531016838,0.20538987616226445,0.19200000166893005,-0.7160648051310304,-0.8339999914169312,1.1482865029311204,1.3482865029311204
9.662713050842285,0.9440870678852553,0.3591034716578394,-0.9979762735347465,0.020437914991038298,0.08705538468458572,0.20467625689054067,0.19200000166893005,-0.666865714926425,-0.7459999918937683,1.1636987442792945,1.3636987442792945
9.717578649520874,0.9490519258966068,0.3519676464958141,-1.030117292923026,0.02157583429373071,0.07312044238307669,0.21933817677198708,0.2070000022649765,-0.6918558722221416,-0.7459999918937683,1.1719349009528943,1.3719349009528943
9.762333154678345,0.9549524851643449,0.3417960610194572,-1.0718827857677262,0.0223990118440717,0.055079874304165825,0.2088575403107227,0.19599999487400055,-0.6170198860183912,-0.7020000219345093,1.1831438399125427,1.3831438399125426
9.813514232635498,0.9605431226177434,0.3312013945669932,-1.1107307490334823,0.02303766570716314,0.03928887813426063,0.21246767910585168,0.20000000298023224,-0.5940224081347419,-0.6579999923706055,1.1945825524868374,1.3945825524868374
9.86884093284607,0.9658218056323566,0.32020320724076134,-1.1462592650418924,0.023501210102068716,0.026177663526244288,0.21573295305004625,0.2029999941587448,-0.5710240234671808,-0.6140000224113464,1.206251860558511,1.406251860558511
9.910828351974487,0.9658218056323566,0.32020320724076134,-1.1462592650418924,0.023501210102068716,0.026177663526244288,0.2236590015510197,0.210999995470047,-0.5935274375951153,-0.6140000224113464,1.206251860558511,1.406251860558511
9.963933229446411,0.9725251898024618,0.30462581396287036,-1.1944176101696622,0.02388996976866775,0.007538740294785739,0.22768622771139863,0.2150000035762787,-0.5560215497468357,-0.5699999928474426,1.2225070831737344,1.4225070831737343
10.010737895965576,0.981191484987548,0.2944001264742431,-1.216843695684784,0.0284190914994689,0.005870363431752512,0.2349840024650241,0.22200000286102295,-0.6018250725826285,-0.6579999923706055,1.2345804407734757,1.4345804407734757
10.063793420791626,0.9890662868641171,0.2842788684916053,-1.2398608186419207,0.032486431505164094,0.001924058864198219,0.23474271823027545,0.22200000286102295,-0.621049225262837,-0.5699999928474426,1.246162074265433,1.4461620742654329
10.112251043319702,0.9941074293475545,0.2712157552820282,-1.2732526907091146,0.033184045017231954,-0.010509234018287739,0.24207933100744172,0.23000000417232513,-0.6140997882210883,-0.5699999928474426,1.259458912820866,1.459458912820866
10.161290407180786,0.9990824503397524,0.2538975985113675,-1.319598550802893,0.03290762516225081,-0.031131873330336735,0.24347049639943688,0.23000000417232513,-0.55673221371792,-0.6579999923706055,1.2766257620963044,1.4766257620963044
10.214529514312744,1.0013452621147154,0.24483607008778144,-1.3446864759420067,0.03261645882752481,-0.04339987755394792,0.24380947318786686,0.23000000417232513,-0.5225054354708459,-0.6579999923706055,1.2855410332376862,1.4855410332376862
10.262767553329468,1.0034178360400463,0.23558553587047934,-1.3695183496526184,0.0322114795191964,-0.05554692856727739,0.2512946879467029,0.2370000034570694,-0.5023790920873986,-0.7459999918937683,1.2946011392898507,1.4946011392898506
10.311760425567627,1.005290374080222,0.22612928552747355,-1.3922594967326605,0.03168138540635352,-0.06570918390330793,0.2589691356949472,0.24500000476837158,-0.4855085055320194,-0.6579999923706055,1.3038246369043902,1.5038246369043902
10.370092868804932,1.0049456694508772,0.21879520215533776,-1.4131424344358352,0.029605172804167457,-0.07756750157456294,0.25006154114573287,0.2370000034570694,-0.41871757025976003,-0.5699999928474426,1.310590599086224,1.510590599086224
10.415558099746704,1.0043072752904465,0.2113470432493852,-1.4326605391949858,0.02728043408211291,-0.08810963062018941,0.2627789631390615,0.25600001215934753,-0.3971270544139564,-0.4390000104904175,1.3174401022084108,1.5174401022084107
10.468326091766357,1.0056747763975118,0.19702806393819555,-1.4605414148013875,0.0255274204477242,-0.0983648964520687,0.26819305794079024,0.25999999046325684,-0.3510294649637424,-0.4819999933242798,1.3312516951115627,1.5312516951115627
10.513107776641846,1.0076607123753385,0.17632429929068444,-1.4989985418742677,0.023438825114216185,-0.11218435956624839,0.27557694030300445,0.2680000066757202,-0.29238705826645056,-0.4819999933242798,1.3513424974919692,1.5513424974919692
10.57082462310791,1.008351810645799,0.16602758721618552,-1.5174430677643915,0.022295469179209434,-0.11877585119343048,0.26305476521575205,0.25600001215934753,-0.24607415382039272,-0.4390000104904175,1.3613278913390157,1.5613278913390156
10.612621784210205,1.0088859104568073,0.15512076602583139,-1.5354124960707456,0.021020409731408396,-0.12444611714980702,0.2810722422133728,0.2750000059604645,-0.22948315270219574,-0.4819999933242798,1.371906733164163,1.571906733164163
10.66355848312378,1.0092172092050544,0.1445660467865957,-1.5525228015942776,0.01972906095450968,-0.1298743331677783,0.2731860481218713,0.2680000066757202,-0.19040678430522445,-0.39500001072883606,1.3821494343275424,1.5821494343275424
10.71955132484436,1.0128875893249882,0.13387453444437608,-1.5635243642191676,0.021848817591186214,-0.12872649041183526,0.27106091356609424,0.2680000066757202,-0.21741012441497465,-0.3070000112056732,1.3930004112637693,1.5930004112637692
10.763272762298584,1.019564165922898,0.10701907900083385,-1.5830551266052102,0.025226062648412085,-0.11911783269207055,0.2791469914585509,0.27900001406669617,-0.2912837794626646,-0.2630000114440918,1.4197819378845489,1.6197819378845488
10.814183473587036,1.0194038861859125,0.09624030713400461,-1.5924696351892138,0.023976439724297655,-0.11745978978258974,0.2644022789530103,0.2680000066757202,-0.2677756939617938,-0.21899999678134918,1.4302168881012711,1.630216888101271
10.863033771514893,1.019146936951931,0.08530334355822014,-1.5993516603831435,0.022735204431366247,-0.11321422526875648,0.2710792672806759,0.27900001406669617,-0.2736764883811285,-0.17499999701976776,1.4408264023796291,1.640826402379629
10.920041799545288,1.0189939543582234,0.07994553256646458,-1.6030558821094392,0.022144154353001825,-0.11150460284161023,0.26422929510286114,0.2709999978542328,-0.2627507198316226,-0.17499999701976776,1.4460322194995585,1.6460322194995585
10.96353793144226,1.0184213638168393,0.064055926643679,-1.6124037960973927,0.020441666430474504,-0.10491052685079215,0.2576212984753714,0.25999999046325684,-0.248227003743241,-0.21899999678134918,1.4615014377973212,1.6615014377973212
11.012880563735962,1.0164319380732763,0.04568185229490522,-1.631529601112788,0.017460002368430916,-0.10582471862570264,0.25281407429879643,0.25600001215934753,-0.2070997375280667,-0.17499999701976776,1.4793958775647271,1.679395877564727
11.071423768997192,1.0142192316112624,0.03882262362109021,-1.6451440654846903,0.014963065262514884,-0.11271755742006562,0.2612481024611863,0.2639999985694885,-0.16485897902948018,-0.17499999701976776,1.486047870660026,1.686047870660026
11.112080097198486,1.012664297309119,0.029976908400825092,-1.6547734461459211,0.013108268051059553,-0.11362235720721525,0.26166562790025294,0.2639999985694885,-0.1399657519457362,-0.17499999701976776,1.4947131700145704,1.6947131700145703
11.164315223693848,1.0117875339321443,0.019774528669500385,-1.662290598894164,0.011980824648584252,-0.11104988984549036,0.25953446196142566,0.25600001215934753,-0.1297151912822237,-0.2630000114440918,1.5047643754826214,1.7047643754826214
11.212697505950928,1.0108416532961708,0.009658664272196058,-1.6700408056037483,0.010887797170550821,-0.10880170662441824,0.24932244362800302,0.24899999797344208,-0.12022242887931886,-0.17499999701976776,1.5147511089613719,1.7147511089613718
11.264389038085938,1.0081479867091319,-0.015456969647329673,-1.6891070761968219,0.008266495275913888,-0.10297293000961294,0.2514805309956867,0.24899999797344208,-0.10852020648425055,-0.17499999701976776,1.539636561076564,1.739636561076564
11.320737838745117,1.0069196655563148,-0.025643157281003227,-1.696164440398072,0.007246349136330134,-0.0998736059223877,0.2524431692004624,0.24899999797344208,-0.10670881392502285,-0.17499999701976776,1.5497670390318332,1.7497670390318332
11.368343830108643,1.0056348282619114,-0.03572158309517738,-1.7018275582569453,0.00626985952392739,-0.09543581516625799,0.25973286651368743,0.25600001215934753,-0.11215639605688014,-0.17499999701976776,1.5598117770624702,1.7598117770624702
11.41174602508545,1.0042940016713573,-0.0457927213650395,-1.706945189562798,0.005339624031883339,-0.09039402441024769,0.2606656752659617,0.25600001215934753,-0.11712060965736361,-0.17499999701976776,1.5698701794176277,1.7698701794176277
11.462062358856201,1.0028553459739766,-0.058645851115913306,-1.7118824247107518,0.004574495412743553,-0.0822741566354881,0.24021144530114139,0.24899999797344208,-0.13002815925712533,-0.08699999749660492,1.582716274791706,1.782716274791706
11.517441749572754,1.0012171770465403,-0.07575314581621004,-1.718481780074186,0.004095247735172732,-0.0713014300984849,0.22992921960550194,0.25200000405311584,-0.16150802429310163,-0.0430000014603138,1.5998191442216783,1.7998191442216782
11.562968969345093,0.9972443788988041,-0.10550347378663334,-1.729030557612989,0.002872347887180545,-0.05044296520608249,0.22934958103226008,0.25200000405311584,-0.2166595262911074,-0.13099999725818634,1.6297003628909812,1.8297003628909811
11.617016315460205,0.9956874451064386,-0.11517900498911623,-1.7347719653105118,0.002416656444058322,-0.04568097925309278,0.22172842720082234,0.24500000476837158,-0.2234922087646854,-0.13099999725818634,1.6394623021514199,1.8394623021514198
11.670711994171143,0.9940966377812732,-0.12468680789972174,-1.7418476688742361,0.0020094200864078674,-0.042274082589985884,0.2237458781131615,0.2409999966621399,-0.23021722919677554,-0.17499999701976776,1.6490705214261496,1.8490705214261496
11.714709281921387,0.9932999618623515,-0.12929851554042782,-1.7449172946441613,0.0018235971405499655,-0.040199527417555725,0.2360100870123595,0.23000000417232513,-0.2258091131423313,-0.21899999678134918,1.653737012447294,1.853737012447294
11.7651207447052,0.9908377628981226,-0.14301927072477447,-1.7538947989603293,0.0013234117921847985,-0.033612779217802036,0.20720890710919312,0.22599999606609344,-0.2420098603211432,-0.17499999701976776,1.6676435924389152,1.8676435924389152
11.811100721359253,0.987476644667225,-0.16072292021396684,-1.7646129504366261,0.0008217936616080453,-0.023620662798061076,0.1963798745582257,0.21899999678134918,-0.2662954980823372,-0.17499999701976776,1.6856346224327476,1.8856346224327476
11.862229347229004,0.985762665102254,-0.16937475245160477,-1.7711354264040002,0.0006437454584623506,-0.019733915195726093,0.20599071514395842,0.22200000286102295,-0.2850315835259688,-0.21899999678134918,1.69444525351837,1.89444525351837
11.918377161026001,0.98403680052108,-0.17779977781124884,-1.7800366021460539,0.000503594095408334,-0.018297874819606097,0.20852928034248439,0.210999995470047,-0.28081961386716137,-0.2630000114440918,1.703038206105345,1.903038206105345
11.961655139923096,0.9822855299626139,-0.1859742845311865,-1.7898720624424473,0.00037821670057379826,-0.01789098880071993,0.2154674157836694,0.2029999941587448,-0.27805427447538283,-0.35100001096725464,1.7113927837957197,1.9113927837957196
12.01498293876648,0.9804861416520858,-0.19397439052584517,-1.800124007571825,0.00025561165889517723,-0.01790599660779324,0.20572749186234646,0.20000000298023224,-0.2812591737003601,-0.3070000112056732,1.7195886316154112,1.9195886316154112
12.062191724777222,0.9756318996016717,-0.2138908805482432,-1.824293785879976,-4.1553670582989616e-05,-0.015544425771750301,0.1879524494585194,0.2070000022649765,-0.3175240291905999,-0.21899999678134918,1.740083760357184,1.9400837603571839
12.113335371017456,0.9735667328295492,-0.22176449308388785,-1.8340256987656876,-0.0001482415517006208,-0.014332485187785515,0.1897225990289726,0.2029999941587448,-0.32337338677033317,-0.2630000114440918,1.7482241212705305,1.9482241212705305
12.171972274780273,0.971472855780187,-0.22946486573793798,-1.8439970900907716,-0.0002371221737044308,-0.013334498998915256,0.18480747883527684,0.19599999487400055,-0.3239491129069122,-0.2630000114440918,1.7562057588974858,1.9562057588974857
12.216456413269043,0.9692779061988326,-0.23722020327766039,-1.8541469199438667,-0.0003200997101223554,-0.012138801151764245,0.18358536944613021,0.19200000166893005,-0.32996625596647466,-0.3070000112056732,1.7642685050859195,1.9642685050859194
12.261828899383545,0.9671146042248757,-0.2445892165317157,-1.8654848539916702,-0.0003878301710943914,-0.012406487669576416,0.18784931135871005,0.19599999487400055,-0.34710329078915286,-0.35100001096725464,1.7719521535706937,1.9719521535706936
12.317289352416992,0.9637700129993727,-0.25106098957738593,-1.8774162550171687,-0.0017597532942330704,-0.013776066556458577,0.18579599893603074,0.18799999356269836,-0.32886632834748974,-0.35100001096725464,1.7791181376435885,1.9791181376435885
12.364219427108765,0.9509991844476984,-0.2581965066225242,-1.9024461023430277,-0.011842042702249703,-0.02255014286392121,0.20287294316319837,0.19200000166893005,-0.24179599246057956,-0.3070000112056732,1.789829454290113,1.989829454290113
12.41140103340149,0.9473262592605938,-0.26862861470217886,-1.9219535219197026,-0.012070042708970854,-0.024318009231084403,0.18831862291458043,0.1770000010728836,-0.23632395280753832,-0.3070000112056732,1.801099192627556,2.001099192627556
12.46740198135376,0.9434147068747205,-0.2790804895739321,-1.9415012047617604,-0.012315643490959666,-0.025219695170842105,0.19203154134194245,0.1850000023841858,-0.2641849318845343,-0.3070000112056732,1.8124838474044054,2.0124838474044053
12.518701314926147,0.9420235642139956,-0.28265964598834203,-1.9476719865603558,-0.012399854661837795,-0.02478943687648605,0.19050877038545377,0.1850000023841858,-0.2718522816370858,-0.3070000112056732,1.8164044928099359,2.016404492809936
12.561486005783081,0.9363764014084249,-0.29657731194637366,-1.9708354720572396,-0.012701740916203474,-0.021145382778086974,0.18427262533343897,0.1850000023841858,-0.307600458010163,-0.3070000112056732,1.8317581699221634,2.0317581699221634
12.613304138183594,0.9363764014084249,-0.29657731194637366,-1.9708354720572396,-0.012701740916203474,-0.021145382778086974,0.18740068450865524,0.19599999487400055,-0.32589020224999665,-0.2630000114440918,1.8317581699221634,2.0317581699221634
12.661782264709473,0.9303280913910608,-0.3105435726324718,-1.9926813759541904,-0.0129374153926797,-0.014075750498445228,0.17433768087642867,0.18799999356269836,-0.359497487162686,-0.2630000114440918,1.8473472415560606,2.0473472415560607
12.71232008934021,0.9271582402333788,-0.317538819657491,-2.004254244938818,-0.013014502417077934,-0.010323529302171508,0.1776417633941742,0.19599999487400055,-0.40139687188265316,-0.2630000114440918,1.8552257146642088,2.055225714664209
12.765671014785767,0.9224344400364116,-0.3275833236369474,-2.022668476225796,-0.013070084298249506,-0.00564071143718925,0.17114629089403616,0.1850000023841858,-0.4154589619013731,-0.3070000112056732,1.866626925164286,2.066626925164286
12.815433263778687,0.9175338197826556,-0.3375205015041041,-2.0404334052310173,-0.013069004574133115,0.0008578589946339754,0.16964382569555828,0.1809999942779541,-0.4472261152194281,-0.35100001096725464,1.8780241405602731,2.0780241405602733
12.862735271453857,0.9142748592571462,-0.34389576475546474,-2.0534361244255153,-0.013025548361271346,0.004212764245447254,0.1604019037086601,0.1770000010728836,-0.462456292027558,-0.3070000112056732,1.8853974822391437,2.0853974822391437
12.912546634674072,0.9093452214211081,-0.35314373686566014,-2.0741505567862495,-0.012925929975227977,0.008490630241817511,0.15381943275460935,0.16599999368190765,-0.4678588658268781,-0.35100001096725464,1.8962013403557907,2.096201340355791
12.968339920043945,0.904372321930778,-0.3620032991156002,-2.0974467324776582,-0.012793891444246685,0.010673952375517272,0.15440649668896028,0.16899999976158142,-0.507240783250674,-0.4819999933242798,1.906688265513588,2.106688265513588
13.014825105667114,0.9027839735798001,-0.36473511279687354,-2.1068942178078207,-0.012747251084786188,0.009420385217288274,0.14084776426815127,0.1509999930858612,-0.4589212593182572,-0.4390000104904175,1.9099525283986616,2.1099525283986615
13.06549882888794,0.8961354260950645,-0.3756020253831553,-2.141252140543915,-0.012575735847449818,0.009449440917071783,0.1443895529509146,0.15800000727176666,-0.5119688322683489,-0.4390000104904175,1.9231268696068282,2.1231268696068284
13.113351345062256,0.8961354260950645,-0.3756020253831553,-2.141252140543915,-0.012575735847449818,0.009449440917071783,0.1380505449894938,0.1469999998807907,-0.47632541024486463,-0.4819999933242798,1.9231268696068282,2.1231268696068284
13.163955926895142,0.8896255148614542,-0.3854671218819615,-2.1758857682521526,-0.01241707779532816,0.008792104260504807,0.13326261235411843,0.14300000667572021,-0.48828914360894454,-0.4390000104904175,1.9353703588741198,2.1353703588741197
13.212403297424316,0.8863062427621929,-0.390223382340802,-2.1939057784120974,-0.012340142939418194,0.00822309859120507,0.13265737530684316,0.13899999856948853,-0.4857248011077176,-0.4819999933242798,1.9413858297204258,2.141385829720426
13.26387333869934,0.8814222866076438,-0.39688452676766667,-2.220842338204584,-0.012245434411286444,0.007062279183685405,0.12953155384804083,0.13500000536441803,-0.4858712647636638,-0.4390000104904175,1.9499621601469599,2.14996216014696
13.319885492324829,0.8756027009327143,-0.4018419249668956,-2.2462902364203883,-0.013734200428968009,0.00606284949390723,0.1320397459061956,0.13199999928474426,-0.47795296687547134,-0.4819999933242798,1.95777853087192,2.15777853087192
13.360894441604614,0.8689439596693855,-0.40472956914382013,-2.269664953998383,-0.017015452751488736,0.004765100911968911,0.13197997765931185,0.12800000607967377,-0.45342306043411396,-0.4390000104904175,1.9645922477905273,2.1645922477905275
13.412221670150757,0.8655394487751025,-0.4087390421023952,-2.288896662185041,-0.01696856561654406,0.0041435304600452305,0.131758882895793,0.12800000607967377,-0.46065150912708985,-0.4390000104904175,1.970168220358731,2.170168220358731
13.46133303642273,0.8621504852841488,-0.41257687513653735,-2.3077140451653047,-0.01692685477771095,0.00394799939387136,0.13647792901702646,0.12800000607967377,-0.4676254874302179,-0.5260000228881836,1.9756036921780915,2.1756036921780915
13.51283884048462,0.8585427971213995,-0.4165137864810437,-2.32677597388177,-0.016878732817689642,0.004848107888358211,0.1390297368385092,0.13500000536441803,-0.5017071220829723,-0.5260000228881836,1.9812808929684285,2.1812808929684286
13.56195068359375,0.8550695834653734,-0.4201658830843434,-2.3457795230342176,-0.01682751087042624,0.0051953141382479195,0.13219811418076594,0.12399999797344208,-0.4669697756008256,-0.4819999933242798,1.9866467631308273,2.1866467631308275
13.618605375289917,0.8494263416754011,-0.4258077615854597,-2.37422125394728,-0.016744598760818064,0.00842699295028515,0.1345323816802369,0.13199999928474426,-0.5095218227884735,-0.4819999933242798,1.9951581400784508,2.195158140078451
13.661073684692383,0.841733884488163,-0.4330123894008521,-2.411654145614182,-0.01658213259812981,0.014753724621473285,0.1349432445285609,0.13899999856948853,-0.5537942407291527,-0.4819999933242798,2.006426488892614,2.2064264888926144
13.712501525878906,0.8378423675177853,-0.43646138267898515,-2.4309639480405205,-0.016472135041298023,0.017835938285230224,0.13476032967956364,0.12800000607967377,-0.5165837160925711,-0.5260000228881836,2.011995310587602,2.2119953105876022
13.77424168586731,0.833779858182115,-0.43992707914019746,-2.44995033008491,-0.016337534066405344,0.02236864198702504,0.13313558461718789,0.13199999928474426,-0.5406658139523312,-0.4819999933242798,2.017719509380877,2.2177195093808773
13.813611507415771,0.829648465614601,-0.4433103093247721,-2.4696716950447035,-0.016183363175415334,0.02670501196385855,0.14117782411599042,0.13899999856948853,-0.5764415667259319,-0.5699999928474426,2.023448479027724,2.223448479027724
13.861822366714478,0.8255004439220448,-0.4465770381707879,-2.4892006168317242,-0.016004004909110383,0.0314432732223362,0.13374413427813273,0.12800000607967377,-0.5370290715187431,-0.5260000228881836,2.0291160558387737,2.229116055838774
13.91451120376587,0.8213044172637725,-0.4497488332036264,-2.509802169519088,-0.015801020063277535,0.03547835596702864,0.13723591997241577,0.14300000667572021,-0.6049550891913069,-0.5260000228881836,2.034764002625083,2.234764002625083
13.965818405151367,0.8100976324577374,-0.457591742565232,-2.562848760175569,-0.015157098382485535,0.04841963439840491,0.13989481362379422,0.13199999928474426,-0.5695472205477423,-0.5699999928474426,2.049451692152757,2.249451692152757
14.012486934661865,0.8073209102433508,-0.4574693114623931,-2.5816630489548995,-0.01665368960732339,0.04121177104413265,0.14059803802578458,0.13500000536441803,-0.5626249458254055,-0.5260000228881836,2.0519778798905817,2.251977879890582
14.074472188949585,0.8046956397407519,-0.4570659652153986,-2.599963768995997,-0.01829460540417391,0.033394977132514825,0.14388276049528856,0.13500000536441803,-0.5408630229060392,-0.5260000228881836,2.054249681998035,2.254249681998035
14.115544319152832,0.8002388157419693,-0.4594406353600136,-2.621068632179336,-0.018324276032696072,0.037946667655479605,0.1446797082971348,0.13500000536441803,-0.5408652059208804,-0.5260000228881836,2.0597695124420214,2.2597695124420216
14.161345481872559,0.7955400404763258,-0.4621015250982152,-2.6421829103393,-0.01807313915360124,0.04454759477311265,0.14512886381349535,0.13500000536441803,-0.5438067870719491,-0.5260000228881836,2.0656680443880036,2.2656680443880037
14.220167875289917,0.7908376415999171,-0.4646317749228357,-2.6626369207789606,-0.01779258641183418,0.0516773264216197,0.14547834691654699,0.13500000536441803,-0.5468200609091333,-0.5260000228881836,2.071495487797836,2.271495487797836
14.262923002243042,0.7784216314807456,-0.470742972898675,-2.715781047011824,-0.016879075020195818,0.07044372715075342,0.1506628206000968,0.14300000667572021,-0.585118606075415,-0.5260000228881836,2.0865527344499886,2.2865527344499887
14.318035125732422,0.7733451614454626,-0.47301066975256845,-2.7375694063911347,-0.016439300917841577,0.07751057923127025,0.14988433965072165,0.13899999856948853,-0.5695459597509387,-0.5699999928474426,2.092576289351815,2.2925762893518153
14.3633553981781,0.7681464797316004,-0.475197503057785,-2.760518806441413,-0.01595346337761015,0.08366990086348025,0.153297712978908,0.14300000667572021,-0.5850200383805537,-0.6140000224113464,2.098666363843225,2.298666363843225
14.416450023651123,0.7627505623212825,-0.4773243152530033,-2.7830203409222984,-0.015415291008071385,0.0908571181346045,0.15873391066561024,0.15399999916553497,-0.6299829589921349,-0.5699999928474426,2.1049069284863915,2.3049069284863917
14.4651358127594,0.751765854538506,-0.48123225010585746,-2.8272754539197336,-0.014210018133079982,0.10524585033500823,0.15359248542613524,0.14300000667572021,-0.5844200844317464,-0.6140000224113464,2.1173753919680314,2.3173753919680316
14.511652708053589,0.751765854538506,-0.48123225010585746,-2.8272754539197336,-0.014210018133079982,0.10524585033500823,0.15489023463294288,0.1469999998807907,-0.6007674708478522,-0.5699999928474426,2.1173753919680314,2.3173753919680316
14.565551280975342,0.7327466182702692,-0.48402733327062325,-2.8756264563480367,-0.014516798719268467,0.15046588024940988,0.1565489921340379,0.1469999998807907,-0.6137737272257516,-0.5699999928474426,2.1379473688916297,2.33794736889163
14.614093542098999,0.7229193600302631,-0.4862061158909692,-2.910526708027492,-0.013252239938362663,0.16178154197402073,0.16204430239670484,0.1509999930858612,-0.6288880644417176,-0.6140000224113464,2.148576291470023,2.3485762914700232
14.666466236114502,0.7140177160984493,-0.488187958045788,-2.9453295713604914,-0.011710713063627604,0.16679052922226978,0.1617546537594617,0.15399999916553497,-0.6355847822200918,-0.5699999928474426,2.1580624320189585,2.3580624320189587
14.715205192565918,0.7109968343349741,-0.4887885614758407,-2.957073862785802,-0.01117955685056949,0.16807469076999482,0.16212871355413716,0.15399999916553497,-0.6332923947881022,-0.5699999928474426,2.161244612641033,2.361244612641033
14.765981912612915,0.6986107529023594,-0.49086507720236483,-3.003787367000643,-0.008987069272830083,0.1723708020230197,0.16937979937472408,0.15800000727176666,-0.6399801874706443,-0.6140000224113464,2.174127882382025,2.3741278823820253
14.813537120819092,0.6923455691894745,-0.4916948098490216,-3.0272055256571133,-0.007864997554788138,0.17330791599678744,0.16963653016781075,0.15800000727176666,-0.6341215828909004,-0.6140000224113464,2.1805500803621434,2.3805500803621436
14.861212968826294,0.685824100877249,-0.49240399229665044,-3.0509678917717826,-0.006693651324458195,0.17392979229360986,0.17060008551380532,0.16200000047683716,-0.6439897309339757,-0.5699999928474426,2.187182514005677,2.3871825140056773
14.918072938919067,0.6794469844410241,-0.4929435469008299,-3.074689228308206,-0.005552557795394749,0.1731345612480555,0.17484477921507793,0.16200000047683716,-0.6363659193528649,-0.6579999923706055,2.1936210826609166,2.3936210826609168
14.966637372970581,0.6685190803561368,-0.48846294663799233,-3.1035687934297287,-0.008621330508279684,0.18401334601015076,0.17512921383140054,0.16200000047683716,-0.6070007520044577,-0.6579999923706055,2.2053102351419063,2.4053102351419064
15.019486427307129,0.6574637815583917,-0.48404555503124586,-3.132583548634643,-0.011158738879861716,0.19338780882357678,0.18223000765001332,0.16899999976158142,-0.6040850409752936,-0.6579999923706055,2.217321814565513,2.417321814565513
15.068387031555176,0.6473043421394956,-0.48401873534091955,3.114782807393073,-0.009166514303282162,0.18849115821765453,0.17960910185979723,0.16599999368190765,-0.5804157321902103,-0.7020000219345093,2.2275990138947543,2.4275990138947545
15.111392974853516,0.6403081014748376,-0.4837916793266742,3.089998475626102,-0.007823643486131033,0.1839027367573256,0.18567415786455857,0.17299999296665192,-0.5942236172938357,-0.6140000224113464,2.2346377437708296,2.4346377437708298
15.161064386367798,0.6333201837723497,-0.4833831083005494,3.0649330723797505,-0.006523264468604341,0.17819921576923958,0.1935122797024786,0.1809999942779541,-0.6089349778511164,-0.6140000224113464,2.24165547507812,2.4416554750781203
15.214709758758545,0.6261851312418677,-0.48278728655557224,3.0408822126763666,-0.005233618125344954,0.17312170299627946,0.1935824214527715,0.1809999942779541,-0.5975245415988855,-0.6140000224113464,2.248810420903688,2.4488104209036883
15.268425464630127,0.6191455182993388,-0.48203324184385243,3.016829853164962,-0.003992681519334074,0.1670494721452167,0.18572879487042263,0.17299999296665192,-0.5589275435193056,-0.6140000224113464,2.255864359159518,2.455864359159518
15.316535472869873,0.6083087396788005,-0.48053779703494265,2.9817472622089225,-0.0021634865712654642,0.15830029904252108,0.19338146930736455,0.1809999942779541,-0.5666285417470952,-0.6140000224113464,2.2667311238974404,2.4667311238974405
15.362545490264893,0.5921675978512376,-0.4803323752471345,2.9297571712171826,0.00295954751100945,0.140769273912162,0.1999371388824659,0.18799999356269836,-0.5762332980657799,-0.6140000224113464,2.282029413892534,2.4820294138925343
15.41710901260376,0.5829444520805119,-0.4812604380322939,2.9005846904500796,0.007088425052065112,0.12892475590791097,0.19767776317435629,0.1850000023841858,-0.5682996119690404,-0.5699999928474426,2.2902421878837385,2.4902421878837386
15.465561628341675,0.5749709825694767,-0.480057256918675,2.8764190638058262,0.008911259535425958,0.12035351903625324,0.20891099001642296,0.19599999487400055,-0.5909434999191305,-0.6140000224113464,2.29797261851821,2.4979726185182103
15.513477325439453,0.5674160260656805,-0.47796283163446485,2.855132754137426,0.009869562086463918,0.11385516145420647,0.20904286495626595,0.19599999487400055,-0.5768990940570807,-0.6140000224113464,2.305614990757192,2.5056149907571923
15.56157112121582,0.5599086740731297,-0.47570388616421655,2.8362273189373073,0.010770531720897482,0.10912768413537055,0.21309350084563092,0.20000000298023224,-0.5777216612794102,-0.5699999928474426,2.313256698133352,2.513256698133352
15.614086389541626,0.5524431483172709,-0.4733101360521626,2.8146307679702733,0.011639395037174578,0.10112708797060188,0.21988325165761255,0.2070000022649765,-0.5803750356695405,-0.4819999933242798,2.3208960551599476,2.5208960551599477
15.689418077468872,0.5334749947480839,-0.46642885927858235,2.76257387019814,0.013586558125987941,0.08163873168057023,0.22423325292800458,0.210999995470047,-0.5470722226970294,-0.6140000224113464,2.340570340525768,2.5405703405257682
15.713625192642212,0.5257976633724442,-0.4633280793519721,2.741531141191031,0.014273524764127589,0.07302573150036906,0.2157254299228962,0.2029999941587448,-0.5072871605061025,-0.5260000228881836,2.3486486105847924,2.5486486105847925
15.762577056884766,0.518042744218414,-0.45999751988058396,2.7197011259485446,0.014893678744938264,0.06333796068190178,0.22008416375711756,0.2070000022649765,-0.4953690857894515,-0.5699999928474426,2.356888636493604,2.5568886364936043
15.816174268722534,0.5103025792203241,-0.45347485636369944,2.7027677395501133,0.01280223933228998,0.060087220810013615,0.2241376303616927,0.210999995470047,-0.46877108241211773,-0.5260000228881836,2.3666027484522565,2.5666027484522567
15.861912488937378,0.5029047129383463,-0.4450409957271767,2.689731064849582,0.009010037723509326,0.0609700381901237,0.23149737039954124,0.21899999678134918,-0.4399170857617713,-0.5260000228881836,2.377009107271585,2.5770091072715853
15.915194272994995,0.49518426295553064,-0.4383483419764877,2.6746635109793377,0.007030048399597765,0.05852685014129655,0.22645558033579274,0.2150000035762787,-0.39762327516082696,-0.4819999933242798,2.386931647307851,2.586931647307851
15.961368799209595,0.4757099933917983,-0.42803238943624383,2.6274535428890236,0.008161860882278953,0.036995101273450626,0.24001664025896757,0.23000000417232513,-0.3694145512984032,-0.4819999933242798,2.408746268765802,2.608746268765802
16.020044565200806,0.4678599413429424,-0.4235495017801299,2.609615986435063,0.008497955939196207,0.028936096466220196,0.2389482553363395,0.23000000417232513,-0.34744973666646806,-0.4819999933242798,2.4176984310201064,2.6176984310201066
16.06261110305786,0.4598835077844319,-0.41880676744211326,2.5915355652796572,0.008770046621411154,0.020480777819458673,0.24557270220787594,0.23399999737739563,-0.32965367113507354,-0.4390000104904175,2.4268913141778823,2.6268913141778825
16.122958660125732,0.45180709223489,-0.4138048100602858,2.5731149693967175,0.008967450995504748,0.011497871448844954,0.24227538150352795,0.2370000034570694,-0.3078178078706185,-0.4819999933242798,2.436305511328533,2.636305511328533
16.163140773773193,0.44191216364258934,-0.4099780435322129,2.5484514253052066,0.011240269966074625,-0.0033372687279866753,0.24896549440258778,0.2370000034570694,-0.2914329292641485,-0.39500001072883606,2.4465691458773717,2.646569145877372
16.217971801757812,0.431502202033258,-0.4060356103299291,2.522795299527734,0.01380738369088469,-0.0192108278540708,0.24863373352382456,0.2370000034570694,-0.2759952559245422,-0.39500001072883606,2.4572782396626516,2.6572782396626518
16.26352858543396,0.411161242200596,-0.39219372029759164,2.485592594778271,0.014115484998125849,-0.03587615483721818,0.2551398959729555,0.2409999966621399,-0.2288584414408031,-0.2630000114440918,2.481594012394069,2.6815940123940694
16.31752109527588,0.40324512441218274,-0.3860509240174155,2.4731783439938284,0.01375585802892044,-0.04053741044875725,0.25862018672286197,0.24500000476837158,-0.21113233947427168,-0.3070000112056732,2.491499399323364,2.691499399323364
16.36408805847168,0.3954622127579245,-0.37986796456467464,2.4615964972937423,0.013360930472010651,-0.04474020090280728,0.26574576396618793,0.25200000405311584,-0.1960086146973042,-0.3070000112056732,2.5013314785639182,2.7013314785639184
16.414769411087036,0.38757878047104044,-0.37345887997680516,2.452165909633837,0.01291695482242282,-0.04694618096817882,0.27386674720099213,0.25999999046325684,-0.18505438498513363,-0.3070000112056732,2.5113868104944,2.7113868104944
16.462777376174927,0.3718725360880091,-0.360316169012281,2.4331149635566556,0.011947507469743487,-0.05231998293844553,0.2701483130149437,0.25600001215934753,-0.14547847163976832,-0.17499999701976776,2.531673576275215,2.7316735762752153
16.511448621749878,0.3718725360880091,-0.360316169012281,2.4331149635566556,0.011947507469743487,-0.05231998293844553,0.27821871067530957,0.2639999985694885,-0.1500246659397975,-0.17499999701976776,2.531673576275215,2.7316735762752153
16.561068773269653,0.35233508136696634,-0.34468546630025815,2.407980447608325,0.01167583104397868,-0.06221773538335196,0.2823119871476821,0.2680000066757202,-0.10956664501687768,-0.21899999678134918,2.5565129487976552,2.7565129487976554
16.61681032180786,0.3447653925372156,-0.3391843147149036,2.3974664630021825,0.012102561583747434,-0.06742767431394459,0.2884344093047619,0.2750000059604645,-0.09936486827067273,-0.13099999725818634,2.5657976563262266,2.7657976563262268
16.661802768707275,0.3367801347262457,-0.33192587091223846,2.3913121743343555,0.011475961725345218,-0.06770952415401821,0.2967078925161535,0.28299999237060547,-0.08752819239293015,-0.13099999725818634,2.576501394558972,2.7765013945589723
16.715195178985596,0.3286886778401942,-0.3243565702796988,2.3862428008305057,0.01073863975252442,-0.06701472260493091,0.29146347315347526,0.27900001406669617,-0.07303266171047422,-0.08699999749660492,2.5874927812729767,2.787492781272977
16.761513471603394,0.31253324450328174,-0.3090719948460249,2.3798250120102007,0.009319096587381536,-0.06259544440873777,0.29208715846351674,0.27900001406669617,-0.05618169423625332,-0.08699999749660492,2.6095787183671493,2.8095787183671495
16.811366319656372,0.31253324450328174,-0.3090719948460249,2.3798250120102007,0.009319096587381536,-0.06259544440873777,0.29580644861370825,0.28299999237060547,-0.056987162145542225,-0.0430000014603138,2.6095787183671493,2.8095787183671495
16.862467050552368,0.2919101915640544,-0.28931442672861324,2.3752748675856132,0.007652584381387386,-0.054561721879218705,0.29977455017172944,0.28600001335144043,-0.045338006784141294,-0.08699999749660492,2.637983231711379,2.8379832317113793
16.917253732681274,0.2833833384493154,-0.28109989324635537,2.3735535067956586,0.007030520420355731,-0.05146978715314665,0.30372269264195456,0.28999999165534973,-0.041413880972485356,-0.0430000014603138,2.6497715434314317,2.849771543431432
16.965538024902344,0.2749308265079692,-0.272923572800479,2.3714253587864147,0.006443664548174657,-0.04903965490842266,0.3118689028021639,0.2980000078678131,-0.03662322311854287,-0.0430000014603138,2.661486162655427,2.861486162655427
17.01618480682373,0.2610804700919658,-0.264463303906986,2.3648953817578646,0.00928128860190723,-0.049707817465933335,0.31609870116093974,0.3019999861717224,-0.07173866302515403,-0.08699999749660492,2.6774200663637053,2.8774200663637055
17.061065912246704,0.23448684167868483,-0.24738376084423158,2.351501291431382,0.014360042998798868,-0.05272279110152445,0.31165342897269155,0.2980000078678131,-0.1259650448866417,-0.0430000014603138,2.7084932748700554,2.9084932748700556
17.114967346191406,0.23448684167868483,-0.24738376084423158,2.351501291431382,0.014360042998798868,-0.05272279110152445,0.31165342897269155,0.2980000078678131,-0.1259650448866417,-0.0430000014603138,2.7084932748700554,2.9084932748700556
17.164485454559326,0.21277499162997926,-0.2253692045304374,2.3472100054840066,0.012804022147754082,-0.047995309312573564,0.32679919720421713,0.31299999356269836,-0.11300672342579197,-0.0430000014603138,2.739251528980022,2.939251528980022
17.219304084777832,0.20406554895460333,-0.2164866879025994,2.345999399976009,0.01221729795421232,-0.04590143817238612,0.32680431346680605,0.31299999356269836,-0.10662838804770566,-0.0430000014603138,2.7516363177975243,2.9516363177975244
17.264970541000366,0.19530633984539514,-0.20754093712062247,2.3443322047803266,0.011658437608555556,-0.044418281142506455,0.32680167068480737,0.31299999356269836,-0.09883773165061749,-0.0430000014603138,2.764106222745938,2.9641062227459383
17.315368175506592,0.18656285364593278,-0.1985798092062973,2.341707282935667,0.011115913605331991,-0.04406729337316584,0.3310916910481405,0.31700000166893005,-0.08898209479173907,-0.08699999749660492,2.7765805664294603,2.9765805664294605
17.361929178237915,0.16900754797388823,-0.18041731367049654,2.3346710082558895,0.010010606985003561,-0.04560048361842828,0.3329992388434504,0.3199999928474426,-0.060080105990771016,-0.13099999725818634,2.801758162824093,3.001758162824093
17.414275646209717,0.16900754797388823,-0.18041731367049654,2.3346710082558895,0.010010606985003561,-0.04560048361842828,0.3329992388434504,0.3199999928474426,-0.060080105990771016,-0.13099999725818634,2.801758162824093,3.001758162824093
17.460524559020996,0.14680968660063312,-0.1570365127726131,2.3238974306067517,0.008499365553452194,-0.050276261617674844,0.33639893693460465,0.3240000009536743,-0.012360080797636973,-0.08699999749660492,2.833906048124141,3.033906048124141
17.516496419906616,0.1379585339766015,-0.14756981247581502,2.3217788159428903,0.007845547919016947,-0.050220721308486205,0.3429112538189173,0.3319999873638153,0.0015517165805691232,-0.08699999749660492,2.846831758518702,3.046831758518702
17.562254905700684,0.12895893380206552,-0.13791336070118224,2.3195248180383934,0.007186381437846684,-0.05041845244998555,0.33949327925926237,0.328000009059906,0.01650695504197614,-0.0430000014603138,2.859999822408224,3.059999822408224
17.616621732711792,0.11998216643260284,-0.1282356830235901,2.3165757285116344,0.006522164503572788,-0.051465335021015246,0.3465110580254621,0.335999995470047,0.035139057355761304,-0.0430000014603138,2.873170048664713,3.0731700486647133
17.661102771759033,0.10190119601499656,-0.10858963878241615,2.3131599643679017,0.005146051619491082,-0.05149349264611569,0.34504210001975844,0.335999995470047,0.06541888853888544,-0.0430000014603138,2.8998147162969006,3.0998147162969008
17.715803861618042,0.09266659573109404,-0.09852395949382281,2.3128121980936824,0.004453394024167161,-0.050338887318223335,0.3440795915131881,0.335999995470047,0.0767418411611948,-0.0430000014603138,2.9134499296421152,3.1134499296421154
17.75567865371704,0.083340895468037,-0.0883518742941978,2.3143747298009565,0.0037685786160670635,-0.04741390990015626,0.3618206093048317,0.35100001096725464,0.085653833489079,0.0430000014603138,2.9272273181443618,3.127227318144362
17.80588960647583,0.06927496648227732,-0.07308337965847278,2.315472570705274,0.0028210855317561574,-0.04455342773119053,0.3613596696149673,0.35100001096725464,0.09781334951277372,0.0430000014603138,2.94795984571844,3.1479598457184403
17.862456798553467,0.05509988418788228,-0.057725097544193735,2.317949118285089,0.0019199747254882743,-0.04064446056271587,0.3601508858816706,0.34700000286102295,0.10428055883630702,0.08699999749660492,2.968836986636951,3.168836986636951
17.915019989013672,0.050288656436550144,-0.05253102010927013,2.3195564029165276,0.0016337537314122979,-0.038628931084787155,0.3708302427399654,0.3580000102519989,0.10741642975194877,0.13099999725818634,2.975910468348492,3.175910468348492
17.962002992630005,0.03094709190786077,-0.0318173549888996,2.3280046929528795,0.000626306666897204,-0.028929600701039337,0.3673411822165224,0.3540000021457672,0.09732863891065942,0.08699999749660492,3.0042310307273827,3.204231030727383
18.012092351913452,0.021083659506214367,-0.021408316050471686,2.3325140333283896,0.00023295858721640963,-0.02401927000972659,0.36292857865677947,0.35100001096725464,0.09000777069185943,0.13099999725818634,3.0185654496155516,3.218565449615552
18.065801858901978,0.011076503475761806,-0.010942809788540665,2.3367792632320747,-9.406386034359877e-05,-0.019506133972911233,0.3750100922795761,0.3619999885559082,0.08642675617698899,0.08699999749660492,3.0330402719521965,3.2330402719521967
18.113267421722412,0.0014748001142106948,-0.0005534729282828587,2.3336382289831996,-0.0006514763133060168,-0.022557047009994946,0.3749987450855502,0.3619999885559082,0.11149819488998144,0.08699999749660492,3.0471761070625387,3.247176107062539
18.164201736450195,-0.011970120632202083,0.01501307043306211,2.3227789864256154,-0.0021525586432222152,-0.03355200861482999,0.3847283255436439,0.37299999594688416,0.1897799252555256,0.13099999725818634,3.0676913817905835,3.2676913817905837
18.214577436447144,-0.027058959111860015,0.03112218874168849,2.3296487952068787,-0.002881847872207288,-0.027181256185268232,0.3814930003598061,0.3700000047683716,0.18465034525571664,0.08699999749660492,3.0897501008500514,3.2897501008500516
18.265249252319336,-0.03725543239087103,0.04184932656772131,2.3340778020801705,-0.003270281151374583,-0.02329284263002362,0.3845926163300427,0.37299999594688416,0.18335398538125763,0.13099999725818634,3.1045433623359404,3.3045433623359406
18.31543469429016,-0.05267160978384074,0.05787919089517001,2.339593563110259,-0.0037421993281831485,-0.018903537392671588,0.3654179840322699,0.3659999966621399,0.17922080561261697,0.0430000014603138,3.1267742603707096,3.32677426037071
18.36079716682434,-0.06843051130702878,0.07410631631510382,2.3473389446049406,-0.004142005386230514,-0.012696344235350043,0.3866135808732779,0.37700000405311584,0.1760455093665269,0.17499999701976776,3.1493845925429653,3.3493845925429655
18.41534948348999,-0.07377074034115419,0.07954197653314501,2.351407843956617,-0.0042410384941991034,-0.009235668402765462,0.37990607365001755,0.3700000047683716,0.16428981170029988,0.17499999701976776,3.1570015250277854,3.3570015250277856
18.46014428138733,-0.09495774521336653,0.1006961534709494,2.3659875235106225,-0.004391761752080868,0.0025026450358844876,0.38793149897714185,0.38100001215934753,0.13772845627183616,0.21899999678134918,3.1869283724554305,3.3869283724554307
18.51305913925171,-0.10574765520091882,0.11123101378241561,2.3729985229563693,-0.004334000768299926,0.007804101839024025,0.38766031730754485,0.38100001215934753,0.12191200053776885,0.21899999678134918,3.202000977595119,3.402000977595119
18.565301418304443,-0.11678442118820627,0.12185603836851021,2.381113531114332,-0.004195261645978431,0.013987358327657518,0.3924570171644526,0.38499999046325684,0.10254353060498919,0.17499999701976776,3.217312078059458,3.4173120780594584
18.612610578536987,-0.12800396629284272,0.13249241812467036,2.3899421724056777,-0.003968258006356978,0.02066038149034055,0.38490803972338217,0.37700000405311584,0.0769435325537087,0.17499999701976776,3.232761595411407,3.432761595411407
18.661454439163208,-0.14481811434680056,0.14809768282373,2.4014245148715,-0.0034537643877225947,0.028553744357505018,0.39224611737947107,0.38499999046325684,0.04776847236954624,0.2630000114440918,3.2556823871748497,3.45568238717485
18.717018842697144,-0.16185701437864625,0.16354665067656296,2.412043947854115,-0.0027587605584197218,0.03508654614509599,0.39783954184739384,0.3919999897480011,0.019700956683647772,0.17499999701976776,3.2786591406254133,3.4786591406254135
18.762487649917603,-0.17911218678484753,0.1789046534200048,2.420243768986463,-0.0019486613452130242,0.038664417042723276,0.3958725045413177,0.3880000114440918,0.0008337058468951663,0.13099999725818634,3.3017341209351327,3.501734120935133
18.812511682510376,-0.19061421600819678,0.18899388656715005,2.42383069928551,-0.0013628855180873338,0.038889707178581645,0.3918119726763871,0.38499999046325684,-0.0036993667469076637,0.08699999749660492,3.3170173960921305,3.5170173960921307
18.86148238182068,-0.20238949438884068,0.19925678561642957,2.426417721758881,-0.0007702566741190911,0.03778864326987064,0.37420017188859067,0.3959999978542328,-0.0027593244977993504,0.0430000014603138,3.33262224386263,3.53262224386263
18.914055824279785,-0.21447371024840145,0.20974353419193734,2.428985172149907,-0.00019092412048542112,0.03629406745786268,0.3650137737860253,0.3880000114440918,0.0007687715398988704,0.0430000014603138,3.348609843069201,3.548609843069201
18.960814237594604,-0.2263425850908884,0.21999009304983835,2.4300937207717532,0.00035180082487088415,0.03313424347964666,0.3714661727639658,0.3959999978542328,0.011997571856923673,-0.0430000014603138,3.3642808135461766,3.5642808135461768
19.017073392868042,-0.2444502145576784,0.23561953767232272,2.4306680618214704,0.0010470624908860227,0.026610993903061875,0.37593954065944346,0.4000000059604645,0.03999474723018061,0.0,3.3881957464077623,3.5881957464077625
19.062955617904663,-0.26772482629874605,0.2556390593301326,2.4314890603190946,0.0017278479739515694,0.017206041485949175,0.36057544127507446,0.38499999046325684,0.08322979022200468,0.0,3.418902556520502,3.618902556520502
19.11265468597412,-0.27780616237464284,0.2634940683799944,2.431009008133738,0.0025337388542588796,0.012077024235334743,0.348898573305647,0.37299999594688416,0.09427669411179848,0.0430000014603138,3.4316673132110123,3.6316673132110124
19.17223310470581,-0.2848200706699006,0.26662773289740765,2.431157188047723,0.0048120517732713735,0.009439696165275624,0.34216934450100567,0.3659999966621399,0.06606034900733472,0.0430000014603138,3.43901405377432,3.63901405377432
19.217082500457764,-0.29221842141248355,0.2703613149942971,2.4336617128808213,0.00686991483019254,0.008794564861744014,0.3344557208605923,0.3580000102519989,0.03623176177330837,0.0430000014603138,3.4470599505053094,3.6470599505053096
19.262235164642334,-0.30316227633179055,0.27972039585501585,2.4358690208206264,0.00696056429121112,0.005083533124240258,0.33098758695450214,0.3540000021457672,0.05903144619460502,0.08699999749660492,3.461500622738125,3.6615006227381253
19.316417694091797,-0.3139022982537543,0.2888561459720689,2.43797851896187,0.007001587003464257,0.0010527988180402126,0.3339882275394819,0.3580000102519989,0.08577028435653179,0.0430000014603138,3.475643459204842,3.675643459204842
19.361300468444824,-0.3401019087052371,0.31099362133808756,2.44411562890019,0.006831882064507188,-0.009309611362524173,0.3143401676616321,0.33899998664855957,0.15139039979578656,0.0,3.5100574182386106,3.710057418238611
19.41293501853943,-0.350271226202055,0.319503145925217,2.446441466785113,0.006671669640731571,-0.014005534768897652,0.31433591340706724,0.33899998664855957,0.1840755729350505,0.08699999749660492,3.5233639231293927,3.723363923129393
19.46308183670044,-0.35547796847751106,0.3238457280286908,2.447684754561822,0.00656409635897915,-0.016505756611376654,0.29925650258946,0.3240000009536743,0.1930035079047888,0.08699999749660492,3.5301678265343854,3.7301678265343856
19.52070426940918,-0.3705057903543369,0.33630344883995184,2.4527988730063877,0.0061664882987393305,-0.02276628136457015,0.29213669166094974,0.31700000166893005,0.2368675129950658,0.08699999749660492,3.549756255802487,3.7497562558024873
19.56463122367859,-0.39007935437533775,0.352270133550052,2.4664375455778265,0.005505529245354065,-0.025290096753601166,0.29508423324162314,0.3199999928474426,0.29011862105999825,0.13099999725818634,3.5751019186989654,3.7751019186989656
19.612712144851685,-0.3998066497446232,0.3600246473648464,2.47410310000379,0.005164314909379058,-0.026241769108364732,0.28412924827866093,0.3089999854564667,0.305484230092422,0.17499999701976776,3.587583220568688,3.7875832205686883
19.661499500274658,-0.40941700237513673,0.3675723782136911,2.482700181550899,0.0048108289376206075,-0.026563705209403658,0.2782742415684514,0.3019999861717224,0.32256053413331426,0.2630000114440918,3.5998425754678927,3.799842575467893
19.716949224472046,-0.4190353225739896,0.37497956520854875,2.4929501057891432,0.004464257757355425,-0.025656612291333758,0.27036323673794443,0.2939999997615814,0.33483564271604827,0.2630000114440918,3.6120209295112047,3.812020929511205
19.76099729537964,-0.42835867649088083,0.382014956785586,2.5032217247867936,0.004135587959580154,-0.024851403903913823,0.2618595322462227,0.28299999237060547,0.34299972142411245,0.3070000112056732,3.623737017396495,3.8237370173964953
19.816859483718872,-0.437624898425547,0.38885944014710194,2.5136648006422564,0.003818229665514796,-0.02423986747918816,0.25121860214863456,0.2750000059604645,0.35483299041566646,0.21899999678134918,3.6352917421815114,3.8352917421815116
19.86693549156189,-0.4601898462086282,0.4048547283442732,2.542184251205972,0.003110666253450004,-0.021514938880279555,0.25135593694982394,0.2750000059604645,0.40829238061208745,0.3070000112056732,3.6630316505916936,3.8630316505916937
19.91244101524353,-0.4689928218022491,0.4108310403824703,2.5547052834051036,0.0028563821508342624,-0.019829780772955274,0.24429429286243445,0.2680000066757202,0.41842030642743017,0.3070000112056732,3.6737010287231424,3.8737010287231426
19.961543083190918,-0.4734559119516618,0.4137992406566998,2.5607387452114256,0.002734992882649396,-0.019461031819545838,0.23630772866427283,0.25999999046325684,0.41766450016783974,0.3070000112056732,3.6790754797651695,3.8790754797651696
20.01387858390808,-0.48668439208500724,0.42236533973005996,2.580637676641221,0.0023898231254225175,-0.017077888378797642,0.2261369296569527,0.24899999797344208,0.43182323094965475,0.35100001096725464,3.6948765119382436,3.894876511938244
20.061159133911133,-0.5092991853467368,0.4270847686301383,2.615537171333242,0.00976681773935083,-0.008983010681665515,0.21931456808434802,0.2409999966621399,0.36299764898971265,0.35100001096725464,3.716934564555105,3.9169345645551052
20.116856813430786,-0.5237262776371829,0.42552443741885027,2.6368640884793586,0.01816220123312765,-0.0035911846023481964,0.21825556727090345,0.23399999737739563,0.27131894096049475,0.35100001096725464,3.728994302917517,3.928994302917517
20.163119077682495,-0.5333534372047396,0.4285669492823885,2.6545399521451167,0.020048953460114396,-0.00016914411156854214,0.22894661808372904,0.22599999606609344,0.2590202369676023,0.4390000104904175,3.7391854096656876,3.9391854096656878
20.224690198898315,-0.5492308381305188,0.4367439736923739,2.6856695437769886,0.020007361144912153,0.0032422266826297452,0.20597562848786935,0.21899999678134918,0.2946584756955656,0.35100001096725464,3.7576003836147764,3.9576003836147766
20.258318424224854,-0.5492308381305188,0.4367439736923739,2.6856695437769886,0.020007361144912153,0.0032422266826297452,0.20597562848786935,0.21899999678134918,0.2946584756955656,0.35100001096725464,3.7576003836147764,3.9576003836147766
20.31501531600952,-0.5611230002741955,0.4424719750699011,2.7055359818110105,0.019997701351720812,0.0007751181398956142,0.20250319701921535,0.21899999678134918,0.34123142015129077,0.35100001096725464,3.7712472563928796,3.97124725639288
20.360771656036377,-0.57698258749806,0.4496772465049637,2.7303002381960635,0.019903084845166827,-0.006648196714202914,0.19590664282673836,0.2150000035762787,0.409441252945934,0.3070000112056732,3.789309550613465,3.989309550613465
20.413758516311646,-0.5847288228806661,0.45302817218384267,2.7426398859396994,0.01980201982794541,-0.011125716863830792,0.1876001130330195,0.2070000022649765,0.43275461837386436,0.3070000112056732,3.7980826803432444,3.9980826803432445
20.463202476501465,-0.5924435048340818,0.45624882771588426,2.754684962660036,0.01966556250166217,-0.016574411817317447,0.18649685859922144,0.2029999941587448,0.4650341320651581,0.35100001096725464,3.8067868939240888,4.0067868939240885
20.515080451965332,-0.5999739316384365,0.45928623492538084,2.7678665683801125,0.019487620372871755,-0.021251887233717518,0.17959296769901992,0.19599999487400055,0.4867737489204924,0.35100001096725464,3.8152545428397495,4.01525454283975
20.565287351608276,-0.6072827321370509,0.4621228798587583,2.7810770330425196,0.019278225442470917,-0.026118323927275977,0.18084208866329204,0.19200000166893005,0.5138879457747013,0.39500001072883606,3.8234422325135196,4.02344223251352
20.617058515548706,-0.6180184037823854,0.4660742748019101,2.8021430530089546,0.01891102979384445,-0.033026512585044195,0.17345174698779256,0.1850000023841858,0.5474313784421073,0.39500001072883606,3.835410523305595,4.035410523305595
20.662625074386597,-0.6320059851579771,0.4708475774808093,2.831200076817695,0.018294840220819397,-0.043086253976707845,0.17459120498827366,0.1809999942779541,0.6039864567070166,0.4390000104904175,3.8509058094641437,4.050905809464144
20.713523864746094,-0.6389084463295469,0.4730322229766091,2.8478993253466984,0.017937480392601454,-0.046851708996111345,0.16709477084783841,0.1850000023841858,0.6489842602889195,0.39500001072883606,3.8585077210723178,4.058507721072318
20.761261463165283,-0.6457711472669057,0.4750738663116498,2.8669458613339156,0.01755951997197899,-0.04894324313675292,0.1779983046559069,0.1770000010728836,0.647328473951635,0.5699999928474426,3.8660329499697776,4.066032949969777
20.826006412506104,-0.652672725538364,0.47697980582439037,2.8869064286213058,0.01716813187793996,-0.05103565959254164,0.17732149578185954,0.1770000010728836,0.672837072141548,0.5699999928474426,3.873565211878978,4.073565211878978
20.86325192451477,-0.6658496990172487,0.4801753625269663,2.9319177860040155,0.01640682698424005,-0.05042095831230542,0.1716013433466773,0.16899999976158142,0.6776939327717482,0.5699999928474426,3.88784903703234,4.08784903703234
20.90866780281067,-0.6658496990172487,0.4801753625269663,2.9319177860040155,0.01640682698424005,-0.05042095831230542,0.17097382577230869,0.16599999368190765,0.665663838562627,0.6140000224113464,3.88784903703234,4.08784903703234
20.957834720611572,-0.6855461690348646,0.48373523065496365,3.005188471837627,0.015307310055191533,-0.049279044707061015,0.16964286833457842,0.16599999368190765,0.7063676388328939,0.6140000224113464,3.9089821828214184,4.108982182821419
21.00638747215271,-0.6886768041251343,0.48416496345207366,3.0185073805768416,0.015132559519865224,-0.04807491699668409,0.17181209120801397,0.16899999976158142,0.7227009681602783,0.6579999923706055,3.9123211793652626,4.112321179365263
21.060831785202026,-0.6952517034260814,0.4849353628913033,3.0448571046275097,0.014771431392923707,-0.04776834000374697,0.16939870474183355,0.16599999368190765,0.7195229971985759,0.6140000224113464,3.919320784215522,4.119320784215522
21.115257024765015,-0.6962219050978193,0.48338319144927205,3.0743264743036973,0.01636762075690665,-0.02190871858802046,0.16922177289724535,0.15800000727176666,0.6351936916814289,0.7020000219345093,3.9202729277844997,4.1202729277845
21.16603922843933,-0.6941192467625152,0.4781380980350689,3.134107311252542,0.02150071718582689,0.047481743172225865,0.17600155414996765,0.16200000047683716,0.5031942694911409,0.7459999918937683,3.9177289894636806,4.1202729277845
21.20805287361145,-0.6941192467625152,0.4781380980350689,3.134107311252542,0.02150071718582689,0.047481743172225865,0.18265434073926795,0.16899999976158142,0.5249372294674222,0.7459999918937683,3.9177289894636806,4.1202729277845
21.26860547065735,-0.7110514817540223,0.47776840649981933,-3.0778820244489693,0.022197199712027466,0.046211288870152696,0.18287363182344654,0.16899999976158142,0.5302293771307042,0.7459999918937683,3.936238069812441,4.136238069812441
21.313982725143433,-0.717854820789847,0.4772912228557281,-3.052198932855127,0.02245016691362305,0.04086384075735605,0.18422952601340492,0.17299999296665192,0.55243244359961,0.6140000224113464,3.943745781363581,4.143745781363581
21.361825942993164,-0.7248227378437129,0.47662307059087516,-3.0268611313987646,0.022664936218455292,0.03325910247001706,0.18889183004806281,0.1770000010728836,0.5769940992595978,0.6579999923706055,3.951485709480523,4.151485709480523
21.416016340255737,-0.7318513443127033,0.47577243371647293,-3.002572265386011,0.022819863152632684,0.023214162885512035,0.1894992260667396,0.1850000023841858,0.6177921397912468,0.5699999928474426,3.9593452491860925,4.159345249186092
21.461070775985718,-0.7459132238283217,0.4735361838787203,-2.954005581216497,0.022908933549354978,-6.809946520736077e-05,0.1845734866705273,0.17299999296665192,0.6046092394537722,0.6140000224113464,3.9752302018194854,4.175230201819486
21.513808012008667,-0.7532344133658484,0.4721044837804697,-2.9303172669268647,0.02280525293981126,-0.015206011963721178,0.19043857936162273,0.1809999942779541,0.6496882273975046,0.6140000224113464,3.983576482073116,4.183576482073116
21.571168899536133,-0.7639805880734416,0.4696656070398272,-2.895266099525682,0.022448384225001186,-0.03847435109020614,0.19329723891411194,0.1850000023841858,0.688299759401992,0.6579999923706055,3.99591125103029,4.19591125103029
21.61380362510681,-0.77477220368139,0.46682366038795653,-2.8604766102986035,0.021811942171191135,-0.06324423054812911,0.19250769154321454,0.19200000166893005,0.7391304075144216,0.5699999928474426,4.008371847409887,4.208371847409887
21.66122078895569,-0.7783846307358797,0.46578051477067306,-2.8484618037411567,0.021536712455204977,-0.0712618047697191,0.19217518871961353,0.18799999356269836,0.7308332236893408,0.7020000219345093,4.0125562748597305,4.212556274859731
21.71449875831604,-0.7813348380252909,0.46319911854981044,-2.8354735548578858,0.022860900172823335,-0.07802521366530746,0.1890576218418368,0.1850000023841858,0.7104641665635095,0.6579999923706055,4.016684556725611,4.216684556725611
21.76907730102539,-0.798846018651345,0.4467924824266259,-2.754700513593836,0.03011617272273353,-0.12074630948835186,0.19127128598942314,0.18799999356269836,0.665256773532048,0.7020000219345093,4.042845035697511,4.242845035697512
21.811973094940186,-0.8023280905052124,0.4453737991983123,-2.741356922634991,0.0296260369288293,-0.1273090458859487,0.1909115436813522,0.18799999356269836,0.6691120902276455,0.7020000219345093,4.0471655298756986,4.247165529875699
21.87515902519226,-0.8093061386641941,0.44236305390606045,-2.714529301320848,0.028565504310192193,-0.13981690386832968,0.1888097684809198,0.19200000166893005,0.6904110580417102,0.6579999923706055,4.0558382440059875,4.255838244005988
21.919757843017578,-0.8162027462007366,0.43917025580139035,-2.688836018822651,0.02741155141061775,-0.15213518577686758,0.1823020349223738,0.18799999356269836,0.6835955399616477,0.6140000224113464,4.064414410400614,4.264414410400614
21.9650936126709,-0.8296096593674953,0.43231401431982064,-2.636877692336247,0.02489063414167391,-0.1712658733256056,0.1901093335760629,0.18799999356269836,0.6924433607606373,0.7020000219345093,4.081123653656238,4.2811236536562385
22.014224529266357,-0.8354431792613362,0.42942908787394674,-2.6139792290524615,0.02339992569709451,-0.17698730014994177,0.1827363761265569,0.1850000023841858,0.6851178575776685,0.6579999923706055,4.088149896119006,4.288149896119006
22.06055212020874,-0.8409120617123984,0.428392302893273,-2.5935566346922485,0.020596562598744424,-0.1775053809954259,0.18267234368853622,0.1850000023841858,0.6956944829900161,0.6579999923706055,4.093415687613342,4.293415687613342
22.11946988105774,-0.8491363190526355,0.4238711110779805,-2.559295598971747,0.01834677962452702,-0.1812078921858169,0.18451473696971823,0.1850000023841858,0.6956825647729128,0.6579999923706055,4.103271318712961,4.303271318712961
22.182241201400757,-0.8521597304707162,0.4218803320263779,-2.5459206469472235,0.01766892231812386,-0.18208746145547125,0.17617553498568062,0.1809999942779541,0.678412709014485,0.6140000224113464,4.107082146988472,4.307082146988472
22.21687626838684,-0.858304309110772,0.41765041556142385,-2.518935533365851,0.016265884216594285,-0.1835672645982056,0.19031832992595432,0.1809999942779541,0.6739371888414362,0.7020000219345093,4.1148940317683875,4.314894031768388
22.26476740837097,-0.8698310293414797,0.40902192135549237,-2.4663347073357773,0.013549330642932263,-0.182534907121783,0.18500012233376958,0.1770000010728836,0.6465946273859008,0.6579999923706055,4.129805286016056,4.3298052860160565
22.311392307281494,-0.8754358951502137,0.4044709998640838,-2.4400015377475412,0.01219974528158691,-0.18047252195563246,0.18615118898648936,0.1770000010728836,0.6388869842535393,0.6579999923706055,4.137205770448318,4.3372057704483185
22.366178035736084,-0.8809937230892663,0.3990094467883458,-2.4131372584213477,0.011280762246425144,-0.17902119141585127,0.1996751870684842,0.18799999356269836,0.6673026873336326,0.7020000219345093,4.145247051757457,4.3452470517574575
22.41854214668274,-0.8905538545090093,0.381333322949136,-2.3767308653526427,0.014016839915267447,-0.20358596766865225,0.188277925488568,0.1770000010728836,0.6116301566476361,0.6579999923706055,4.1659287292873035,4.365928729287304
22.465945959091187,-0.9016804788229776,0.3669643060243543,-2.3238829779811794,0.012525886139978471,-0.20105440639776928,0.20103358994363815,0.18799999356269836,0.6272014396613405,0.7020000219345093,4.184711118992797,4.384711118992797
22.5151104927063,-0.9016804788229776,0.3669643060243543,-2.3238829779811794,0.012525886139978471,-0.20105440639776928,0.1971581470159518,0.18799999356269836,0.6272014396613405,0.6140000224113464,4.184711118992797,4.384711118992797
22.56566858291626,-0.9118989321770063,0.3556060726497574,-2.2712812222568535,0.009492502909149476,-0.1864624177568053,0.2047622234906219,0.19200000166893005,0.61769498823883,0.6579999923706055,4.200105446374008,4.400105446374008
22.611037969589233,-0.9168647258354176,0.34964315827132697,-2.246727354474131,0.00803040523448195,-0.18010147542819155,0.2049514612077871,0.19200000166893005,0.6083306138281807,0.6579999923706055,4.207883402326237,4.407883402326237
22.670966148376465,-0.9217811271334828,0.3434340598998496,-2.2222947829544966,0.0065899579829354,-0.17353442469075597,0.21291296379377692,0.20000000298023224,0.6237495903831012,0.6579999923706055,4.215802464375796,4.415802464375796
22.71181559562683,-0.9265505765032092,0.3370175769065088,-2.1983713158715816,0.005237400962141941,-0.16699088260167902,0.21523102047526677,0.2029999941587448,0.6227812738642273,0.6140000224113464,4.223785545599214,4.423785545599214
22.761037588119507,-0.931304376754025,0.32586500033640875,-2.1631211414656466,0.0057801337710753735,-0.15724855638223767,0.2236603033300548,0.210999995470047,0.6072512572102567,0.6140000224113464,4.236035451346109,4.436035451346109
22.811238765716553,-0.939293361486211,0.3114378566552229,-2.1133670150134196,0.004345513171773066,-0.139997412030328,0.22314928620824984,0.210999995470047,0.5677399929163123,0.7020000219345093,4.25262887045031,4.45262887045031
22.86363697052002,-0.9435662571421446,0.30425247825238955,-2.0882615796469346,0.0031646572920470887,-0.1304118789832427,0.21922166719373481,0.2070000022649765,0.5408596853786137,0.6579999923706055,4.2609673317896055,4.460967331789606
22.911246299743652,-0.9478527145587102,0.2966130358097978,-2.062897214263571,0.0020102669286299916,-0.12074072245360767,0.23116963457290524,0.21899999678134918,0.5548932464593476,0.6140000224113464,4.269691827559655,4.4696918275596556
22.96185874938965,-0.9519304798397135,0.288882826196866,-2.0389800023524365,0.000949558940870988,-0.11195800483441155,0.23414297300505282,0.22200000286102295,0.5464431316397239,0.5699999928474426,4.278389832757964,4.478389832757964
23.018970251083374,-0.9558853852494517,0.28093238834760365,-2.016301120631208,-5.043518005171426e-05,-0.10414552723067683,0.22727813458060508,0.2150000035762787,0.5154853545462883,0.5699999928474426,4.28722020684897,4.487220206848971
23.06693434715271,-0.9598421483874875,0.2698242920442868,-1.9840304068527979,-0.00017381352257753093,-0.09100366188657327,0.24231967077614944,0.23000000417232513,0.5134854804261159,0.5699999928474426,4.299009369743727,4.499009369743727
23.111573457717896,-0.9590424106113544,0.25797202999043,-1.9448439723756767,0.00424280333004469,-0.0690632283884689,0.25067403582353304,0.2370000034570694,0.41920896704607413,0.4819999933242798,4.31007075088148,4.51007075088148
23.161463260650635,-0.9623804551020477,0.24931336085823555,-1.922672771726806,0.003593440602810965,-0.0609347352637506,0.24348489596230868,0.23000000417232513,0.3888981883528777,0.5699999928474426,4.319383506165877,4.519383506165878
23.215495824813843,-0.9655816415098816,0.2404540547554376,-1.900700875983637,0.003002801337327349,-0.05278216149279835,0.24424772714706858,0.23000000417232513,0.3706625063661635,0.4819999933242798,4.328830733579409,4.528830733579409
23.26678729057312,-0.9686564659411491,0.23131771233741602,-1.8787818143765034,0.002478438297173097,-0.044597953572049764,0.25519047909618436,0.2409999966621399,0.3687611264287202,0.5260000228881836,4.338494173463858,4.538494173463858
23.316754579544067,-0.9715487967527552,0.2220381822998538,-1.8578290959539543,0.0020361787890436594,-0.03709506682114183,0.2634805516605007,0.24899999797344208,0.36186993734580397,0.4390000104904175,4.348234514729539,4.548234514729539
23.365336656570435,-0.9755549312371772,0.20797823146234565,-1.8307995345697774,0.0014883110400020468,-0.029618564208768516,0.27054045863558585,0.25600001215934753,0.3515733672851766,0.4390000104904175,4.362878296096481,4.562878296096481
23.412773370742798,-0.9784453759797773,0.19717980035010985,-1.7984808182733867,0.001059018020705097,-0.011742020923185104,0.26649532363286177,0.25200000405311584,0.3010096860885205,0.39500001072883606,4.374067520499602,4.574067520499602
23.465273141860962,-0.9794179810290385,0.1927816741655013,-1.784705717512924,0.0010384964721966258,-0.003676271829754718,0.2726500211585814,0.25999999046325684,0.28779177313015786,0.3070000112056732,4.37857804086948,4.5785780408694805
23.521300792694092,-0.9815691669755302,0.1826884552801569,-1.771838020768031,0.0009744569481215763,-0.0036549326205315143,0.26590863837991097,0.25600001215934753,0.27961087712883526,0.2630000114440918,4.388910641656039,4.588910641656039
23.571627616882324,-0.9835981892044389,0.1725699254236544,-1.7610914883778503,0.0009041333753992095,-0.005460360022103483,0.2751462007254168,0.2709999978542328,0.29750396017345465,0.2630000114440918,4.39924223954345,4.59924223954345
23.620823860168457,-0.9855836194807543,0.16213720645466193,-1.7511091994493704,0.0008026098010440639,-0.008103303280115881,0.24714295501510264,0.2680000066757202,0.2987100105219032,0.21899999678134918,4.4098725814793776,4.609872581479378
23.662365913391113,-0.9901577498031228,0.1355280617514663,-1.7265489421408529,0.00043456023877714065,-0.014493991003315276,0.29442058853400604,0.28299999237060547,0.33022819225200534,0.3070000112056732,4.4368893506614135,4.636889350661414
23.71172070503235,-0.9901577498031228,0.1355280617514663,-1.7265489421408529,0.00043456023877714065,-0.014493991003315276,0.2746150150055461,0.2709999978542328,0.3162255894145244,0.2630000114440918,4.4368893506614135,4.636889350661414
23.76620864868164,-0.9834278315450342,0.1064813339528978,-1.6980672657998692,0.010755536122260666,-0.01681592370113716,0.2853638737769095,0.27900001406669617,0.1833792561967723,0.2630000114440918,4.465035548453303,4.665035548453303
23.813650846481323,-0.9802850536630442,0.09244398535585596,-1.6845189483803613,0.01532615113218402,-0.01797643655255321,0.27546190952711197,0.2639999985694885,0.11417962740989955,0.2630000114440918,4.478865095428305,4.678865095428305
23.871873378753662,-0.9815275428925913,0.08135338964825173,-1.6739479139142788,0.015083157964429144,-0.019289320956282552,0.28819136005101237,0.2750000059604645,0.12510072819316592,0.3070000112056732,4.4902039742750794,4.69020397427508
23.913586616516113,-0.9826387760056771,0.07032932292180205,-1.6620866276704125,0.014834514702925091,-0.019091739485955554,0.2854227300392847,0.27900001406669617,0.12946464034663538,0.2630000114440918,4.5014557775025885,4.701455777502589
23.95544171333313,-0.9845084072923816,0.04788749499323935,-1.641342315224587,0.014324833548898842,-0.021707335171732733,0.26406463320877815,0.28600001335144043,0.14817802522303847,0.17499999701976776,4.524309279457095,4.724309279457096
24.00644087791443,-0.98565808446229,0.030766099807459514,-1.6288105822581886,0.013861397845056469,-0.02674888829473354,0.26950235116062915,0.28999999165534973,0.17347148186733144,0.21899999678134918,4.54171230663455,4.74171230663455
24.05736541748047,-0.9819811465056049,0.015800038692835222,-1.617868920724813,0.01789172277977772,-0.030975051100309958,0.26147941389019785,0.28299999237060547,0.12605150690342473,0.13099999725818634,4.556828463631933,4.756828463631933
24.10757875442505,-0.9797195800021256,0.01142711354401274,-1.6147940047526457,0.020213776066917443,-0.032331990893309515,0.25986175502660697,0.27900001406669617,0.09610174530984739,0.17499999701976776,4.561254386605165,4.761254386605165
24.155547857284546,-0.9760689795865092,0.002248880454181826,-1.6082931878711209,0.02392843096818925,-0.035192061460121105,0.2627099015314457,0.27900001406669617,0.05360771184014345,0.17499999701976776,4.570613563879926,4.770613563879926
24.20768451690674,-0.9764697726547842,-0.008823867692675062,-1.6000559433567012,0.02349036060624557,-0.03829806161293314,0.24718054019012844,0.2639999985694885,0.06759958349361485,0.08699999749660492,4.581953905380229,4.781953905380229
24.256139278411865,-0.9770075886989726,-0.029936927244600817,-1.5881276285185435,0.022533426526754947,-0.048022870385700855,0.24209827519615407,0.2639999985694885,0.11288851085999013,0.08699999749660492,4.603550826188169,4.803550826188169
24.305690050125122,-0.9772421945729349,-0.04553515144907677,-1.5813147317043543,0.02169516090437997,-0.057287508950011785,0.23263836839165752,0.25600001215934753,0.15016005326128953,0.08699999749660492,4.6194839842070206,4.819483984207021
24.35583734512329,-0.9773732984301842,-0.060474545166263965,-1.5767805828947978,0.02075024226196501,-0.06826508621419336,0.22597522176673182,0.24899999797344208,0.19199180820368855,0.17499999701976776,4.634723393342883,4.834723393342883
24.406682014465332,-0.977401310337012,-0.06515446510093803,-1.5749470515807742,0.020419597537763845,-0.07132066129003345,0.207031855645342,0.23000000417232513,0.19033459577489406,0.13099999725818634,4.639492314070607,4.839492314070607
24.45729422569275,-0.9774324562456664,-0.07457440911825024,-1.5711687919323036,0.019709848866727588,-0.07743395491103944,0.19858258796542394,0.22200000286102295,0.20963900022484752,0.13099999725818634,4.649084034694053,4.849084034694053
24.507803916931152,-0.9774242039672694,-0.08361439504880486,-1.5666631434439637,0.018979103279252205,-0.0824907820962435,0.1912801363652354,0.2150000035762787,0.22625419680188247,0.13099999725818634,4.658279461160286,4.858279461160286
24.555717706680298,-0.9773010302941638,-0.1006539138348512,-1.5580523762913214,0.01747308218690924,-0.09213524437106126,0.1792623747458098,0.2029999941587448,0.2573845359292613,0.17499999701976776,4.675585692481335,4.875585692481335
24.605724811553955,-0.9741851276230546,-0.10318719373419138,-1.5446135357331772,0.020302247244130992,-0.0818014772672848,0.18116702877278135,0.2029999941587448,0.20892526905215306,0.17499999701976776,4.678494253767565,4.878494253767565
24.656309604644775,-0.9724954045102251,-0.1103711253059895,-1.532853188892482,0.021178428458231594,-0.07809797793618078,0.17197077804652683,0.18799999356269836,0.18209714743916453,0.17499999701976776,4.685989162941088,4.8859891629410885
24.707839250564575,-0.9723580570854587,-0.11398851366540742,-1.5299065090479411,0.020888817897454375,-0.079150205522315,0.16655052203966644,0.1809999942779541,0.1818599326525699,0.17499999701976776,4.689681667102538,4.889681667102538
24.75563359260559,-0.9720494130196853,-0.12122192625839097,-1.522028663242915,0.020300004841525467,-0.07932827119958219,0.16672270977907436,0.1770000010728836,0.1874714393894336,0.21899999678134918,4.697063605855931,4.897063605855931
24.807724714279175,-0.971702049325363,-0.12821330748799784,-1.5137051170441729,0.019723980479258274,-0.07887882223187792,0.15870071498713728,0.16200000047683716,0.17935249213061705,0.21899999678134918,4.7041974552531745,4.904197455253175
24.856865167617798,-0.9708780142881532,-0.1414475534596813,-1.499137910063387,0.01864665078250568,-0.07946838450501637,0.15435240942174427,0.16599999368190765,0.20176456942228765,0.17499999701976776,4.717704407056807,4.9177044070568074
24.906336545944214,-0.9703970364790384,-0.14798988913863018,-1.4916502325292635,0.018112288958183783,-0.07960950312957428,0.15527099139710154,0.16200000047683716,0.2056514111926234,0.21899999678134918,4.724382794887625,4.9243827948876255
24.955665588378906,-0.96960256206969,-0.15751677225646682,-1.4794873310636452,0.01733706175349508,-0.07872827143642014,0.15980333086518358,0.15800000727176666,0.21163290633098564,0.2630000114440918,4.734111271778283,4.934111271778283
25.007269620895386,-0.9687364728598648,-0.16665578947095636,-1.4666305557730408,0.016593830706827673,-0.07690576928019177,0.1478544227300781,0.1469999998807907,0.20573843350610982,0.21899999678134918,4.743448331748783,4.943448331748783
25.056133031845093,-0.9677477954775432,-0.17570185583334919,-1.452244994760069,0.015886856734708455,-0.0736710933010214,0.14965929095897793,0.15399999916553497,0.22272063774838113,0.21899999678134918,4.752701884099918,4.952701884099918
25.10523509979248,-0.9677477954775432,-0.17570185583334919,-1.452244994760069,0.015886856734708455,-0.0736710933010214,0.14742381600004356,0.1469999998807907,0.2125969733757558,0.21899999678134918,4.752701884099918,4.952701884099918
25.155925989151,-0.9662634321448614,-0.18744825141722093,-1.4328205970304064,0.01501253344572033,-0.06909890538177876,0.14685423096812011,0.1469999998807907,0.2213254764628983,0.21899999678134918,4.764738918656572,4.964738918656572
25.205869913101196,-0.9654283858784706,-0.193349445963881,-1.4232266341200466,0.014593816264482943,-0.06714104037459423,0.14599913801896175,0.1469999998807907,0.2263738058346965,0.21899999678134918,4.7707972170591235,4.970797217059124
25.25567317008972,-0.9645481337123701,-0.1991631636809549,-1.4143871285655663,0.014192796045678427,-0.0659426751204839,0.1547620861184031,0.1509999930858612,0.23889103125956718,0.2630000114440918,4.776773503756677,4.976773503756677
25.307023525238037,-0.9631515715783703,-0.2077908059275092,-1.400838694356637,0.01360207596229621,-0.06397166097987927,0.15015151134258717,0.14300000667572021,0.23525766572175022,0.2630000114440918,4.785654390239354,4.985654390239354
25.356796741485596,-0.9610719270553217,-0.21944660254244092,-1.3843351928122267,0.01282851492155546,-0.06358442595223979,0.15219502031195314,0.1509999930858612,0.26542068700073457,0.2630000114440918,4.79768205786887,4.99768205786887
25.405894994735718,-0.9610719270553217,-0.21944660254244092,-1.3843351928122267,0.01282851492155546,-0.06358442595223979,0.15219502031195314,0.1509999930858612,0.26542068700073457,0.2630000114440918,4.79768205786887,4.99768205786887
25.456048488616943,-0.9587905740542623,-0.23114611907984284,-1.3666268120063096,0.012044637073172628,-0.06265642389697312,0.150492430268205,0.1509999930858612,0.2827800838594313,0.2630000114440918,4.809784880318748,5.009784880318748
25.50643253326416,-0.9575504198987692,-0.23705740693514607,-1.357283261152278,0.011656047342214454,-0.062039008786294765,0.12931881269355744,0.1509999930858612,0.2917123703313879,0.17499999701976776,4.815915783689363,5.015915783689363
25.557138681411743,-0.9556040394149466,-0.24582386985193286,-1.3426962026305134,0.011084576657894392,-0.06073611004267377,0.1346303331247218,0.1469999998807907,0.2968180497981657,0.21899999678134918,4.8250286070759865,5.025028607075987
25.607691049575806,-0.9510201449416384,-0.2503972530342529,-1.3314270427416481,0.014151325005641658,-0.058138882822103,0.14825787457504103,0.14300000667572021,0.27040874116292307,0.2630000114440918,4.8308409938044665,5.030840993804467
25.657700777053833,-0.9456442177594205,-0.2534250724172587,-1.3218330535465028,0.018387963252311085,-0.05552132089152373,0.1510200409652539,0.14300000667572021,0.24208710585939006,0.2630000114440918,4.835440014170478,5.0354400141704785
25.705646991729736,-0.9456442177594205,-0.2534250724172587,-1.3218330535465028,0.018387963252311085,-0.05552132089152373,0.14462044274370775,0.13199999928474426,0.2234650091503176,0.3070000112056732,4.835440014170478,5.0354400141704785
25.7569842338562,-0.9428584249334787,-0.26404559280388074,-1.3009940097551798,0.01776578511136573,-0.05226351973104704,0.14102670512035592,0.13899999856948853,0.24955587464062887,0.21899999678134918,4.846720078184967,5.0467200781849675
25.806221961975098,-0.9413391600351628,-0.2694770889746561,-1.2906154482066554,0.01746162710218087,-0.05118086939548938,0.1437455905490857,0.13500000536441803,0.2505965751083732,0.2630000114440918,4.852515623524213,5.052515623524213
25.85605239868164,-0.9397675228863723,-0.2748936708826102,-1.2807338177940844,0.017158942151780137,-0.05079321132080983,0.14756146567271985,0.14300000667572021,0.27544248399369287,0.2630000114440918,4.858311824823595,5.058311824823595
25.907243013381958,-0.9373149811913613,-0.28294847786871313,-1.2655668780923404,0.016716833519337376,-0.05017993599723236,0.13898100261279603,0.1469999998807907,0.29894328520380314,0.21899999678134918,4.866966677281423,5.066966677281423
25.956281900405884,-0.9337738397099704,-0.29391055489085666,-1.24652657758979,0.01610402071750451,-0.051830303167771596,0.14026709990214623,0.14300000667572021,0.31657768792287116,0.2630000114440918,4.878809937469745,5.078809937469745
26.005978107452393,-0.9319630127435534,-0.29925192423256974,-1.2370810989211103,0.015797003151315346,-0.05286716905259837,0.12995207397783481,0.13899999856948853,0.320791455995323,0.21899999678134918,4.884608746703373,5.084608746703373
26.05583119392395,-0.9300752244558292,-0.30465140085309406,-1.2275995983923558,0.015478804142101949,-0.054260304094754686,0.13578278582668732,0.14300000667572021,0.344499547550077,0.2630000114440918,4.890489951172322,5.090489951172322
26.105690479278564,-0.9282114174234616,-0.3098259544797993,-1.2166384604763836,0.015165092162623293,-0.05400814464079784,0.14035580491871918,0.13899999856948853,0.3464790751216758,0.3070000112056732,4.896145068359547,5.096145068359547
26.15592122077942,-0.9253803218975063,-0.3173509151610938,-1.2007226757094396,0.014712446066184548,-0.05420084463652497,0.13693743218556306,0.13899999856948853,0.36465535306652563,0.3070000112056732,4.904412937275662,5.104412937275662
26.207231998443604,-0.9224212300307701,-0.32484796664222093,-1.1828694028698956,0.014256053460360765,-0.05306912442297973,0.13042695762200915,0.13199999928474426,0.3623320631833041,0.3070000112056732,4.91270218376473,5.11270218376473
26.255961656570435,-0.919325399584856,-0.3322895759669375,-1.1632919928537246,0.013809956340369925,-0.0508265164197339,0.148427131609286,0.13899999856948853,0.39726764051510166,0.39500001072883606,4.920993033962314,5.120993033962314
26.30563759803772,-0.9172179711986135,-0.33713073900583745,-1.1504192467268506,0.013527177553340016,-0.049654173614207764,0.14225865791293593,0.13199999928474426,0.3875807308205014,0.39500001072883606,4.926425388603713,5.126425388603713
26.357282400131226,-0.9150541075110584,-0.34192498803687776,-1.136284145754431,0.013253732167522122,-0.04746931545345956,0.1365812064860189,0.13500000536441803,0.40560816601002025,0.35100001096725464,4.931838268523948,5.131838268523948
26.40686535835266,-0.9127535840807726,-0.3468324840697974,-1.1218432600985788,0.012983342427364793,-0.045652333255249644,0.14655253071961172,0.13899999856948853,0.4280599207066563,0.39500001072883606,4.937417113195094,5.137417113195094
26.45669722557068,-0.9103559619673753,-0.35176008889607663,-1.1068681493695791,0.012718885707952321,-0.043770386298692454,0.14557364459975825,0.13899999856948853,0.4385898332094715,0.39500001072883606,4.943058981894398,5.143058981894399
26.509539127349854,-0.9066337881226916,-0.3590439609071928,-1.0830829528570476,0.012348334029283694,-0.040195298456296324,0.1514284690976307,0.14300000667572021,0.46622036172710407,0.4390000104904175,4.951483811984052,5.151483811984052
26.55711054801941,-0.9039344549177697,-0.3692887987253745,-1.0472611676976606,0.009386879244499468,-0.03058885464429384,0.1490238828008642,0.14300000667572021,0.4932962806687223,0.4390000104904175,4.9619409442648825,5.161940944264883
26.607664585113525,-0.9019793308160774,-0.37429719357050134,-1.0289741829125956,0.00837697703854424,-0.026379007903323703,0.14822946920848873,0.14300000667572021,0.5047265031755607,0.4390000104904175,4.967346734713394,5.167346734713394
26.656569957733154,-0.8988505663863857,-0.3794402111998609,-1.0106485756522994,0.008197257744711374,-0.024523360434808072,0.1529546665392932,0.1469999998807907,0.5301213916494819,0.4819999933242798,4.973500557353217,5.173500557353218
26.70583987236023,-0.895628109215637,-0.3845250367976764,-0.9921458809177534,0.008027181004348804,-0.022995106911310903,0.15254363608417054,0.1469999998807907,0.5415642075348107,0.4819999933242798,4.979655851468339,5.179655851468339
26.755865335464478,-0.8922677502690219,-0.38961593014468837,-0.9727721011212601,0.007862239447494201,-0.0213524599662418,0.15720843918946456,0.15399999916553497,0.5789697995566483,0.5699999928474426,4.985894497023555,5.185894497023555
26.80728030204773,-0.8887707487818962,-0.39468693008183225,-0.9537839886494122,0.007709231611397693,-0.02082456143013911,0.159681705978847,0.15800000727176666,0.607263127374908,0.5260000228881836,4.992196285201264,5.192196285201264
26.85730218887329,-0.8797121292896725,-0.40691561287690536,-0.9024755702193547,0.007343420995433181,-0.017659959304205497,0.1569799282712101,0.15399999916553497,0.6184916137624171,0.5699999928474426,5.007774017848449,5.2077740178484495
26.905709505081177,-0.8758185053600686,-0.41179166592045696,-0.8806744511923015,0.007203033531539944,-0.01668039820517475,0.15928274809159174,0.15800000727176666,0.6448990403758061,0.6140000224113464,5.014163830312044,5.214163830312044
26.967666149139404,-0.8718585836863918,-0.41653619297618366,-0.8587351779254054,0.0070678383519276605,-0.016004753120627324,0.15914441353571737,0.15800000727176666,0.6546989259999532,0.6140000224113464,5.020494111951409,5.220494111951409
27.006667613983154,-0.8678469181090641,-0.4211313567954567,-0.8353310127297191,0.006939024484344147,-0.014226234135845228,0.15543190492520143,0.1509999930858612,0.6324027845234614,0.6140000224113464,5.026744235321286,5.226744235321286
27.05680775642395,-0.8635780211747042,-0.42579153085917404,-0.8111895162443991,0.0068153429691771555,-0.013171540555811379,0.15684419511041303,0.15399999916553497,0.6521301081473269,0.5699999928474426,5.033221796489398,5.233221796489398
27.106701135635376,-0.8571202005737206,-0.43242746685938954,-0.7739076584663119,0.006644959643766945,-0.010975325849212568,0.16014556400101285,0.15399999916553497,0.6595357562702698,0.6579999923706055,5.042716405216194,5.2427164052161945
27.1560640335083,-0.8480908999733042,-0.44092457577822247,-0.7233547836822957,0.006439673331018767,-0.009759650635194128,0.16056146308304434,0.15399999916553497,0.6676684562934709,0.6579999923706055,5.055437472979593,5.255437472979593
27.206477165222168,-0.8433898095436757,-0.4450277173737796,-0.6975337889028083,0.006334543053009897,-0.00976641040116033,0.16606982603207726,0.15800000727176666,0.68816821511404,0.7020000219345093,5.061841533898431,5.261841533898431
27.25642991065979,-0.8387500822973547,-0.4488633096481585,-0.6719133723621543,0.006239682731403741,-0.009689688515006291,0.161159210828666,0.15399999916553497,0.6722654692490487,0.6579999923706055,5.068021407774474,5.268021407774474
27.305840492248535,-0.8307375343420573,-0.45009120885369824,-0.643411224484454,0.010087819406246477,-0.012486213679455127,0.16250078226742595,0.1509999930858612,0.6413132255943884,0.7020000219345093,5.075412247466983,5.275412247466983
27.35658359527588,-0.8113452011609017,-0.44234560080176344,-0.6056953660657419,0.027477611701817325,-0.029986176157763774,0.16764350963608834,0.15399999916553497,0.5619429014011357,0.6579999923706055,5.088025459469943,5.288025459469943
27.406938314437866,-0.7922715452543762,-0.43496264642531707,-0.567623865672595,0.04365016670590364,-0.05994261113668742,0.1680309578415628,0.15399999916553497,0.470426567160897,0.6579999923706055,5.102983929500324,5.302983929500324
27.4566810131073,-0.7786099823901722,-0.44316976448559003,-0.5019633333988791,0.04237733249322581,-0.08801463102482687,0.18024251003390962,0.16899999976158142,0.5440360384031285,0.6579999923706055,5.12290727847349,5.32290727847349
27.506112813949585,-0.7728394064151469,-0.4462893571139061,-0.4769414349685278,0.04171500379269207,-0.10197564141090365,0.17336464251391143,0.16200000047683716,0.5338504633795751,0.6579999923706055,5.131072765717962,5.331072765717962
27.556031465530396,-0.7668682590683191,-0.4493280923343075,-0.45276801372586073,0.04094166613801561,-0.1175497232353439,0.17553655645678728,0.16899999976158142,0.5711570704094378,0.5699999928474426,5.13936925347479,5.33936925347479
27.60591721534729,-0.7606995486213,-0.45228286028876097,-0.42943277498746124,0.0400439615206286,-0.13440384949462886,0.17289825442341406,0.16899999976158142,0.5865959606739959,0.5699999928474426,5.147776311327872,5.3477763113278725
27.658571004867554,-0.7545177376851591,-0.4550670215995238,-0.40566286773894794,0.039045241802701865,-0.1498839260868992,0.17246966597749092,0.17299999296665192,0.6135238042337672,0.5260000228881836,5.156037888806276,5.356037888806276
27.7099506855011,-0.7480689500799835,-0.45778936631681627,-0.38240662121673324,0.0379053099594172,-0.16628101509461257,0.17301566118636436,0.1770000010728836,0.6421854440172071,0.5699999928474426,5.164470521031431,5.364470521031431
27.757784843444824,-0.7318002480996484,-0.46389798136750277,-0.3245625544303785,0.03461609111892954,-0.2018219269926138,0.17169585809358034,0.17299999296665192,0.6559833284966614,0.6140000224113464,5.184928746131721,5.384928746131721
27.80813193321228,-0.722716199492943,-0.46984439549751095,-0.29054099446514564,0.02958663200991497,-0.2167059302132935,0.1701716564453294,0.17299999296665192,0.6894487060578112,0.6140000224113464,5.196123374585336,5.396123374585336
27.85788106918335,-0.7119774578587987,-0.47756432535762144,-0.25176510979344946,0.02238311551157801,-0.23010391287718043,0.1693043170596255,0.16899999976158142,0.7159664679408648,0.6579999923706055,5.208575334331434,5.4085753343314344
27.909295320510864,-0.7030346302987857,-0.4821220986694958,-0.21908581166738508,0.017842421383319724,-0.23644724790170715,0.1664939760661068,0.17299999296665192,0.7511829488729153,0.6140000224113464,5.21831334757319,5.41831334757319
27.959676265716553,-0.6964280474969718,-0.4835536283439576,-0.19561188970349544,0.016206608908911225,-0.2401088777916113,0.167935146502938,0.16899999976158142,0.7336199896394249,0.6579999923706055,5.22533469564466,5.42533469564466
28.00845217704773,-0.6898479735820013,-0.48481511692037055,-0.17068100131535588,0.014569135490345273,-0.24097096362116183,0.17747165059168135,0.17299999296665192,0.7471420489711448,0.7020000219345093,5.232228635904523,5.432228635904523
28.057796001434326,-0.6765230692987644,-0.48684455783160635,-0.11871813805140803,0.011284211779498279,-0.2377978048674205,0.18010026128250695,0.17299999296665192,0.7335434466330822,0.7020000219345093,5.245933980438003,5.445933980438003
28.107343435287476,-0.6664195156628159,-0.4879071963880652,-0.07788938810190188,0.008857865150791282,-0.23116891827030114,0.18087615228245482,0.16899999976158142,0.7013659616608341,0.7459999918937683,5.2561446467874084,5.456144646787409
28.155919075012207,-0.6520849887891894,-0.49296916961825993,-0.022471383961546444,0.001379671471389492,-0.2180752533227108,0.1804070697086907,0.16899999976158142,0.7065451524477985,0.7459999918937683,5.269598273249854,5.469598273249854
28.2079815864563,-0.64664330147893,-0.4951528847271878,-0.0025719377287369023,-0.0018561710585506695,-0.21280972128338763,0.18276968760054288,0.17299999296665192,0.7282487775562717,0.7020000219345093,5.274487221991359,5.474487221991359
28.25578236579895,-0.6296796401348783,-0.4975865833191612,0.0641815224751822,-0.008139227616646202,-0.19052992741845964,0.19218204798664995,0.1809999942779541,0.7415177896731794,0.7900000214576721,5.290212910923268,5.490212910923268
28.306684732437134,-0.6296796401348783,-0.4975865833191612,0.0641815224751822,-0.008139227616646202,-0.19052992741845964,0.18625016277285525,0.1770000010728836,0.7251306835190392,0.6579999923706055,5.290212910923268,5.490212910923268
28.35668921470642,-0.6154143687834663,-0.4963572505925737,0.12148604582071032,-0.010799534256387836,-0.16899101831945246,0.19261335655701378,0.1809999942779541,0.7023521061184688,0.7900000214576721,5.30394442107953,5.50394442107953
28.40571665763855,-0.6082351230816789,-0.4954231452520304,0.15034524749183045,-0.012022117877610955,-0.1571951979373198,0.1963143823666027,0.1850000023841858,0.6959289005661864,0.7459999918937683,5.310885707252705,5.510885707252705
28.456400394439697,-0.5975240449114588,-0.4936354987431611,0.1934819745955794,-0.013693041212987317,-0.13843851502582089,0.19259515919127213,0.1809999942779541,0.6465538267584884,0.7020000219345093,5.321302588331171,5.521302588331171
28.507383823394775,-0.5911704599049442,-0.49217381199278354,0.23750565087955455,-0.014427262215439007,-0.10844949385335922,0.19748776892893266,0.1850000023841858,0.6059170382899856,0.7459999918937683,5.327583457728484,5.527583457728484
28.556308269500732,-0.5863055457416618,-0.49048191762185495,0.27997112309269556,-0.014513244229440017,-0.07679351884895974,0.2039580963471338,0.19200000166893005,0.5652437015257361,0.6579999923706055,5.332577074095383,5.532577074095383
28.605788469314575,-0.5790933389496886,-0.48835330554664996,0.30619567642426254,-0.015094898109366,-0.06577744407852715,0.2001266659324304,0.18799999356269836,0.5285555620545241,0.7020000219345093,5.339849251650625,5.539849251650625
28.655707120895386,-0.5717101693335888,-0.48596510016297606,0.33243088131819665,-0.015612296567112906,-0.05463134247018375,0.20799433217952434,0.19599999487400055,0.5243643898643142,0.6140000224113464,5.34736023964604,5.54736023964604
28.706037759780884,-0.5643161685478584,-0.48335890903190176,0.3565841224949137,-0.016047591240069357,-0.04510704672598026,0.2079649081004442,0.19599999487400055,0.50034312528812,0.6140000224113464,5.354956507043987,5.554956507043987
28.756415367126465,-0.5568558396185057,-0.48052667551732514,0.37941247154745683,-0.016415005193081443,-0.03658004935422814,0.21492856928489182,0.2029999941587448,0.4949050776636226,0.6140000224113464,5.362695866175811,5.562695866175811
28.80746626853943,-0.5457070451345652,-0.4759295070557415,0.4119697566123434,-0.016840138420661115,-0.02454961846322279,0.21548915977235344,0.2029999941587448,0.460990560651433,0.5260000228881836,5.374406709212995,5.574406709212995
28.85593843460083,-0.5257828471295893,-0.46726267954543377,0.4640763452406994,-0.017785057878100217,-0.00638342314893825,0.22327338173086286,0.210999995470047,0.4267991475912167,0.5260000228881836,5.395527462408303,5.595527462408303
28.905697107315063,-0.5150516659712512,-0.46217754597087696,0.4923072473886286,-0.01821899649774313,0.0047901296945288,0.22737468213914505,0.2150000035762787,0.4035305405134955,0.4819999933242798,5.407087777723969,5.60708777772397
28.956897735595703,-0.5075650654329752,-0.4581107291098651,0.511513917539651,-0.018182866763654177,0.012358102502145252,0.22694860286038457,0.2150000035762787,0.3790526690975232,0.4819999933242798,5.415395718744475,5.615395718744475
29.00618052482605,-0.4999641874838048,-0.45379646439407767,0.5296676152497656,-0.01808385264075613,0.019048777406523665,0.22668778545148238,0.2150000035762787,0.3559006385747071,0.39500001072883606,5.4239272757253865,5.623927275725387
29.056008338928223,-0.4923708855066421,-0.4493094429985582,0.54805818837948,-0.01792940489401543,0.026350949503893273,0.2305308583278351,0.21899999678134918,0.3373484951157263,0.4390000104904175,5.4325462541742295,5.63254625417423
29.10611629486084,-0.4809803279553344,-0.4422142701140043,0.5739752311087902,-0.0175632112136022,0.03625277689938666,0.23862095277774978,0.22599999606609344,0.31050852316871774,0.35100001096725464,5.44567680340438,5.64567680340438
29.15578007698059,-0.46643384699542273,-0.43232713968739556,0.6061825610469554,-0.01669552942405946,0.04893609860299397,0.24885382999683664,0.2370000034570694,0.27136323622559627,0.39500001072883606,5.46290957909345,5.6629095790934505
29.2156343460083,-0.46200366682809646,-0.4280196082155856,0.6265031106925263,-0.0154018917230075,0.06288659329215196,0.2458450543591459,0.23399999737739563,0.21653617319508314,0.35100001096725464,5.4688495349279345,5.668849534927935
29.25580859184265,-0.4566678000699789,-0.42316570953913796,0.644077255418755,-0.014175412985833555,0.07318438681351969,0.24915593825153257,0.2409999966621399,0.1786081199610745,0.2630000114440918,5.475850187972946,5.675850187972946
29.305660247802734,-0.4490381358700128,-0.41740540180560093,0.6567743709966228,-0.013496699217650003,0.0764692656595326,0.2503768631556114,0.2409999966621399,0.15549679222714022,0.2630000114440918,5.485255817454294,5.685255817454294
29.356539011001587,-0.44148508482982707,-0.41154501429678764,0.669741757800496,-0.012780174068243418,0.08041263082970052,0.2513048589315825,0.2409999966621399,0.13064861885355392,0.2630000114440918,5.494670343225223,5.694670343225223
29.4078528881073,-0.43013347752945885,-0.40245940035522004,0.6861932957438517,-0.011631681573054596,0.08385116931008707,0.26066251075431635,0.24899999797344208,0.10209820745906022,0.2630000114440918,5.509005937421459,5.709005937421459
29.45611572265625,-0.414718111763201,-0.38965480268024766,0.7029420208167125,-0.009983065851946863,0.08395089531958277,0.2637536201013194,0.25200000405311584,0.06926090375996133,0.21899999678134918,5.528797846833131,5.728797846833131
29.505810976028442,-0.405472113663521,-0.3829011095336885,0.7055162165105904,-0.00989859810467077,0.07759949213917983,0.2565801419780863,0.25200000405311584,0.07696915204132387,0.13099999725818634,5.5401587944036095,5.74015879440361
29.555904865264893,-0.3929710870887046,-0.37545330376478697,0.7012691633653683,-0.011293402043482387,0.06267973872278522,0.25044791837571395,0.25200000405311584,0.12310415987726503,0.13099999725818634,5.554530304395475,5.754530304395475
29.605871438980103,-0.38172887748673917,-0.368322159427009,0.6983578351835114,-0.012330394958195974,0.050549082186483685,0.23990434674870248,0.25600001215934753,0.1614628421655857,0.0,5.567694239448931,5.7676942394489314
29.65662693977356,-0.3700315856072206,-0.3584910136303712,0.7032257925216071,-0.011626581893312305,0.045427844988499055,0.23680462740933955,0.25200000405311584,0.15522082905368953,0.0430000014603138,5.582838379757996,5.7828383797579965
29.708168268203735,-0.3583882606623823,-0.3485960169562391,0.7070231223325256,-0.010987089643069875,0.039841770476511496,0.2420349517144694,0.24899999797344208,0.1521026413622144,0.08699999749660492,5.597998890166282,5.797998890166282
29.755545377731323,-0.3470608372093904,-0.3388854284657463,0.7125420274341567,-0.010432797514226988,0.03673718044104324,0.2512695423493323,0.25600001215934753,0.15041102232761508,0.08699999749660492,5.612816267511993,5.812816267511993
29.805724143981934,-0.33977171450938476,-0.3325768517894489,0.7161660686585292,-0.010096037855604438,0.03506352384763312,0.23700760992790731,0.2409999966621399,0.13762695235371478,0.08699999749660492,5.622395985174528,5.822395985174528
29.855906009674072,-0.33255331176277636,-0.32627836403550137,0.720483658564083,-0.009772361283152382,0.034311972842757665,0.2317975528472928,0.23399999737739563,0.12792684847837865,0.08699999749660492,5.631920161359593,5.8319201613595935
29.906861305236816,-0.32519428143755996,-0.3198065289929797,0.7249210008410377,-0.009452369361255049,0.03376248374979407,0.25156495687537916,0.2409999966621399,0.12548834350535562,0.17499999701976776,5.641667006580331,5.841667006580331
29.95674467086792,-0.31824736826499067,-0.3134503975601258,0.7301921687168358,-0.009004880396827371,0.03442794617501532,0.2520506658970232,0.2409999966621399,0.11506728702951742,0.17499999701976776,5.651029805222838,5.851029805222838
30.00900888442993,-0.3091265560944976,-0.3023791881315723,0.7428445965420176,-0.006400156941352217,0.04048200723742035,0.24781763729599166,0.2409999966621399,0.06438126164672607,0.08699999749660492,5.665084831106855,5.865084831106855
30.055744409561157,-0.2955225576239127,-0.28870325295880583,0.7563570601453549,-0.004831458300207364,0.045579078313339405,0.2592189602678246,0.24899999797344208,0.02767265088055605,0.08699999749660492,5.684263543803436,5.884263543803436
30.115852117538452,-0.2885664298201396,-0.28211627427546415,0.7620536218760832,-0.004396872902122061,0.047321385679444994,0.25721154437113414,0.24500000476837158,0.01450333665621861,0.13099999725818634,5.6938154143391255,5.893815414339126
30.156004667282104,-0.28154349535684925,-0.27539638228256746,0.7663310961842111,-0.003943330211779298,0.04774154318736579,0.25225377036031427,0.2409999966621399,0.004756233169117256,0.08699999749660492,5.703508748857136,5.903508748857136
30.205912828445435,-0.2744485371231023,-0.2685494204267842,0.7697923226539473,-0.0034788188954944644,0.04743868623153625,0.25254069035535526,0.2409999966621399,-0.0031057041868219927,0.08699999749660492,5.7133438185687115,5.913343818568712
30.255685567855835,-0.26725658248492606,-0.26157256130969053,0.7727451982335967,-0.0030179018781867654,0.04671937527161829,0.2546810640881412,0.24500000476837158,-0.010041009472147115,0.0430000014603138,5.723341301190727,5.923341301190727
30.313293933868408,-0.2600281435094862,-0.2545185233728191,0.7756755484667149,-0.002559786598277417,0.0460963812619124,0.2673652908214884,0.25600001215934753,-0.017831289453565005,0.0,5.733420985962678,5.9334209859626785
30.364566326141357,-0.2420114504739238,-0.23675659534773472,0.7821927423287005,-0.0014346581085776917,0.0443345930529222,0.27287468231563844,0.25999999046325684,-0.035598211015127466,0.0430000014603138,5.758679362714311,5.958679362714311
30.411147117614746,-0.2349492564480919,-0.22973326683053727,0.7832829708068352,-0.0010039610689996548,0.04239670013963748,0.261815841807176,0.24899999797344208,-0.037310393553551056,0.0,5.768626354237643,5.968626354237643
30.461589574813843,-0.22775298416679773,-0.22256115853854128,0.7847344146149074,-0.000584066150014212,0.04088987559030954,0.26914528794685605,0.25600001215934753,-0.042613349884682857,0.0,5.77877531738578,5.9787753173857805
30.515549182891846,-0.22045700094376947,-0.21526246142163505,0.7858438980883122,-0.00016837593570993254,0.03912303728293476,0.2653195681449083,0.25200000405311584,-0.045403552557129086,-0.0430000014603138,5.789085856893736,5.989085856893736
30.562315464019775,-0.2130498339336579,-0.20784868414562693,0.7863642335996575,0.00022679555444735737,0.03685094061160066,0.2737439288892328,0.25999999046325684,-0.04880791480982867,0.0430000014603138,5.799557425773661,5.999557425773661
30.6198832988739,-0.2054313028822749,-0.20022200706590276,0.7861073235314535,0.0006044328457544295,0.03385496295426815,0.2810727425879102,0.2680000066757202,-0.05016527751585598,-0.0430000014603138,5.810332949257007,6.010332949257007
30.660786867141724,-0.18665655851231516,-0.18146353887827266,0.7818569386434614,0.0013885298719876701,0.023404715499012463,0.2725904886428225,0.2709999978542328,-0.039797615814445526,-0.08699999749660492,5.836867027302286,6.036867027302286
30.714335441589355,-0.17904633283787325,-0.17391351721428838,0.7797443166597852,0.0016224028701311926,0.01899862358385518,0.2797880371110436,0.2680000066757202,-0.033288072041103574,-0.0430000014603138,5.847588367272225,6.047588367272225
30.76525592803955,-0.1713767696937361,-0.1663381548988039,0.7772431852038084,0.0018096340419534618,0.01430898178337958,0.27836313217970016,0.2680000066757202,-0.02579818297382351,-0.0430000014603138,5.858370484322896,6.0583704843228965
30.815496921539307,-0.16357165749494046,-0.1586724018302544,0.7750150755702294,0.0019452397657418893,0.009979027989298284,0.27498587610601444,0.2680000066757202,-0.018566794176628328,-0.0430000014603138,5.8693135819998625,6.069313581999863
30.865875005722046,-0.14777122994860797,-0.14324931934120966,0.7706461615127986,0.0020841616480507734,0.001716472740345143,0.2911779779376983,0.27900001406669617,-0.003451704986178711,0.0,5.891400597870345,6.091400597870345
30.91345500946045,-0.14777122994860797,-0.14324931934120966,0.7706461615127986,0.0020841616480507734,0.001716472740345143,0.2710681903643086,0.2750000059604645,-0.0034022180785481804,-0.0430000014603138,5.891400597870345,6.091400597870345
30.96130108833313,-0.13196374764697405,-0.12794825547266644,0.7673416405349318,0.002049823092773116,-0.005018660954822619,0.29163921370476653,0.27900001406669617,0.010757606313041427,0.0,5.9134076850773365,6.113407685077337
31.012773275375366,-0.1184413690949962,-0.11696843801095731,0.7630717782619248,0.0004568002174359666,-0.011688380280366006,0.2726241849600517,0.2750000059604645,0.0470085303711294,-0.0430000014603138,5.930755136745573,6.130755136745573
31.063280820846558,-0.1052239379214498,-0.10567670937965996,0.7582280598635379,-0.0007393835031055719,-0.01867339397150003,0.27194823564756,0.27900001406669617,0.08002321684015437,-0.08699999749660492,5.94809941052645,6.14809941052645
31.12201690673828,-0.10117254869298759,-0.10183969944673522,0.7570419892303883,-0.0008453551112741981,-0.020493871721174343,0.2906594280915107,0.27900001406669617,0.08535875216082134,0.0,5.953677900723368,6.153677900723368
31.163146257400513,-0.08476759939925856,-0.0863532138067186,0.758315533282123,-0.0013442642315171626,-0.021525156349114227,0.29566798775565484,0.28299999237060547,0.09160213433668979,0.0430000014603138,5.976229883908666,6.1762298839086665
31.212982892990112,-0.08476759939925856,-0.0863532138067186,0.758315533282123,-0.0013442642315171626,-0.021525156349114227,0.29566798775565484,0.28299999237060547,0.09160213433668979,0.0430000014603138,5.976229883908666,6.1762298839086665
31.26196265220642,-0.06870123571882072,-0.07109095202108037,0.7637353659506054,-0.0018110942169150557,-0.01796922310845217,0.29873561804099097,0.28600001335144043,0.08422596254011723,0.08699999749660492,5.998382022090082,6.198382022090082
31.312668561935425,-0.05649010461152165,-0.05934995233115031,0.7683031121024279,-0.0020911397703603702,-0.014565085546975332,0.29119967788525564,0.27900001406669617,0.07298314904956345,0.08699999749660492,6.015317418670908,6.215317418670908
31.364604473114014,-0.044160270550636295,-0.04738639065044181,0.7741347029995068,-0.002315186823734985,-0.009686816667299536,0.29490369920774867,0.28600001335144043,0.06034868916213633,0.08699999749660492,6.03249383986262,6.23249383986262
31.419801235198975,-0.04007032019224756,-0.04338755239391595,0.7766270594719527,-0.002371370341686313,-0.007461404231395297,0.29792810939289627,0.2939999997615814,0.05505052244837324,0.08699999749660492,6.03821293815263,6.23821293815263
31.465916395187378,-0.023505267722672467,-0.02703041885843252,0.7835999560496261,-0.0024983638502180877,-0.0013190605475373873,0.28417926244524483,0.2939999997615814,0.03369122286471037,0.08699999749660492,6.061490539539335,6.261490539539335
31.511557817459106,-0.015355353655550887,-0.018888609558411026,0.7868049135613896,-0.002500166238361425,0.0016263575707561317,0.2730771713584338,0.28600001335144043,0.021887860783353773,0.08699999749660492,6.073009879989626,6.273009879989626
31.560962915420532,-0.00705873491940978,-0.010554129252726682,0.7898445124627678,-0.002471863548184673,0.004504453347171755,0.2751845618430841,0.2939999997615814,0.011010446579166711,0.08699999749660492,6.084769436886343,6.284769436886343
31.61265993118286,0.00121270916733196,-0.0021946688360464997,0.7922225082157244,-0.0024093808131443574,0.006825461895638707,0.2932359207775202,0.28999999165534973,0.0006467401360531334,0.0430000014603138,6.0965291223019085,6.296529122301909
31.66127896308899,0.013263624337767115,0.010049814999030224,0.7950772357037025,-0.0022719085537073,0.009784793112116219,0.2845454948120144,0.28299999237060547,-0.01336295529129489,0.0430000014603138,6.113707092002501,6.313707092002502
31.72159743309021,0.02524229353100802,0.022281165871344617,0.7973669266678105,-0.002088949659216799,0.01240062198454428,0.2794347506270717,0.28299999237060547,-0.027016407225647278,0.0430000014603138,6.1308268523577665,6.330826852357767
31.76156449317932,0.03718596768490463,0.03451876230360879,0.7996702562620887,-0.001869369524832605,0.015250831565074563,0.29839773029287514,0.28600001335144043,-0.04228999183990926,0.0,6.147926566411304,6.347926566411304
31.81376051902771,0.045012537943836604,0.04258611251286245,0.8013555152636965,-0.0016855050835248302,0.017415939312867446,0.29718972752987827,0.28299999237060547,-0.052977793910738424,-0.0430000014603138,6.1591665235490005,6.359166523549001
31.861518144607544,0.05288474588078492,0.050720650833098305,0.8020617746852317,-0.001480310681656336,0.018701921167219693,0.26741653747559446,0.28299999237060547,-0.06193931373495912,0.0430000014603138,6.17048561104272,6.37048561104272
31.916799306869507,0.06068518497699594,0.05878548265649841,0.8016054047474028,-0.0012668198594835984,0.018915696622556207,0.28904519967232256,0.2750000059604645,-0.06604078597956585,-0.0430000014603138,6.181704548294998,6.381704548294998
31.96920084953308,0.06854494318307947,0.06690423372939297,0.8010476325486984,-0.001048817700764416,0.019128986336059195,0.2848870297915449,0.27900001406669617,-0.07301603841550783,0.0,6.193003361708895,6.393003361708895
32.01617741584778,0.08014640856099167,0.07886087570340561,0.8015537924680539,-0.0007290654845380241,0.020947881010615066,0.2962661428151216,0.28299999237060547,-0.08728662983375013,-0.0430000014603138,6.209660934359335,6.409660934359335
32.06801748275757,0.09567466483925946,0.09489382210161412,0.8003478399497218,-0.00024265829153637475,0.021829132477916954,0.28745768665026017,0.2750000059604645,-0.09854703097198096,-0.0430000014603138,6.231975938460931,6.431975938460931
32.11331868171692,0.10350989750600195,0.10295276506829037,0.798648442809829,-5.386129222531684e-07,0.02132352387901615,0.2942355788030564,0.28299999237060547,-0.1057976852582938,-0.0430000014603138,6.243215608648511,6.4432156086485115
32.16124129295349,0.11124358053280478,0.11088727647339751,0.7961180831993057,0.00023785531525065209,0.020063077959067255,0.2935624120047971,0.27900001406669617,-0.10643301039392641,-0.08699999749660492,6.254292676383925,6.4542926763839255
32.2127947807312,0.1192141683865586,0.1190097095073731,0.7935393609522241,0.0004594166802068318,0.01888516114758188,0.0,0.27900001406669617,0.0,-0.08699999749660492,6.265669686660884,6.465669686660884
32.26457118988037,0.12724444377731273,0.127157623307167,0.7900963616375571,0.0006740230986202364,0.01694886414184016,0.0,0.2750000059604645,0.0,-0.13099999725818634,6.277106345915942,6.477106345915942
32.317373275756836,0.1321325063259806,0.1387595127093561,0.7959612112398511,0.005573245268795743,0.02444160173681842,0.0,0.2150000035762787,0.0,-0.21899999678134918,6.288697683007026,6.488697683007026
32.36301112174988,0.14188576812887504,0.15851116024270903,0.8178510704682241,0.012964306130505058,0.0494941103349813,0.0,0.1469999998807907,0.0,-0.3070000112056732,6.309417395957424,6.509417395957424
32.41429018974304,0.1443401914288563,0.16114472578213057,0.8337698839940592,0.013153308281930814,0.06599345479830587,0.0,0.07900000363588333,0.0,-0.13099999725818634,6.3130050185976,6.5130050185976005
32.46302032470703,0.14575422613758937,0.16269729552137177,0.8513089001497812,0.013288574077294418,0.08387528364966555,0.0,0.04100000113248825,0.0,-0.0430000014603138,6.315095876207942,6.515095876207942
32.51821970939636,0.1463868544618364,0.16341935978061042,0.8517981399777643,0.013369087481476239,0.08452210180787967,0.0,0.017999999225139618,0.0,0.0430000014603138,6.316050276824587,6.516050276824587
32.57010221481323,0.14651858471924692,0.16356984719102435,0.8477817128809165,0.013385968110397682,0.08053858790089963,0.0,-0.003000000026077032,0.0,0.0430000014603138,6.316249097262338,6.516249097262338
32.611554861068726,0.14651862161057205,0.1635698268099803,0.8414417968669776,0.013385927831330932,0.07419867188696071,0.0,0.0,0.0,0.0,6.316249097262338,6.516249097262338
32.65821671485901,0.14651862161057205,0.1635698268099803,0.8414417968669776,0.013385927831330932,0.07419867188696071,0.0,0.0,0.0,0.0,6.316249097262338,6.516249097262338
32.70970869064331,0.14651862161057205,0.1635698268099803,0.8414417968669776,0.013385927831330932,0.07419867188696071,0.0,0.0,0.0,0.0,6.316249097262338,6.516249097262338
32.7589545249939,0.14651862161057205,0.1635698268099803,0.8414417968669776,0.013385927831330932,0.07419867188696071,0.0,0.0,0.0,0.0,6.316249097262338,6.516249097262338
32.8118999004364,0.14651862161057205,0.16356982680998033,0.8414417968669776,0.013385927831330953,0.07419867188696071,0.0,0.0,0.0,0.0,6.316249097262338,6.516249097262338
32.858134269714355,0.14651862161057205,0.1635698268099803,0.8414417968669776,0.013385927831330932,0.07419867188696071,0.0,0.0,0.0,0.0,6.316249097262338,6.516249097262338
32.91313886642456,0.14651862161057205,0.1635698268099803,0.8414417968669776,0.013385927831330932,0.07419867188696071,0.0,0.0,0.0,0.0,6.316249097262338,6.516249097262338
32.957998752593994,0.14651862161057205,0.1635698268099803,0.8414417968669776,0.013385927831330932,0.07419867188696071,0.0,0.0,0.0,0.0,6.316249097262338,6.516249097262338
33.01294279098511,0.14651862161057205,0.1635698268099803,0.8414417968669776,0.013385927831330932,0.07419867188696071,0.0,0.0,0.0,0.0,6.316249097262338,6.516249097262338
33.058717250823975,0.14651862161057205,0.1635698268099803,0.8414417968669776,0.013385927831330932,0.07419867188696071,0.0,0.0,0.0,0.0,6.316249097262338,6.516249097262338
33.11247277259827,0.14651862161057205,0.1635698268099803,0.8414417968669776,0.013385927831330932,0.07419867188696071,0.0,0.0,0.0,0.0,6.316249097262338,6.516249097262338
33.15807795524597,0.14651862161057205,0.1635698268099803,0.8414417968669776,0.013385927831330932,0.07419867188696071,0.0,0.0,0.0,0.0,6.316249097262338,6.516249097262338
33.205469608306885,0.14651862161057205,0.1635698268099803,0.8414417968669776,0.013385927831330932,0.07419867188696071,0.0,0.0,0.0,0.0,6.316249097262338,6.516249097262338
33.25425362586975,0.14651862161057205,0.1635698268099803,0.8414417968669776,0.013385927831330932,0.07419867188696071,0.0,0.0,0.0,0.0,6.316249097262338,6.516249097262338
33.304388999938965,0.14651862161057205,0.16356982680998033,0.8414417968669776,0.013385927831330953,0.07419867188696071,0.0,0.0,0.0,0.0,6.316249097262338,6.516249097262338
33.35780310630798,0.14651862161057205,0.1635698268099803,0.8414417968669776,0.013385927831330932,0.07419867188696071,0.0,0.0,0.0,0.0,6.316249097262338,6.516249097262338
33.41122245788574,0.14651862161057205,0.1635698268099803,0.8414417968669776,0.013385927831330932,0.07419867188696071,0.0,0.0,0.0,0.0,6.316249097262338,6.516249097262338
33.45796036720276,0.14651862161057205,0.1635698268099803,0.8414417968669776,0.013385927831330932,0.07419867188696071,0.0,0.0,0.0,0.0,6.316249097262338,6.516249097262338
33.514498233795166,0.14651862161057205,0.1635698268099803,0.8414417968669776,0.013385927831330932,0.07419867188696071,0.0,0.0,0.0,0.0,6.316249097262338,6.516249097262338
33.557785511016846,0.14651862161057205,0.1635698268099803,0.8414417968669776,0.013385927831330932,0.07419867188696071,0.0,0.0,0.0,0.0,6.316249097262338,6.516249097262338
33.609437465667725,0.14651862161057205,0.1635698268099803,0.8414417968669776,0.013385927831330932,0.07419867188696071,0.0,0.0,0.0,0.0,6.316249097262338,6.516249097262338
33.657845973968506,0.14651862161057205,0.1635698268099803,0.8414417968669776,0.013385927831330932,0.07419867188696071,0.0,0.0,0.0,0.0,6.316249097262338,6.516249097262338
33.711766958236694,0.14651862161057205,0.1635698268099803,0.8414417968669776,0.013385927831330932,0.07419867188696071,0.0,0.0,0.0,0.0,6.316249097262338,6.516249097262338
33.75779461860657,0.14651862161057205,0.1635698268099803,0.8414417968669776,0.013385927831330932,0.07419867188696071,0.0,0.0,0.0,0.0,6.316249097262338,6.516249097262338
