Time (s),x (m),y (m),yaw (rad),CTE (m),Orientation Error (rad),linear_x_cmd (m/s),linear_x (m/s),angular_z_cmd (rad/s),angular_z (rad/s),nearest s,look-ahead s
0.00021648406982421875,-0.03174299611677061,-0.008317453503592288,0.745574443508031,0.016561417907011582,-0.03951588245129123,0.011856533231863935,0.0,-0.0,0.0,-0.028332137287190393,0.2
0.004671812057495117,-0.03174299611677061,-0.008317453503592288,0.745574443508031,0.016561417907011582,-0.03951588245129123,0.011856533231863935,0.0,-0.0,0.0,-0.028332137287190393,0.2
0.05600237846374512,-0.03174299611677061,-0.008317453503592288,0.745574443508031,0.016561417907011582,-0.03951588245129123,0.011856533231863935,0.0,-0.0,0.0,-0.028332137287190393,0.2
0.10729837417602539,-0.03174299611677061,-0.008317453503592288,0.745574443508031,0.016561417907011582,-0.03951588245129123,0.011856533231863935,0.0,-0.0,0.0,-0.028332137287190393,0.2
0.15509796142578125,-0.03174299611677061,-0.008317453503592288,0.745574443508031,0.016561417907011582,-0.03951588245129123,0.011856533231863935,0.0,-0.0,0.0,-0.028332137287190393,0.2
0.20598173141479492,-0.03169891419642451,-0.008276749872719912,0.7460885257883606,0.01655904751264183,-0.039003090437772614,0.01183022831661986,0.0,-0.0,0.0,-0.028272161809225614,0.2
0.25711989402770996,-0.03169891419642451,-0.008276749872719912,0.7460885257883606,0.01655904751264183,-0.039003090437772614,0.01183022831661986,0.0,-0.0,0.0,-0.028272161809225614,0.2
0.30510735511779785,-0.03169891419642451,-0.008276749872719912,0.7460885257883606,0.01655904751264183,-0.039003090437772614,0.01183022831661986,0.0,-0.0,0.0,-0.028272161809225614,0.2
0.3571174144744873,-0.03149346184592266,-0.008086515094711208,0.7483295273535066,0.016548371995467548,-0.03676807437916452,0.024677469984669204,0.010999999940395355,-0.0038334742447882846,0.13099999725818634,-0.02799226648060859,0.2
0.40689754486083984,-0.031127725465626754,-0.0077455806327338134,0.7543099455885525,0.016530981937944212,-0.030798198487746453,0.02453245436116929,0.010999999940395355,-0.004426822384582177,0.13099999725818634,-0.027492395568088333,0.2
0.4584696292877197,-0.03070583806169776,-0.0073475730585964225,0.7599064662557125,0.01651426099940976,-0.025213672521750108,0.021249094811454525,0.007000000216066837,-0.003175607943710972,0.08699999749660492,-0.0269124390300074,0.2
0.5060172080993652,-0.030286098829138644,-0.006947300697257359,0.7667858049055855,0.016500653635341287,-0.01834607591596305,0.024581779027890945,0.010999999940395355,-0.005681873083990219,0.13099999725818634,-0.026332404905195228,0.2
0.555875301361084,-0.029969635665838417,-0.006641603526220886,0.7709469854117295,0.016493156148443912,-0.014193634641483155,0.024666017641397683,0.010999999940395355,-0.006107489517476266,0.13099999725818634,-0.02589232346149063,0.2
0.6068317890167236,-0.029654447286465886,-0.006334592136943464,0.7755103551995932,0.016487485556938155,-0.009638858173806721,0.024664099118162197,0.010999999940395355,-0.006574513426002709,0.13099999725818634,-0.025452218038756927,0.2
0.6568596363067627,-0.029226374658241294,-0.005914171285882523,0.7817927428598922,0.016482220839196433,-0.0033679531740656854,0.02933022314993171,0.014999999664723873,-0.009846810296161834,0.08699999749660492,-0.02485205222049687,0.2
0.712456464767456,-0.028645642935781077,-0.005335252275070486,0.7897996876628534,0.016481127492480867,0.004623738540895483,0.024398317125311438,0.010999999940395355,-0.008055884831271759,0.13099999725818634,-0.02403180458180194,0.2
0.7563912868499756,-0.02802792375299919,-0.004708498670414127,0.7972503183613137,0.01648770434021695,0.01205856629353308,0.029256432561735414,0.014999999664723873,-0.012067918500141378,0.08699999749660492,-0.023151569888067536,0.2
0.8079655170440674,-0.02721807675806275,-0.0038779881464443633,0.799116136063543,0.016502543419618664,0.013904448872550934,0.03615919591358764,0.02199999988079071,-0.01825163751148942,0.0,-0.021991338276134465,0.2
0.856403112411499,-0.026549278630632448,-0.0031892873786456676,0.8004704227295917,0.016516788104720778,0.01524300745361895,0.03636489236664173,0.02199999988079071,-0.018677728451464856,0.08699999749660492,-0.02103118072258487,0.2
0.9063284397125244,-0.025881035938690698,-0.0025000475170400445,0.8020914937364518,0.01653179197434267,0.016849047531809713,0.04063443429801271,0.026000000536441803,-0.02264571085333527,0.0430000014603138,-0.0200710486480845,0.2
0.956066370010376,-0.02506101584377582,-0.0016515387679668031,0.8025669449050528,0.016552109775080377,0.017306978418378364,0.04767031308544077,0.032999999821186066,-0.0291937555069841,0.0430000014603138,-0.018890935537093975,0.2
1.0066649913787842,-0.0241442055736901,-0.0007018771327952618,0.8044608007016346,0.01657550933448613,0.019182482974593355,0.05152968396539863,0.03700000047683716,-0.033767381545366876,0.08699999749660492,-0.01757084061745813,0.2
1.0661187171936035,-0.022661962630725584,0.0008416735697887468,0.8065736902194706,0.016619087434546688,0.02126842171502608,0.0515507555177928,0.03700000047683716,-0.03515954321360086,0.0,-0.015430854916272413,0.2
1.1059741973876953,-0.02050506039419519,0.003096039614119554,0.8091686279065212,0.016688240994955247,0.023830270450479137,0.05574626615498697,0.04100000113248825,-0.041102136113138295,0.0430000014603138,-0.012311102037002785,0.2
1.155794620513916,-0.01926288057918283,0.00439872439876683,0.8097958251565017,0.01673111755680212,0.02444172454181226,0.05960134630491261,0.04500000178813934,-0.04614531151929601,0.0,-0.010511307731693405,0.2
1.2065234184265137,-0.01796634591953975,0.005760120250854876,0.8095173047054091,0.016777050745903053,0.024149375836313155,0.05959850525010627,0.04500000178813934,-0.046853719369041535,0.0,-0.008631637950990274,0.2
1.2566158771514893,-0.015910599659651244,0.007917504726038537,0.8097879909770601,0.016848983723469806,0.02440361545710368,0.07461407162410562,0.05999999865889549,-0.06443371136779732,0.0,-0.0056525131381172464,0.2
1.3084721565246582,-0.013592504643905823,0.010349794590033143,0.8081099358469384,0.01692975796522985,0.022715061510862,0.069162216824482,0.0560000017285347,-0.06120908933697572,-0.0430000014603138,-0.002293346609956783,0.2
1.3570892810821533,-0.012763465771117297,0.011217374522701155,0.8074646685039923,0.016957013437131106,0.022068111174687433,0.06911972630101701,0.0560000017285347,-0.061578595363139886,-0.0430000014603138,-0.0010934006615807808,0.2
1.4057276248931885,-0.009288137374117236,0.014839871953460069,0.8046343999091434,0.01706108969128462,0.01924259814676243,0.0768766578162237,0.06400000303983688,-0.06978869480154513,-0.0430000014603138,0.003925534123562078,0.2039255341235621
1.4570248126983643,-0.0074282128694205495,0.01676940123260537,0.8024808090408249,0.01711033737891165,0.01709934083727549,0.07926566341881236,0.06700000166893005,-0.07193505807145982,-0.08699999749660492,0.006604925182421343,0.20660492518242135
1.5066337585449219,-0.005453749109774763,0.018810744578595495,0.8017170517594165,0.01715769830861827,0.01635245524050588,0.08363662395180921,0.07100000232458115,-0.07602146601934426,-0.0430000014603138,0.009444238518502544,0.20944423851850255
1.5557544231414795,-0.0035334121312414063,0.020793143476515088,0.8001778851979802,0.01720170470125644,0.014835522427778525,0.08347714472843469,0.07100000232458115,-0.07525628281768112,-0.0430000014603138,0.01220350607707499,0.212203506077075
1.6059870719909668,-0.001497629315475972,0.022886464467839356,0.79738295267247,0.017242595175121344,0.01207037656711385,0.08747268847422417,0.07500000298023224,-0.07775877088163291,-0.08699999749660492,0.015122706419375884,0.2151227064193759
1.6582586765289307,0.0018755259279383263,0.026329455344138726,0.7931519668695433,0.0172925343310175,0.00790264871517199,0.09119608827336709,0.07900000363588333,-0.07912833484592707,-0.0430000014603138,0.01994133508582263,0.21994133508582264
1.706730604171753,0.006488163079942995,0.030993897002684033,0.787291402694805,0.017330499140800096,0.0021563680921344863,0.095360788761988,0.08299999684095383,-0.07898177138720627,-0.08699999749660492,0.026499212149874905,0.22649921214987492
1.7562487125396729,0.008932331620520019,0.03344290112566887,0.7845053520774784,0.017334953160250584,-0.000556314876530517,0.09521087212826126,0.08299999684095383,-0.07699042548928191,-0.08699999749660492,0.02995796853246204,0.22995796853246206
1.8057403564453125,0.011424662783482933,0.03592860003614341,0.7817165471958955,0.017331592861697987,-0.0032612065576439475,0.10220560058712384,0.09000000357627869,-0.08130162836148959,-0.08699999749660492,0.03347651371820528,0.2334765137182053
1.8556475639343262,0.014038677980891326,0.03851883312756115,0.7785256508537328,0.017316500146427622,-0.006354376809708407,0.10213701221648087,0.09000000357627869,-0.0787333465886767,-0.08699999749660492,0.03715478605127206,0.23715478605127208
1.9076998233795166,0.01671800105460384,0.041156789633435956,0.775140441930557,0.01728940191403017,-0.009629181247491125,0.11003347830562993,0.09799999743700027,-0.0827079503113496,-0.08699999749660492,0.04091277563219736,0.24091277563219737
1.9568510055541992,0.0194062379339425,0.04378566050929995,0.7718618826268726,0.01725001123655944,-0.01278667215946927,0.1054781668139265,0.09399999678134918,-0.07648511160672969,-0.0430000014603138,0.044670475849826245,0.24467047584982626
2.0061404705047607,0.026522495836582796,0.0506681232355533,0.7645185253263933,0.017093882247291966,-0.019760284738547962,0.11322138180714318,0.10100000351667404,-0.07521459266531527,-0.13099999725818634,0.054562777151919775,0.2545627771519198
2.0555577278137207,0.029497569640034443,0.05351826495344865,0.7614622022671694,0.01701051001710448,-0.02264096439700336,0.11326301176373316,0.10100000351667404,-0.07224795252663208,-0.13099999725818634,0.05867902254175409,0.2586790225417541
2.1066765785217285,0.03242548401686071,0.05630195547652394,0.7587588227846974,0.016914127380137225,-0.025159620363741197,0.11689244144149574,0.10499999672174454,-0.0723302453278167,-0.08699999749660492,0.06271474189263054,0.26271474189263055
2.1591427326202393,0.03547589604951566,0.05918899037678146,0.7564940066793789,0.016805241196813023,-0.027219109864515034,0.11693285395034456,0.10499999672174454,-0.06998069539028652,-0.08699999749660492,0.0669098653336329,0.2669098653336329
2.2059667110443115,0.03847455991741773,0.062014301302537524,0.7537327181124461,0.01669003901985352,-0.029765822154785404,0.12498874284374743,0.11299999803304672,-0.07219619258857383,-0.08699999749660492,0.07102465763992985,0.2710246576399299
2.256364345550537,0.041772951784323234,0.06510476266011395,0.7517584308697052,0.016552151666210654,-0.03148971604113948,0.1167747260242193,0.10499999672174454,-0.06496705481884932,0.0,0.07553838218872894,0.27553838218872895
2.3073971271514893,0.0499793960776148,0.0727266722572818,0.7451316492568943,0.01616664834351589,-0.03742853388620971,0.12503260394377305,0.11299999803304672,-0.06216335129664929,-0.08699999749660492,0.08672035093077643,0.2867203509307764
2.3568131923675537,0.05340715317159078,0.07588358232743361,0.7419050101159674,0.015989071188661955,-0.04034053365851353,0.12906287055007767,0.11699999868869781,-0.06041580745871155,-0.13099999725818634,0.09137201589004916,0.2913720158900492
2.40586519241333,0.05690404523613225,0.07908347655780354,0.7380198171116878,0.01579478394352693,-0.04388824507018696,0.1320676838768593,0.11999999731779099,-0.0570686675819268,-0.08699999749660492,0.09610266645857846,0.29610266645857847
2.456212043762207,0.06051718389195973,0.08236366483972349,0.7342441523016117,0.015577249960470285,-0.047298042363101866,0.13201879918939996,0.11999999731779099,-0.0522163133164155,-0.08699999749660492,0.10097207640202564,0.30097207640202567
2.5082244873046875,0.06796021183083226,0.08904206183702779,0.7266155111289802,0.015079051146031685,-0.054118634942957204,0.1436360785253815,0.13199999928474426,-0.04638719439180099,-0.13099999725818634,0.11094718409292087,0.3109471840929209
2.5547049045562744,0.06796021183083226,0.08904206183702779,0.7266155111289802,0.015079051146031685,-0.054118634942957204,0.14712816525614336,0.13500000536441803,-0.0474414509520167,-0.08699999749660492,0.11094718409292087,0.3109471840929209
2.6066555976867676,0.07602336958695717,0.09616684924646823,0.7202225512395585,0.014470678114974782,-0.059554524866062386,0.14712891002144413,0.13500000536441803,-0.037373284152406504,0.0,0.12167579834696787,0.3216757983469679
2.655654191970825,0.08229382406818107,0.10166566680662065,0.7180107536239689,0.013975151484842798,-0.0609604652241158,0.15499091572259183,0.14300000667572021,-0.035164921486667756,0.0,0.12998965255566508,0.3299896525556651
2.706481695175171,0.08887772323556757,0.10741369093166384,0.7169139709585116,0.013444056180097023,-0.061152124657305906,0.15854004028984245,0.1469999998807907,-0.03319175841337163,0.0430000014603138,0.13870108665358669,0.33870108665358667
2.7575032711029053,0.09115430738876998,0.10939801671761187,0.7164594540588889,0.013259985877991086,-0.06127944595337398,0.1591943247534088,0.1469999998807907,-0.03208098124355152,-0.0430000014603138,0.14171116246952542,0.34171116246952543
2.8060033321380615,0.10034759513003315,0.11738773783406256,0.713110182326504,0.012510378623970201,-0.06323330169389152,0.16633797462028094,0.15399999916553497,-0.02667559119309877,-0.0430000014603138,0.15384996907157092,0.35384996907157096
2.855512857437134,0.10496122348157293,0.12137829514527326,0.7124563627560723,0.012127161688279308,-0.06314134482701761,0.16276136676527503,0.1509999930858612,-0.024319145943346242,0.0,0.15992884329365767,0.3599288432936577
2.9061827659606934,0.10968340191409341,0.12545734988288954,0.7114198822914815,0.011735877769595893,-0.06338227506860639,0.1662669324385598,0.15399999916553497,-0.022389003772206158,-0.0430000014603138,0.1661470766458818,0.3661470766458818
2.955841541290283,0.11440980327811544,0.12953150689662885,0.7094474391462712,0.011343197145936802,-0.06452614192319372,0.16956225596756064,0.15800000727176666,-0.01907398592956157,0.0,0.1723651520213529,0.3723651520213529
3.006948232650757,0.12178821238788688,0.13585902700976715,0.7055703147678998,0.010717388621949701,-0.06704638078839764,0.169462502574609,0.15800000727176666,-0.011756833607477217,0.0,0.18204998034643904,0.38204998034643906
3.0566937923431396,0.1291920843289508,0.14215670326517427,0.7013919112250148,0.010065999993948721,-0.0697843276061989,0.1745138573429045,0.16200000047683716,-0.004026943947671587,-0.0430000014603138,0.19173315237467486,0.3917331523746749
3.1059329509735107,0.13679462172717782,0.1485601850129513,0.6977904438504995,0.009366731474741086,-0.07182589366656111,0.17832277385636963,0.16599999368190765,0.0032641568493711444,-0.08699999749660492,0.20163335452385475,0.40163335452385474
3.1562716960906982,0.14210102144501308,0.1530018483766921,0.6962485493617135,0.00886802740928934,-0.07222974531618274,0.18551646184420084,0.17299999296665192,0.007082440284369574,-0.08699999749660492,0.20852501214436428,0.4085250121443643
3.206972599029541,0.14741236546786163,0.1574376115989566,0.6957232960815766,0.008369652904752702,-0.07157221579807505,0.18899262071923384,0.1770000010728836,0.009111289110011748,-0.0430000014603138,0.21541684999758787,0.4154168499975879
3.255859613418579,0.15278550799627683,0.1619242049941211,0.6946955392898931,0.007873384731845748,-0.07135731778176557,0.18878425020130915,0.1770000010728836,0.01169946342205367,-0.0430000014603138,0.22238916042999998,0.42238916042999997
3.306180238723755,0.16106528345431026,0.16882737552132573,0.6936944753934391,0.007118516579843311,-0.07035386272832189,0.19068340939726755,0.1809999942779541,0.014684589087571039,0.0,0.23312764735865366,0.43312764735865367
3.358045816421509,0.16946346254476563,0.17580713180693447,0.6929352893180596,0.006359482364236316,-0.06896757327855296,0.19712511604471467,0.18799999356269836,0.017292378973448423,0.0,0.24400678988989305,0.44400678988989306
3.406154155731201,0.1779894704140781,0.18288339698443995,0.6920742348552761,0.005606429241700251,-0.06752829484237222,0.19685087562001444,0.18799999356269836,0.01906009322249027,0.0,0.255047420362611,0.45504742036261103
3.456674575805664,0.18379267135697064,0.18769738577077744,0.6918391435090556,0.005106942584783595,-0.06612673968541893,0.20132735294044585,0.19200000166893005,0.01970674102149469,0.0430000014603138,0.262562129204959,0.46256212920495904
3.5060408115386963,0.1898916648976114,0.19274997661530882,0.6914658407958291,0.004590589766405822,-0.06471695195849003,0.20922555604838636,0.20000000298023224,0.02078241189651374,0.0430000014603138,0.2704566358326049,0.4704566358326049
3.555816888809204,0.19580765832613772,0.19764725815394724,0.6915927769183654,0.004100747445447271,-0.06279558120222484,0.20998451019388997,0.20000000298023224,0.019763451518494565,-0.0430000014603138,0.2781132044289438,0.47811320442894384
3.6068532466888428,0.20201571092211945,0.20278764475177657,0.6910436966835617,0.0036027628358692434,-0.061392058173191266,0.2114859638107917,0.2029999941587448,0.01999585407493153,0.0,0.286150283402413,0.486150283402413
3.6576130390167236,0.21140139302719874,0.2105504586409167,0.6912158027243936,0.0028740650979149096,-0.05813252854621165,0.21583871821625644,0.2070000022649765,0.017561420413808627,0.0430000014603138,0.2982984577249959,0.4982984577249959
3.7060093879699707,0.22427990239671397,0.22121359416388903,0.6929833182924577,0.0019458382703008482,-0.05184226933351732,0.21558975434345495,0.2070000022649765,0.008916857421515939,0.0430000014603138,0.31498180170719503,0.514981801707195
3.755998373031616,0.230834713352719,0.22665645992548059,0.6938145701796468,0.0015146185318096002,-0.048577850574813675,0.21848279158933928,0.210999995470047,0.003899372983620638,0.0,0.32348671636724297,0.523486716367243
3.8064136505126953,0.23738500353313519,0.23210476625823234,0.6946124469198331,0.0011115608514557732,-0.04525410430674048,0.2173111097652894,0.210999995470047,-0.0018039108545608294,0.0,0.33199386556342875,0.5319938655634288
3.856250286102295,0.24392860983536552,0.23756111735568564,0.6948437049710257,0.0007408491683475624,-0.042402954043477936,0.2207003682090658,0.2150000035762787,-0.007081784352481922,0.0430000014603138,0.3405033875211787,0.5405033875211787
3.9062693119049072,0.2540657350247744,0.24601559904332018,0.6961812275362109,0.00021293473220881918,-0.03681844402891343,0.2187960923759803,0.2150000035762787,-0.01843607657164287,0.0430000014603138,0.3536908063164432,0.5536908063164432
3.9570000171661377,0.2640826407517891,0.2543956649764271,0.6970224240958487,-0.0002328487385655256,-0.031535316747092645,0.21928883573292338,0.21899999678134918,-0.03080550605453036,0.0,0.3667419703112488,0.5667419703112488
4.0061047077178955,0.2743086083347705,0.2629621841126449,0.6980449663400073,-0.0006178073496200177,-0.02572269018137507,0.2233453946849381,0.22599999606609344,-0.04653583943710701,0.0,0.380079780157884,0.5800797801578841
4.0563883781433105,0.2810067782602696,0.26857666267050473,0.6978661604405468,-0.0008321327224180863,-0.022615670200845314,0.21549658494004295,0.2150000035762787,-0.052539120346511946,-0.0430000014603138,0.38881955429631315,0.5888195542963132
4.108391523361206,0.28776973846293274,0.2742383401970317,0.6975997406904143,-0.0010242288002184198,-0.01944528109941701,0.22612369769553117,0.21899999678134918,-0.0625182951163959,-0.08699999749660492,0.39764064915260455,0.5976406491526045
4.155828237533569,0.2944066557733348,0.2798013403755721,0.6981886290271966,-0.0011775906740891498,-0.015361682118933405,0.21569454609808306,0.2150000035762787,-0.07268768704914112,-0.0430000014603138,0.4063031470269279,0.6063031470269279
4.206241607666016,0.30093305239332524,0.285278271129237,0.6969066126345429,-0.0012933768252086032,-0.013080196953267675,0.21652728843778452,0.2150000035762787,-0.08061958745872863,-0.0430000014603138,0.41482678039127324,0.6148267803912733
4.256084203720093,0.3108888948952243,0.29360665614039194,0.6932301922680036,-0.0014303499450968587,-0.011086710894604224,0.22728554001863596,0.21899999678134918,-0.09196199636639588,-0.08699999749660492,0.42781381381410327,0.6278138138141033
4.307713270187378,0.32426038849380445,0.30467786684607256,0.6896384280783692,-0.001582532988857646,-0.0066117684303367286,0.2268150124866748,0.2150000035762787,-0.10812790330516688,-0.13099999725818634,0.4451853213243962,0.6451853213243962
4.3566789627075195,0.33106971654026063,0.31028371540200417,0.6870087839639679,-0.0016296194718205853,-0.0049212249506553896,0.22497005228621697,0.21899999678134918,-0.11877379193116731,-0.08699999749660492,0.45401215025973385,0.6540121502597338
4.405850172042847,0.3379558882367499,0.31592202505140005,0.684229443359578,-0.0016615892795179281,-0.0031806275705767995,0.21470757269613694,0.2150000035762787,-0.12564794265844262,-0.0430000014603138,0.4629195321206991,0.6629195321206991
4.455718994140625,0.34479300572618876,0.32149392026211426,0.6809470258827566,-0.0016731539134119142,-0.001816159938377582,0.2200013090887906,0.21899999678134918,-0.1368061635997741,-0.08699999749660492,0.4717472693984161,0.6717472693984161
4.506678342819214,0.35165077393767047,0.32704035968008305,0.6774505609124276,-0.001675775957294435,-0.0004986858490452217,0.21750310819831367,0.21899999678134918,-0.14591336518419298,-0.08699999749660492,0.480575314600203,0.6805753146002029
4.559998035430908,0.3586501047729254,0.33266616546283306,0.673971765771736,-0.0016613278404801945,0.0011082181176800265,0.21751615802951207,0.22599999606609344,-0.16125481042685805,-0.08699999749660492,0.48956379229290214,0.6895637922929021
4.606460094451904,0.37602415058310357,0.3464213107119005,0.6647639002883374,-0.0015861548750519122,0.005288275702766687,0.21766676681624547,0.22200000286102295,-0.18669178769166123,-0.13099999725818634,0.5117454580369183,0.7117454580369182
4.656039714813232,0.3838844984662639,0.3495189273695513,0.6604954112655377,-0.003933042652386654,0.006247726984617952,0.21982327527367063,0.22200000286102295,-0.17019140925203005,-0.13099999725818634,0.519876123923458,0.7198761239234579
4.705916166305542,0.39428642292340055,0.34651299779797373,0.6557084541843178,-0.0126347543350054,0.005754605774269228,0.224242558903301,0.2150000035762787,-0.07573762524534121,-0.13099999725818634,0.5263550877591869,0.7263550877591869
4.757803678512573,0.404161522010947,0.3445184971151214,0.6511278621755493,-0.020183297179422143,0.005769402827571102,0.23241455967149305,0.22200000286102295,2.6272544671961886e-05,-0.13099999725818634,0.5331025780118221,0.7331025780118221
4.809163808822632,0.411183891385422,0.34985501169713473,0.6455633583240994,-0.020116262334781365,0.006510751583957419,0.2261695408076995,0.2150000035762787,-0.011063678296601133,-0.13099999725818634,0.5420493731216616,0.7420493731216615
4.856436014175415,0.41817182681066606,0.3551043993971754,0.6404424815476866,-0.02004243693750626,0.00788298486751482,0.23805502194424835,0.23000000417232513,-0.025682421363336556,-0.13099999725818634,0.5509194277034183,0.7509194277034184
4.905972480773926,0.4363740734207514,0.3685332773013621,0.628625646171236,-0.019772797280264043,0.014092272635499168,0.23524746157602142,0.23000000417232513,-0.0713160774340209,-0.13099999725818634,0.5738967262264373,0.7738967262264373
4.956658601760864,0.4438863791522123,0.37398159446074797,0.6239063941167194,-0.019616135528584912,0.01731511568838484,0.22971918316243678,0.23399999737739563,-0.09503684515730458,-0.08699999749660492,0.5833319232357033,0.7833319232357032
5.006255149841309,0.4514252154554044,0.3793931194127622,0.6215198833149382,-0.019429506299358225,0.02322350267925888,0.21975829276816938,0.23000000417232513,-0.12289666170095816,-0.0430000014603138,0.5927720099449199,0.7927720099449198
5.0563294887542725,0.45897216719418515,0.3847933306838792,0.6191681015535707,-0.01917819625333341,0.029522880659362705,0.22126354237447218,0.23000000417232513,-0.15493822143533678,-0.13099999725818634,0.6022156697052855,0.8022156697052856
5.105781078338623,0.47402614605040605,0.3954773781128986,0.6135415902340059,-0.01850216839047675,0.04227751450343564,0.21198689702967016,0.23000000417232513,-0.2240494399251777,-0.13099999725818634,0.621009706847899,0.821009706847899
5.155067205429077,0.47402614605040605,0.3954773781128986,0.6135415902340059,-0.01850216839047675,0.04227751450343564,0.2059905755024345,0.22599999606609344,-0.22015292010065668,-0.08699999749660492,0.621009706847899,0.821009706847899
5.207283020019531,0.492330564193204,0.4082494594931856,0.6017309272095729,-0.017386965406673668,0.05496546501802879,0.20733004718846598,0.23000000417232513,-0.3102654746781763,-0.13099999725818634,0.6437416867254695,0.8437416867254695
5.257021188735962,0.4994944930954037,0.41315052571310185,0.595503971100535,-0.01688096720458658,0.05900881374869127,0.20299547223952819,0.2150000035762787,-0.32188415084293504,-0.21899999678134918,0.652582902746691,0.8525829027466909
5.305835962295532,0.5065542931393912,0.41792011601516355,0.5889699947178842,-0.01634549091176258,0.06299889318604845,0.1927728612058268,0.2070000022649765,-0.3413636235729339,-0.21899999678134918,0.6612608650091611,0.8612608650091611
5.356931447982788,0.5133824998820042,0.4224604524848691,0.5819552210690837,-0.01580408301828559,0.06653697649135425,0.18241769337357955,0.2029999941587448,-0.3649845278781252,-0.17499999701976776,0.6696125947511219,0.869612594751122
5.407240867614746,0.5267651897422644,0.4311564825447479,0.5654804147429602,-0.014662389221016757,0.07191791696252053,0.1745139117498764,0.19200000166893005,-0.4010772451475645,-0.21899999678134918,0.6858646417453638,0.8858646417453637
5.456034898757935,0.5332622497623887,0.43525166250369374,0.5559943372503754,-0.014091552706964444,0.07360483097556697,0.17393504600193258,0.18799999356269836,-0.41863238410415793,-0.2630000114440918,0.6936840429629035,0.8936840429629036
5.506420850753784,0.5397280957182473,0.439245666238538,0.5449444973252104,-0.01350945738783097,0.07406645736602546,0.17532041600207043,0.19200000166893005,-0.45226007303766413,-0.39500001072883606,0.7014205442104893,0.9014205442104892
5.555752992630005,0.5491232652885334,0.44485028304021124,0.5243059128362232,-0.012683105599243804,0.0708221673508947,0.1676736477360221,0.1770000010728836,-0.44386975271523876,-0.39500001072883606,0.7125570701292738,0.9125570701292738
5.606344938278198,0.558478838295605,0.45016506891238417,0.5003115448320752,-0.0119076908341581,0.06497486435355776,0.1645795856001951,0.17299999296665192,-0.4560572173329137,-0.4390000104904175,0.7235120651785344,0.9235120651785345
5.657496213912964,0.5616551481811659,0.45190157969789757,0.4914134387817251,-0.011661230075135856,0.062419383194271094,0.1637731133142763,0.17299999296665192,-0.4626712413618268,-0.4390000104904175,0.7271984481467171,0.927198448146717
5.7059571743011475,0.5738203974055047,0.45820052067511796,0.45415829781853484,-0.010822998848496012,0.05037737202271758,0.16598155877898554,0.1770000010728836,-0.4950834500717041,-0.4819999933242798,0.7411556719027477,0.9411556719027476
5.755655765533447,0.5798024194214347,0.4610820148952539,0.4352837505387806,-0.01048095692713911,0.044427991450392224,0.1564951315428088,0.16599999368190765,-0.4740411301980023,-0.4390000104904175,0.7479244719646475,0.9479244719646476
5.806033134460449,0.5857648905899756,0.46381715849916727,0.4165827177642146,-0.01018046675456684,0.038992947044019066,0.15423398156196783,0.15399999916553497,-0.44933876296622083,-0.4819999933242798,0.7546145390103405,0.9546145390103404
5.855865716934204,0.5914820248482512,0.46631736646748656,0.3989046213247514,-0.009923623083368836,0.0343991649931798,0.15342521922200728,0.15399999916553497,-0.4593067626328687,-0.4819999933242798,0.7609807332343709,0.9609807332343709
5.905916929244995,0.6002522854402842,0.46991568757762214,0.37133153763988,-0.009590603063597852,0.027617050375202068,0.1493611610573786,0.1469999998807907,-0.45302369832118883,-0.4819999933242798,0.7706576406741945,0.9706576406741945
5.956323623657227,0.6087060902609525,0.4731173993590454,0.34422959573847606,-0.009331252588412473,0.02143529599441663,0.1483902145184251,0.1509999930858612,-0.4797671168857095,-0.4390000104904175,0.77989174051545,0.9798917405154499
6.005679607391357,0.6172996220613117,0.47611026027917447,0.316208873242958,-0.009118923381423208,0.01560937637444676,0.15084619521180911,0.15399999916553497,-0.5042629780098139,-0.4819999933242798,0.7891939915953597,0.9891939915953598
6.056142330169678,0.6230483348478767,0.4779632105118091,0.29809736493861344,-0.009004982753398838,0.012896930604137546,0.14789193260112077,0.1509999930858612,-0.505544341451826,-0.4390000104904175,0.7953724531261933,0.9953724531261934
6.1090452671051025,0.6286946968509151,0.4796652834531039,0.27882006970458645,-0.008914648956468159,0.009181008651235167,0.1486260744053441,0.1469999998807907,-0.5008215148357005,-0.4819999933242798,0.8014085794149773,1.0014085794149774
6.1557862758636475,0.6396731711848886,0.4819173402245823,0.2598566451630721,-0.009496482284251451,0.02131451541172849,0.14562948935525763,0.14300000667572021,-0.5248521753700673,-0.5260000228881836,0.8128873400983053,1.0128873400983054
6.205684661865234,0.650713408757067,0.48405118945283154,0.2399373695050891,-0.009846257027955435,0.03478500533403625,0.14178534765749726,0.1469999998807907,-0.5801687842097708,-0.4819999933242798,0.8244500414671134,1.0244500414671134
6.260074615478516,0.6601080540934989,0.48615529166121546,0.2107355860593061,-0.00955524637252757,0.035960272913293095,0.13691900534065252,0.14300000667572021,-0.5855472088942243,-0.4390000104904175,0.8343680105600543,1.0343680105600543
6.306323051452637,0.6711695452167897,0.48836118167436654,0.17093534125248855,-0.009095964090725129,0.03388008775514198,0.14054655747256098,0.14300000667572021,-0.6037182977981776,-0.5260000228881836,0.845990282720839,1.045990282720839
6.355798006057739,0.6767321761469236,0.48929174806109627,0.1499520420581145,-0.008878752354221801,0.032642310939916944,0.14041938132417284,0.14300000667572021,-0.6113079255340977,-0.5260000228881836,0.851803566763076,1.051803566763076
6.406235694885254,0.6821555420209634,0.4900766395096982,0.12896439215760025,-0.008680154851233345,0.03141409183650844,0.1417310516709823,0.13500000536441803,-0.5832107266244487,-0.6140000224113464,0.8574533878290721,1.0574533878290722
6.455888748168945,0.6876730578930896,0.4907618119779262,0.10706166323090166,-0.008478562052202165,0.03014428159849926,0.1458648930291715,0.14300000667572021,-0.6234278828933542,-0.6140000224113464,0.8631867351253947,1.0631867351253947
6.505956649780273,0.6931448701536911,0.4913170731318632,0.08485521496268544,-0.00828798231654554,0.02892104783393147,0.13787204854821222,0.13500000536441803,-0.5929873513953279,-0.5260000228881836,0.868859344587677,1.068859344587677
6.556635856628418,0.701461898586158,0.4919307481711898,0.05189514478667931,-0.008003970016133406,0.028867805062158282,0.147027616884589,0.13899999856948853,-0.6181065614398994,-0.6579999923706055,0.8774625558391261,1.0774625558391262
6.605833292007446,0.7123546097410628,0.4923031015013603,0.005178068935010925,-0.007639621022876374,0.027083937707734887,0.14739206288507947,0.13899999856948853,-0.6223601821276926,-0.6579999923706055,0.888707956593444,1.088707956593444
6.656145811080933,0.7179144666610161,0.49229530468468,-0.018522028795555527,-0.0074599011190463445,0.027126916352926637,0.1475547774801879,0.13899999856948853,-0.6242610684130215,-0.6579999923706055,0.8944441728176445,1.0944441728176446
6.706218004226685,0.72347267668141,0.4921572258793731,-0.04264464953835416,-0.00727703468395648,0.027253551088542924,0.1418983703759751,0.13899999856948853,-0.625294384918371,-0.5699999928474426,0.9001799084056363,1.1001799084056363
6.757452011108398,0.7291059724428158,0.49188419519248777,-0.06687184825613121,-0.0070854260040876796,0.028134582724117427,0.15287085505039288,0.1469999998807907,-0.6623715016810239,-0.6579999923706055,0.9059970229066494,1.1059970229066494
6.805647611618042,0.7348103174190502,0.491463354298818,-0.09188396427211291,-0.006889222617762506,0.029081698679501607,0.14783787911594026,0.14300000667572021,-0.6444106710654295,-0.6140000224113464,0.9118950385286599,1.11189503852866
6.859791994094849,0.7409054226062677,0.4930609493272314,-0.11657919347634124,-0.004489636011932254,0.031150829014905762,0.15185242422673453,0.1469999998807907,-0.6742712605593758,-0.6579999923706055,0.9178736821812842,1.1178736821812842
6.912550210952759,0.7560669998620185,0.4948013805441978,-0.1798430649221115,-3.9162707920662577e-05,0.03569795517957347,0.14941930810995666,0.1469999998807907,-0.6895893834491067,-0.6579999923706055,0.9326277348609822,1.1326277348609821
6.971619367599487,0.7617665970271871,0.49372748949753714,-0.20512550359596696,0.00020949323055740663,0.03760280983387787,0.15477214780216267,0.1509999930858612,-0.7055040508875348,-0.7020000219345093,0.9384201995570364,1.1384201995570364
7.012062311172485,0.7676710502553471,0.49245577126299106,-0.2314173586652291,0.0004800854793311849,0.03979527477126765,0.15007527288526173,0.1469999998807907,-0.6834632651108159,-0.6579999923706055,0.9444443667683524,1.1444443667683524
7.065669775009155,0.7735210057625966,0.4910356137989849,-0.2578015797158366,0.0007648560451187666,0.04196954900734012,0.14855140895052898,0.1509999930858612,-0.6978487139146711,-0.6140000224113464,0.9504399230279857,1.1504399230279858
7.111812591552734,0.7851182853412559,0.4877319959180367,-0.31239753937498693,0.0013787339389384821,0.04470438771936385,0.15564666802846655,0.1509999930858612,-0.6853588126445798,-0.7020000219345093,0.9624230995631952,1.1624230995631952
7.161687850952148,0.7851182853412559,0.4877319959180367,-0.31239753937498693,0.0013787339389384821,0.04470438771936385,0.15564666802846655,0.1509999930858612,-0.6853588126445798,-0.7020000219345093,0.9624230995631952,1.1624230995631952
7.212717056274414,0.7992029076868137,0.4827576368846888,-0.3795111309585727,0.0021702181510885746,0.04824432978542176,0.15600346986852692,0.1509999930858612,-0.6672437188431004,-0.7020000219345093,0.9772171079855564,1.1772171079855565
7.27568793296814,0.8048538681992827,0.4804610218463595,-0.4063454387677393,0.002511759206698454,0.04992842445262108,0.15637598610857714,0.1509999930858612,-0.6595940718564836,-0.7020000219345093,0.9832408896521656,1.1832408896521656
7.311971426010132,0.810980452379777,0.47838842640871393,-0.4344781473710174,0.0034456910042969364,0.05140502912196815,0.15673019659971857,0.15399999916553497,-0.666895987357264,-0.6579999923706055,0.9895528269750616,1.1895528269750617
7.369536399841309,0.8187086430441113,0.47763522353345095,-0.46690691815667934,0.0065052175668597985,0.05133961575158824,0.15601591620009791,0.1509999930858612,-0.6554747692283248,-0.7020000219345093,0.9965290408274547,1.1965290408274547
7.41187310218811,0.8315867090102376,0.47369936949749075,-0.526069122413345,0.009842228061437395,0.049251971846926645,0.1628008179544273,0.15800000727176666,-0.6741455671975233,-0.7020000219345093,1.0091110161203087,1.2091110161203087
7.462141275405884,0.836772145462488,0.47064152452720603,-0.5528529859593494,0.01017484988990518,0.04793114504478946,0.1584340605048632,0.15399999916553497,-0.6452739433522517,-0.6579999923706055,1.0148672019404366,1.2148672019404365
7.511216163635254,0.8419423836700549,0.4674046099903394,-0.5797395089812708,0.010504885309495088,0.04639175369086624,0.16002923625042312,0.15399999916553497,-0.6330363108883409,-0.6579999923706055,1.0206963047214066,1.2206963047214066
7.569599628448486,0.84973643101303,0.46215073785676625,-0.6207708785918488,0.010994826546984662,0.04342484837879046,0.17277048897232475,0.16200000047683716,-0.6453534704219169,-0.7459999918937683,1.029674327957227,1.2296743279572269
7.611592531204224,0.8574340627771199,0.45648264243835784,-0.6628824971850846,0.011456661954331362,0.03876430413453469,0.1636722865566701,0.15399999916553497,-0.5914473052295375,-0.6579999923706055,1.038802743818665,1.238802743818665
7.6634135246276855,0.8599878932093045,0.4544887570813055,-0.6761184871957223,0.011602304961169145,0.037917408165836775,0.1711610429630326,0.16200000047683716,-0.6154531765092559,-0.6579999923706055,1.0418967382604334,1.2418967382604333
7.715686559677124,0.8700399138472474,0.4460905378840037,-0.7281489481552298,0.012158991082516234,0.034410471335406645,0.17954676263306402,0.16899999976158142,-0.6140843262249757,-0.6579999923706055,1.054408259292047,1.254408259292047
7.7623069286346436,0.8716003475910477,0.43781109880191604,-0.7517437640813032,0.007335601187061899,0.03561512225287078,0.17758837331710306,0.16599999368190765,-0.5610663705898128,-0.6140000224113464,1.061074710990001,1.261074710990001
7.811013460159302,0.8729335812841306,0.4291513501873164,-0.7751044981067448,0.0022589274931011454,0.03758128689115148,0.179233389635753,0.16599999368190765,-0.5157684477953351,-0.6140000224113464,1.068094520698403,1.268094520698403
7.861511945724487,0.8793321946331625,0.4212634886596874,-0.8095087318024884,0.0016601337276572594,0.038102373843774906,0.18203038627684479,0.16899999976158142,-0.5017011048833379,-0.5699999928474426,1.0781656976486818,1.2781656976486817
7.911150693893433,0.8864059489344718,0.41366760717508144,-0.842439377128347,0.0021147221873426157,0.03923114997916632,0.18554280208620216,0.17299999296665192,-0.49903836366927284,-0.5260000228881836,1.0884715531006632,1.2884715531006632
7.97002387046814,0.8886558025114086,0.4111452075901736,-0.8534935590564876,0.002265420052303399,0.03889931430010396,0.19024679520480103,0.1770000010728836,-0.5048351095631628,-0.5699999928474426,1.0918247094845621,1.291824709484562
8.011899709701538,0.8978878351332588,0.40019981600501575,-0.8958316997334967,0.0028994747571543826,0.040069986058629554,0.19403718631611183,0.1809999942779541,-0.4973086120217598,-0.5260000228881836,1.1060185854210056,1.3060185854210056
8.063201904296875,0.9023820514883821,0.39452370556697286,-0.9153714552886396,0.0032273462032717955,0.041385531496613726,0.20099955357322158,0.18799999356269836,-0.50891313710712,-0.5260000228881836,1.1131872790490276,1.3131872790490275
8.11601448059082,0.9069403990191448,0.37448866040402307,-0.9430288280763193,-0.0040840542664960225,0.06621408657852124,0.19236521779090351,0.1809999942779541,-0.4432802475875854,-0.4390000104904175,1.1324121661766389,1.3324121661766388
8.165119647979736,0.9110269605540454,0.35121513988831277,-0.9716214787449294,-0.012396680633933106,0.09341620642157145,0.19837781105092953,0.18799999356269836,-0.40344692106582647,-0.4390000104904175,1.1549909735954984,1.3549909735954984
8.21452021598816,0.9151540396696333,0.33849289106314323,-0.9930127955742905,-0.014745124250886055,0.10288430828820805,0.19784150497774677,0.18799999356269836,-0.38185370952889897,-0.4390000104904175,1.1685770891475011,1.368577089147501
8.272364854812622,0.921238828340022,0.32897143072758617,-1.0186865414690909,-0.013546213329764875,0.10208234639016278,0.20263837387280986,0.19200000166893005,-0.385680219850931,-0.39500001072883606,1.1801652443961257,1.3801652443961256
8.31823205947876,0.9294070675074869,0.31530748807971065,-1.0536218939381432,-0.01187141240004832,0.09998800739550771,0.2122233046131587,0.20000000298023224,-0.39548473736799594,-0.4819999933242798,1.196414610736443,1.396414610736443
8.362712144851685,0.9332922968174321,0.30840602091291663,-1.069979849818274,-0.011054478624556972,0.09909743773298295,0.21205685305947153,0.20000000298023224,-0.39334305314031526,-0.39500001072883606,1.204467007011598,1.4044670070115979
8.411722421646118,0.9371719177340111,0.3012501021092847,-1.0863845115764412,-0.010219124389848124,0.09803565837699058,0.21248001350426082,0.20000000298023224,-0.3913403903156565,-0.39500001072883606,1.2127275870284826,1.4127275870284826
8.475897789001465,0.936685105248859,0.28928415246398614,-1.1042853150806822,-0.015069180007692765,0.10017301916042132,0.21938804203597748,0.2070000022649765,-0.3494111250238523,-0.39500001072883606,1.2239330770211247,1.4239330770211247
8.516189098358154,0.9390259070871705,0.26876688576399477,-1.1386241904354375,-0.019880085182815886,0.10067474020815448,0.2278556216801705,0.2150000035762787,-0.29416078119376415,-0.4819999933242798,1.2446241542657095,1.4446241542657094
8.560144424438477,0.9390259070871705,0.26876688576399477,-1.1386241904354375,-0.019880085182815886,0.10067474020815448,0.2226685938064922,0.210999995470047,-0.2886880114740509,-0.35100001096725464,1.2446241542657095,1.4446241542657094
8.618438482284546,0.9476680276219653,0.24925650216925455,-1.1751804888021737,-0.017690572775422443,0.09827466478421544,0.23142907023534035,0.21899999678134918,-0.301989456676715,-0.35100001096725464,1.2664934287903573,1.4664934287903573
8.66338038444519,0.9510363539400054,0.24110509381751238,-1.1883574865698001,-0.016799287497517988,0.09845831629605926,0.22689199247810185,0.2150000035762787,-0.30059647869011924,-0.3070000112056732,1.2754957176965438,1.4754957176965438
8.713459253311157,0.9543314818107406,0.23283759166038065,-1.2002520451655259,-0.015894239841779283,0.09964682872289399,0.23606439843083352,0.22599999606609344,-0.32311046037811236,-0.2630000114440918,1.2845638169792175,1.4845638169792175
8.765836954116821,0.9575247935751295,0.2245302332908276,-1.2113648013017273,-0.014983843537948476,0.10123996996242912,0.2365774102346513,0.22599999606609344,-0.3316298628804979,-0.2630000114440918,1.2936136874802966,1.4936136874802965
8.821116209030151,0.958579900927473,0.19588804269259394,-1.2432571123990983,-0.020734012063100108,0.10766743627278719,0.24152848253079487,0.23000000417232513,-0.27111112593661013,-0.3070000112056732,1.3223797460359614,1.5223797460359614
8.862363338470459,0.9607998787164733,0.18505106500514368,-1.2568037044533382,-0.02085126348086475,0.10848198066436177,0.24659511069083023,0.23399999737739563,-0.2714325042233834,-0.35100001096725464,1.333736072653844,1.533736072653844
8.91527247428894,0.9651023647471757,0.17147682457341254,-1.2764641194614255,-0.01928247736416675,0.10662921917769852,0.2490844559166287,0.2370000034570694,-0.2836408934775943,-0.3070000112056732,1.3482505705990835,1.5482505705990834
8.967592000961304,0.967889190048457,0.1621649436369865,-1.289342830375589,-0.01822492917725848,0.10555811147487693,0.25731255687157356,0.24500000476837158,-0.30015833475195736,-0.3070000112056732,1.3581322272879863,1.5581322272879863
9.012977361679077,0.9705760265732575,0.15276133542849127,-1.301677363935423,-0.017168337831401446,0.10484567267149614,0.2494749516002198,0.2370000034570694,-0.2982505033296811,-0.3070000112056732,1.368060995987992,1.5680609959879919
9.069718360900879,0.9731464695738334,0.1433252353245934,-1.3129106053118547,-0.016120034134511897,0.1050028121184561,0.26075637801950713,0.24899999797344208,-0.3240466167703,-0.2630000114440918,1.3779744232083062,1.5779744232083062
9.111558437347412,0.9780374254776854,0.12411857697974804,-1.3346808475369094,-0.013988538007579336,0.10566057223903669,0.25313929540526037,0.2409999966621399,-0.33651417286721935,-0.2630000114440918,1.3980141732427749,1.5980141732427748
9.16486668586731,0.9803043916445742,0.11458443094706705,-1.3454063129004505,-0.0129282328286916,0.10574521913753188,0.26785074183728963,0.25600001215934753,-0.36942247119556526,-0.2630000114440918,1.4079059453233234,1.6079059453233233
9.212708711624146,0.9854432750242914,0.10284143337574186,-1.3556989109844062,-0.009145630074270094,0.10879230300700904,0.2609301330730784,0.24899999797344208,-0.41182839758379386,-0.2630000114440918,1.4203007037925102,1.6203007037925101
9.263168096542358,0.995303898963293,0.08381055180648017,-1.3699617234125787,-0.0011485227694733684,0.11562325816145402,0.2650017536163684,0.25200000405311584,-0.5300617225062647,-0.3070000112056732,1.4402968086476708,1.6402968086476708
9.31386661529541,0.9983613047607035,0.06876468528011358,-1.3862267017271908,0.0007379216933758933,0.11514439016944134,0.26971135520126244,0.25600001215934753,-0.5598697574565343,-0.35100001096725464,1.455537562381724,1.655537562381724
9.367212057113647,0.9992752312917513,0.06386927613310342,-1.3925807824426528,0.0013226126632437435,0.11386389343260839,0.2648539362755079,0.25200000405311584,-0.5549750635921522,-0.3070000112056732,1.4604778883175489,1.6604778883175488
9.412012100219727,1.0026782763286148,0.04389766750168286,-1.4190664202900334,0.0036405775738620264,0.10781054296059533,0.27031264202697924,0.25600001215934753,-0.5775371264373297,-0.4390000104904175,1.4805540215419364,1.6805540215419363
9.462631940841675,1.0041930071122016,0.033689525586244246,-1.4352518456392416,0.004758602588533439,0.10193219023861522,0.2702915085963169,0.25600001215934753,-0.5772395772838959,-0.4390000104904175,1.4907699543542257,1.6907699543542256
9.512885332107544,1.0055700978292659,0.0232399885987305,-1.4531060238132931,0.005838752627110772,0.0945591814223581,0.27411477067579826,0.25999999046325684,-0.5820392901165604,-0.4819999933242798,1.501198865415009,1.701198865415009
9.563130140304565,1.0067501300599035,0.012826754242344814,-1.4732624808482149,0.006831849828679792,0.08478893137641097,0.27799340934369987,0.2639999985694885,-0.5798056723229775,-0.5260000228881836,1.5115658334741744,1.7115658334741743
9.612621545791626,1.0081316289644382,-0.003092774300537851,-1.5058659324944403,0.008136372274959553,0.06799888769719353,0.28878833221460376,0.2750000059604645,-0.5791107413311408,-0.5699999928474426,1.5273736771836444,1.7273736771836443
9.672604084014893,1.0089989646156978,-0.0192088003547651,-1.5389584364663753,0.009181852784760958,0.050887307523889584,0.28166604159322534,0.2680000066757202,-0.5369647077705307,-0.5699999928474426,1.5433408779837285,1.7433408779837285
9.713767766952515,1.00934406388132,-0.0355645528925803,-1.5731856631589263,0.009971198792940544,0.03291772904184209,0.28136798579615496,0.2680000066757202,-0.5051047787361418,-0.5699999928474426,1.5595256385250067,1.7595256385250067
9.763298511505127,1.0092550637998898,-0.04656401128412855,-1.5962061935177791,0.01033092002444879,0.020889567847879768,0.2958845428870086,0.28299999237060547,-0.5092290545130377,-0.5699999928474426,1.5704080891104897,1.7704080891104896
9.81167221069336,1.013200014128643,-0.05838159874131245,-1.6205481809985514,0.01488612826406765,0.00818351487072455,0.28627045476453516,0.2750000059604645,-0.5235958808041385,-0.4819999933242798,1.5818574106515189,1.7818574106515188
9.86643123626709,1.0173057475305,-0.07001258257589592,-1.6433592187608406,0.019723302221278487,-0.0032081010745115264,0.2964805488797235,0.28600001335144043,-0.580933688867614,-0.5260000228881836,1.593006092346127,1.7930060923461268
9.912486553192139,1.0178328515479094,-0.0816448625304893,-1.6626683900909898,0.021122831980173316,-0.010812329621568528,0.29622840384291194,0.28600001335144043,-0.5839270065999477,-0.5260000228881836,1.6043268543492921,1.804326854349292
9.9662344455719,1.0160900516299725,-0.09865523701480555,-1.6922650545285913,0.020912578899419117,-0.022872343308041557,0.30016807537924917,0.28999999165534973,-0.5662353829182265,-0.5699999928474426,1.6210561893876165,1.8210561893876165
10.017502069473267,1.0137822062874424,-0.11606224588578787,-1.724265165173583,0.020490037423094604,-0.03650766171710562,0.296007492949676,0.28600001335144043,-0.5277530306962344,-0.6140000224113464,1.6382303459088425,1.8382303459088425
10.056057214736938,1.0109225283307148,-0.1333060559804847,-1.756225227204953,0.0198248815021151,-0.049754440139945906,0.30431265184995765,0.2939999997615814,-0.510669027804577,-0.5260000228881836,1.655319983428642,1.855319983428642
10.107085466384888,1.0086935832016148,-0.14485273192389278,-1.777866577469984,0.019253553765710488,-0.05852234756298479,0.30453530000768064,0.2939999997615814,-0.4891448212894409,-0.5260000228881836,1.6668149991881953,1.8668149991881953
10.157414436340332,1.0062481936979268,-0.15619189056681615,-1.7989917561603672,0.018588016790900067,-0.0667006494332254,0.30854169956925265,0.2980000078678131,-0.47526662409518494,-0.5699999928474426,1.678150820019486,1.8781508200194859
10.210434436798096,1.0035045705613999,-0.16770941881836862,-1.8192822492365621,0.01781148902261001,-0.07348628482712671,0.319830028623045,0.3089999854564667,-0.4755469498334694,-0.5260000228881836,1.6897194478917537,1.8897194478917536
10.260639429092407,0.998891657292299,-0.18512830591805374,-1.8496372393424074,0.016490752789976484,-0.08266462265584362,0.31299798000429996,0.3019999861717224,-0.44298235245068274,-0.5260000228881836,1.7073267772333653,1.9073267772333653
10.306477069854736,0.9918545712043305,-0.20838556688976212,-1.8893960614343415,0.014480771072695898,-0.09247293182659644,0.31332057277020914,0.3019999861717224,-0.4232372039385738,-0.5260000228881836,1.7310782997804477,1.9310782997804476
10.35658311843872,0.9879515534825343,-0.22002864219977283,-1.908078891755801,0.01338385419262282,-0.09531595424694683,0.3197829498973852,0.3089999854564667,-0.4307498906424792,-0.5260000228881836,1.7430903512619886,1.9430903512619886
10.405949115753174,0.9837356000677806,-0.2318810290479095,-1.9255671155008376,0.012235183374366378,-0.09601923584064154,0.3152332278420239,0.3050000071525574,-0.43118550280607115,-0.4819999933242798,1.7554028314872299,1.9554028314872298
10.457904815673828,0.979385598563818,-0.2434500848496961,-1.9441674950034789,0.011094738550252935,-0.0975189250429014,0.3263693655154216,0.31700000166893005,-0.4538750479795719,-0.5260000228881836,1.7675107340131262,1.9675107340131262
10.51793909072876,0.961381404952345,-0.2606890500287259,-1.9766865449677458,-0.001193148796907746,-0.09800166055377212,0.3118998098191171,0.3240000009536743,-0.3298258225754178,-0.4390000104904175,1.7890440956728735,1.9890440956728734
10.554882764816284,0.961381404952345,-0.2606890500287259,-1.9766865449677458,-0.001193148796907746,-0.09800166055377212,0.3059861782533423,0.3199999928474426,-0.325753890599915,-0.39500001072883606,1.7890440956728735,1.9890440956728734
10.60586929321289,0.944641097057432,-0.29478033811396065,-2.026289019947115,-0.0056677555767539085,-0.08510239524982177,0.28966072520219555,0.3089999854564667,-0.403963297593196,-0.4390000104904175,1.8269825691110493,2.0269825691110492
10.656306505203247,0.9418256774800173,-0.3005278285469642,-2.034746862857382,-0.006175195875341033,-0.08203866621938127,0.2976337591668013,0.3199999928474426,-0.443847005494053,-0.39500001072883606,1.8334314393601798,2.03343143936018
10.705880165100098,0.9361328688615952,-0.3117682976719512,-2.0492428815695747,-0.007121609064486597,-0.0729156324330944,0.2950098264837121,0.31700000166893005,-0.5027526699370367,-0.35100001096725464,1.8461530932234318,2.046153093223432
10.757751941680908,0.9304359407070033,-0.3226467488022396,-2.0629604229157485,-0.00791738301448037,-0.06232727298047225,0.28034240402739885,0.3019999861717224,-0.5476917382910401,-0.35100001096725464,1.858590347030322,2.058590347030322
10.805707693099976,0.9189618056503324,-0.34352018592971095,-2.0916801652104393,-0.009051582136379074,-0.03981061872291747,0.2671637550880379,0.28999999165534973,-0.6727799669864977,-0.39500001072883606,1.8828203888387347,2.082820388838735
10.85604190826416,0.9108038948518159,-0.35948624177532035,-2.1189545568275956,-0.008519459126287963,-0.024528274920439855,0.2593886300072715,0.28299999237060547,-0.7819097874959592,-0.4819999933242798,1.9011171308243624,2.1011171308243624
10.905652046203613,0.9052494878302983,-0.3797378327044527,-2.1603340175164814,-0.0026823098404290487,-0.01378163273819677,0.2550920013912472,0.27900001406669617,-0.9531260144818338,-0.5260000228881836,1.9215811220004095,2.1215811220004097
10.956929206848145,0.9032502933771761,-0.38621629378914546,-2.175230489383859,-0.0007742569568318128,-0.010918689521912661,0.2506568462002969,0.2750000059604645,-0.9929266965359276,-0.6579999923706055,1.928117912575124,2.128117912575124
11.006033182144165,0.8970656034593217,-0.3950454158368215,-2.1999059717221714,-0.0007997953016620366,-0.004986274822517789,0.24666369415913958,0.2709999978542328,-1.0,-0.7020000219345093,1.9389221886732906,2.1389221886732908
11.057992935180664,0.890934317649332,-0.40334630615791445,-2.227430810159681,-0.0007663829978794364,-0.0016574257225987488,0.2350009253477102,0.25600001215934753,-1.0,-0.878000020980835,1.9492664213192716,2.149266421319272
11.107657194137573,0.8748311241581376,-0.42287656199266044,-2.311394205778936,-0.0006168758838264666,-0.003060918628764675,0.23275192705424402,0.24899999797344208,-1.0,-0.9649999737739563,1.9746422348263775,2.1746422348263774
11.155361652374268,0.8748311241581376,-0.42287656199266044,-2.311394205778936,-0.0006168758838264666,-0.003060918628764675,0.23258708978698345,0.24500000476837158,-1.0,-1.0089999437332153,1.9746422348263775,2.1746422348263774
11.206854581832886,0.8612960442331209,-0.4368520598846536,-2.3884415206600016,-0.0005611173392091041,-0.009631222730995592,0.2279081782239066,0.23399999737739563,-1.0,-1.0529999732971191,1.9941436461107782,2.194143646110778
11.256819009780884,0.8543599404093603,-0.44322522666710107,-2.4278945151166687,-0.0005761437275449337,-0.01272064383891447,0.22848988363511855,0.23399999737739563,-1.0,-1.0529999732971191,2.0035845960282637,2.203584596028264
11.30680227279663,0.8473008838150661,-0.44921756801910795,-2.4685468621290374,-0.0006141056015237999,-0.016199813718296152,0.22355241252406688,0.22599999606609344,-0.9742897250517165,-1.0529999732971191,2.0128666955136825,2.2128666955136826
11.358259439468384,0.8496285446458395,-0.4487583772753376,-2.5068764356822206,0.0005206621487651888,-0.06299301156303327,0.22689635039088166,0.22599999606609344,-0.8825186590137606,-1.0529999732971191,2.0107827391642275,2.2128666955136826
11.40634036064148,0.8475190383634742,-0.45092454386131114,-2.5859711225191044,0.000843659750897557,-0.12989056529813192,0.23499327962055414,0.22599999606609344,-0.7397351384490458,-0.9649999737739563,2.013780737665726,2.213780737665726
11.456483602523804,0.8361733217466423,-0.45766757122037455,-2.642383437561712,-0.00076348535276958,-0.13136481797707278,0.2300341797315697,0.21899999678134918,-0.7012633740159987,-0.9649999737739563,2.0268806048303922,2.2268806048303924
11.506095886230469,0.8244732383658547,-0.4637758185708685,-2.6955005416425553,-0.0023535382867902427,-0.12665073973672047,0.22990823673142555,0.21899999678134918,-0.6906942265314528,-0.878000020980835,2.040075463222391,2.240075463222391
11.557647466659546,0.8204677653136567,-0.4656914147605662,-2.711775869373218,-0.0028702784075374434,-0.1228699572599492,0.23292609295126998,0.22200000286102295,-0.6995640755985711,-0.8339999914169312,2.0445377409680163,2.2445377409680165
11.60658073425293,0.8122748248746621,-0.4693670985734521,-2.7436783888505225,-0.0038590231040954806,-0.11330789981732092,0.23952229638953867,0.23000000417232513,-0.7251956359970244,-0.8339999914169312,2.053603092841135,2.2536030928411352
11.657267093658447,0.8039892341904946,-0.47277670402331734,-2.774693741489539,-0.004751056651616818,-0.1019397598018581,0.23539641211023118,0.22599999606609344,-0.7139617903752615,-0.7020000219345093,2.062701564758676,2.262701564758676
11.706355810165405,0.7868253370161024,-0.4789418240510635,-2.8329009090555313,-0.006206264736946029,-0.07145941333016292,0.23283593930774507,0.22599999606609344,-0.7248372534861097,-0.7020000219345093,2.081373640517413,2.281373640517413
11.75642704963684,0.7780406689586152,-0.4816741413552713,-2.8611138065862782,-0.006720612253225407,-0.05429754816996769,0.23623434316473205,0.23399999737739563,-0.7571820966797002,-0.7020000219345093,2.0908521432151614,2.2908521432151616
11.805664300918579,0.7650782669727508,-0.4845917780359572,-2.903120674028549,-0.0077907123635935025,-0.030847261658229378,0.2327373502031528,0.23000000417232513,-0.7427734789316124,-0.7459999918937683,2.1045690919468445,2.3045690919468447
11.85981297492981,0.7537422878806804,-0.484202356449144,-2.9452359569519526,-0.010890120456359256,-0.019181017039890946,0.23796667925282364,0.2370000034570694,-0.7197327554364656,-0.7459999918937683,2.1159880221408827,2.315988022140883
11.908657789230347,0.7403779157306958,-0.4860097215219728,-2.9870321844134566,-0.011541057705699211,0.004355694165339763,0.23937169206075584,0.2409999966621399,-0.7260874181067833,-0.7020000219345093,2.1301933775798334,2.3301933775798336
11.965197563171387,0.7403779157306958,-0.4860097215219728,-2.9870321844134566,-0.011541057705699211,0.004355694165339763,0.23479150698366402,0.23399999737739563,-0.7049977439250255,-0.7020000219345093,2.1301933775798334,2.3301933775798336
12.006930351257324,0.7217677827669952,-0.4885124031656687,-3.03939527257167,-0.011027374909275276,0.038767080052536596,0.23948526300337195,0.23399999737739563,-0.7144093826768025,-0.7020000219345093,2.149949333342568,2.3499493333425683
12.058067321777344,0.7124510690816562,-0.4894100891092521,-3.064383494111534,-0.010529765782975943,0.054611959822547185,0.2302744417846337,0.23399999737739563,-0.7193808408273978,-0.6140000224113464,2.1597368139468873,2.3597368139468875
12.108072757720947,0.6984607962616051,-0.49030855257886863,-3.1033946422504095,-0.009538022083467632,0.07343864169675852,0.23660535910676006,0.22599999606609344,-0.6955539653624712,-0.7020000219345093,2.174303420546662,2.374303420546662
12.159373044967651,0.6854091984739079,-0.4906405512343481,-3.140589726034276,-0.008415863274909932,0.08640459145171799,0.24847790776868953,0.2370000034570694,-0.7245946023122231,-0.7459999918937683,2.187762932262305,2.387762932262305
12.206916093826294,0.6728456437178549,-0.49054698112309214,3.109624061062714,-0.007153060892106539,0.09833678079951591,0.2488497196025469,0.2370000034570694,-0.7236364414797695,-0.7459999918937683,2.200614161953733,2.400614161953733
12.25510048866272,0.6728456437178549,-0.49054698112309214,3.109624061062714,-0.007153060892106539,0.09833678079951591,0.24555192706917126,0.23399999737739563,-0.7144764680947646,-0.7020000219345093,2.200614161953733,2.400614161953733
12.307223558425903,0.6539536627479974,-0.4895582575499789,3.055449949372204,-0.005086628410940542,0.10585467902876466,0.24627346117482327,0.23399999737739563,-0.6967530019920888,-0.7020000219345093,2.219800535662693,2.4198005356626933
12.3564293384552,0.644495003109159,-0.48867546504857245,3.028429636110813,-0.004012591986006161,0.1072823282775639,0.24658949301981983,0.23399999737739563,-0.6854775867001415,-0.7020000219345093,2.2293663175827776,2.4293663175827778
12.405680656433105,0.6349243921325394,-0.4875228679424431,3.000726231007935,-0.0029124434922621527,0.10686286239427821,0.2503138062669006,0.2370000034570694,-0.6801268078469365,-0.7459999918937683,2.2390388248325652,2.4390388248325654
12.45980978012085,0.6214855114151421,-0.4801077496318951,2.9537456226816614,-0.006506340334778102,0.09966296897059745,0.2577099841536268,0.24500000476837158,-0.6076827766431435,-0.6579999923706055,2.254150643425967,2.454150643425967
12.508376121520996,0.6030238133603921,-0.4724737590930925,2.8958114766116565,-0.008102472168342721,0.09005378770501338,0.2538896726378153,0.2409999966621399,-0.5117616110070327,-0.7020000219345093,2.2744187771440454,2.4744187771440456
12.557764291763306,0.5933784065844316,-0.4699911117795174,2.8705150567789754,-0.007157160273518954,0.08681883826389303,0.2618271725662047,0.24899999797344208,-0.5111510763247342,-0.7020000219345093,2.284498017970502,2.4844980179705023
12.60558032989502,0.583664946503051,-0.4672246393138042,2.8465129594846754,-0.006238299732144226,0.08392425410430125,0.25802237243424914,0.24500000476837158,-0.4872155744203561,-0.6579999923706055,2.294698172377595,2.4946981723775954
12.655737400054932,0.5740948156238116,-0.46425644465205695,2.822738912902528,-0.005355327378701898,0.07990299786413546,0.2622043832554395,0.24899999797344208,-0.4774764582826391,-0.6140000224113464,2.3047945502929683,2.5047945502929685
12.70776653289795,0.5590620590520652,-0.4562216133318016,2.8007202100559274,-0.00665378734497556,0.08910368942502211,0.2736623565004927,0.25999999046325684,-0.4758230694870465,-0.5699999928474426,2.3219810076836827,2.521981007683683
12.759603500366211,0.5433762972159393,-0.44714488308751654,2.780324432265664,-0.008088691075642364,0.09891660161756376,0.2695759508918611,0.25600001215934753,-0.44725585893505904,-0.5260000228881836,2.3402697684468188,2.540269768446819
12.806717157363892,0.526641503964211,-0.43944091098443416,2.754699193930689,-0.007297743457208146,0.1012118420400001,0.2781134379576997,0.2639999985694885,-0.45107750025892696,-0.4390000104904175,2.358891292506682,2.558891292506682
12.857037544250488,0.5073314183625945,-0.4312918797394133,2.722294756967484,-0.00513687288049325,0.09729728635574908,0.28204207580934004,0.2680000066757202,-0.4491182085780639,-0.39500001072883606,2.3799171679031708,2.579917167903171
12.90657377243042,0.49757737502620325,-0.42689347085378754,2.704100130477256,-0.004071534283010891,0.09250489607113144,0.27786079564398636,0.2639999985694885,-0.43145175523850376,-0.4390000104904175,2.390624305036658,2.590624305036658
12.956305742263794,0.48749181109035533,-0.4221160152273338,2.685515679600741,-0.0030207947738709984,0.08714870913922736,0.2957036834940596,0.28299999237060547,-0.44928327305650617,-0.4819999933242798,2.401782026900089,2.6017820269000893
13.00802993774414,0.47751802834938406,-0.4167312441236655,2.666923795519557,-0.002402070917695071,0.08131276206268545,0.2951831641491211,0.28299999237060547,-0.4293031021318962,-0.4819999933242798,2.4131346016573008,2.613134601657301
13.05790400505066,0.47087248519414976,-0.4050285860737585,2.6500184280601187,-0.008759103055053601,0.07708349664968006,0.2868001132948928,0.28299999237060547,-0.31648747648986225,-0.4819999933242798,2.425064826068638,2.625064826068638
13.107019662857056,0.44972770188783273,-0.38335482741234533,2.608626367930884,-0.015199548865809834,0.06457902076487887,0.26217402499406045,0.28600001335144043,-0.164369122616094,-0.4390000104904175,2.454999580048307,2.6549995800483073
13.155019044876099,0.44972770188783273,-0.38335482741234533,2.608626367930884,-0.015199548865809834,0.06457902076487887,0.2711174071904443,0.2939999997615814,-0.16896685228668573,-0.4390000104904175,2.454999580048307,2.6549995800483073
13.207800388336182,0.42975169958419296,-0.37124670899764356,2.579176136363828,-0.01373136318119091,0.055300702204668095,0.2921987498514605,0.28600001335144043,-0.14002560746677345,-0.35100001096725464,2.4786049412199715,2.6786049412199717
13.256156921386719,0.42014340115579674,-0.36514886807183305,2.566579110162199,-0.013085447039399548,0.051776331803630615,0.2895791303292642,0.28600001335144043,-0.1308142932407683,-0.35100001096725464,2.490085455403047,2.690085455403047
13.306005954742432,0.4106097127596023,-0.35893495964669886,2.55581867353962,-0.01247671860853308,0.049649559483733174,0.2930450549207178,0.28299999237060547,-0.12418473111572542,-0.21899999678134918,2.5015597440075825,2.7015597440075827
13.358333826065063,0.4013959418609876,-0.3527809564531226,2.546351094107315,-0.011916424741576868,0.04817658018492876,0.2900529324417655,0.27900001406669617,-0.11901097313065613,-0.17499999701976776,2.5127235296995445,2.7127235296995447
13.408627033233643,0.39056823453970435,-0.33557304169017815,2.5361697138537096,-0.019063304503434193,0.05091870106582963,0.28617983698457683,0.27900001406669617,-0.015252343796352675,-0.17499999701976776,2.531958885527061,2.731958885527061
13.457273483276367,0.3773308049840704,-0.32537217648407885,2.5286113966463186,-0.018977920583795067,0.053892756511549685,0.29741967460923835,0.28999999165534973,-0.01607025871351155,-0.13099999725818634,2.5488709732922703,2.7488709732922705
13.507020950317383,0.36303758885915305,-0.31527501066518515,2.525408162516387,-0.017980504339256177,0.06092507333059061,0.29051659833293714,0.28299999237060547,-0.04055252915465273,-0.13099999725818634,2.566531775599819,2.766531775599819
13.557708024978638,0.3582389860826057,-0.3118768087000381,2.5245857650372563,-0.017612841778668252,0.06337611368862728,0.27574698321322055,0.2939999997615814,-0.05169196361584403,0.0,2.572457837861617,2.772457837861617
13.606044292449951,0.348764528055179,-0.3051493305630537,2.5253230370468884,-0.016845595684492367,0.07034364130596371,0.2875641854900337,0.2980000078678131,-0.07870718099487294,-0.0430000014603138,2.58415816391558,2.7841581639155804
13.658907413482666,0.3394290329700014,-0.29853705403405706,2.525450900608724,-0.01600791532233576,0.07631750102867985,0.2695100184343226,0.28600001335144043,-0.09928017380633983,0.0,2.5956637903349007,2.795663790334901
13.708125114440918,0.3198270159423174,-0.28073615270611096,2.5213231935930644,-0.017025408993986496,0.08473310811629675,0.2792486232134597,0.2939999997615814,-0.10003316778186526,0.0,2.6223320865794797,2.82233208657948
13.756003379821777,0.309480455845843,-0.2685769137205488,2.5170070504528943,-0.019526453867213803,0.08727003997609062,0.2778630155057999,0.27900001406669617,-0.06102441797352958,-0.08699999749660492,2.6382216002676286,2.838221600267629
13.807800769805908,0.2955921377720487,-0.2568505138784258,2.5139386232157395,-0.019264819438581087,0.09157773703741869,0.26699876515545323,0.2709999978542328,-0.06793977782178706,0.0,2.6565436643374047,2.856543664337405
13.857016563415527,0.2822508519815213,-0.24714179253593122,2.511759855011702,-0.01772796087783723,0.09559839115870039,0.27285856105721,0.2750000059604645,-0.09538311087621545,-0.0430000014603138,2.673083098668392,2.8730830986683924
13.90622878074646,0.26902454704384765,-0.2374790137983504,2.5089041111179102,-0.016135267473987535,0.09848906942104652,0.2790811378246162,0.28299999237060547,-0.12330396883163959,-0.0430000014603138,2.68948340366904,2.88948340366904
13.954327821731567,0.26902454704384765,-0.2374790137983504,2.5089041111179102,-0.016135267473987535,0.09848906942104652,0.2772212788349537,0.27900001406669617,-0.12156116595740284,-0.08699999749660492,2.68948340366904,2.88948340366904
14.014176845550537,0.25130951158333364,-0.22443382875311219,2.503958694344503,-0.013937629231085852,0.10066277226158071,0.2806899877312065,0.2750000059604645,-0.14915082674081742,-0.13099999725818634,2.7114791830623868,2.911479183062387
14.066102981567383,0.24247953852376866,-0.21787400307910915,2.5007088815623626,-0.01282825345518983,0.10072933135910844,0.27780022867262283,0.27900001406669617,-0.1636662747436568,-0.08699999749660492,2.7224709308486466,2.9224709308486467
14.105707168579102,0.22931298254764176,-0.2080294550415207,2.4945362240270237,-0.011155024253921779,0.09922918580478957,0.27670818668129915,0.2680000066757202,-0.1710253919013127,-0.13099999725818634,2.7388807935167883,2.9388807935167884
14.157334566116333,0.21634649345821022,-0.19818528067122354,2.487833573258398,-0.009544309318616006,0.09683214272395402,0.27338979799344815,0.2709999978542328,-0.18386337248640663,-0.08699999749660492,2.7551258828789904,2.9551258828789906
14.205564260482788,0.20894630062482408,-0.19641236168157256,2.478320332210463,-0.005787799822433734,0.0889900520111353,0.2801279441200379,0.2680000066757202,-0.2093988651383647,-0.13099999725818634,2.7617577579492494,2.9617577579492496
14.254720687866211,0.20894630062482408,-0.19641236168157256,2.478320332210463,-0.005787799822433734,0.0889900520111353,0.27749474818402553,0.2639999985694885,-0.20627350268640526,-0.17499999701976776,2.7617577579492494,2.9617577579492496
14.306635856628418,0.19638567437969146,-0.18948527364776185,2.462718375251993,-0.00223949855655142,0.07673214320639987,0.2814575806780229,0.2680000066757202,-0.22052197715769176,-0.13099999725818634,2.775669487942845,2.975669487942845
14.35584545135498,0.18796707927525735,-0.1826565123543319,2.4563231420253637,-0.001423582429060726,0.07279266805015627,0.2850730487527257,0.2709999978542328,-0.22064589330589157,-0.17499999701976776,2.786483349785098,2.986483349785098
14.405586004257202,0.1753426341997435,-0.17225124796000452,2.4468464952896958,-0.0002713408372309374,0.06678935592031987,0.2931898588054475,0.27900001406669617,-0.22236585085365698,-0.17499999701976776,2.8028040479582375,3.0028040479582376
14.457157135009766,0.1626418934652022,-0.16159359562826658,2.4358878848135754,0.000806074803057604,0.05907856577657799,0.2972851210835641,0.28299999237060547,-0.2148721130338726,-0.21899999678134918,2.81934974421772,3.0193497442177204
14.507357358932495,0.14988276987791138,-0.150633936297892,2.423526469687984,0.0017582515054305218,0.04973938090771445,0.2966660245211871,0.28299999237060547,-0.19788123143688777,-0.21899999678134918,2.8361388332921904,3.0361388332921906
14.555755615234375,0.1412692298761011,-0.14307497263178914,2.415370185651035,0.002313702285579432,0.04349201013597303,0.30260053884457033,0.28999999165534973,-0.18995083182015882,-0.21899999678134918,2.8475814592265216,3.047581459226522
14.605599164962769,0.13255963862418232,-0.13529268034654318,2.4074659316202895,0.002797183599013907,0.037409300506503484,0.2991515190085638,0.28600001335144043,-0.17411737728443072,-0.17499999701976776,2.8592467421104475,3.0592467421104477
14.655884027481079,0.1239087162978962,-0.1274451972537376,2.3988303561925477,0.003213574877445703,0.030474252451988537,0.2870822618206941,0.28999999165534973,-0.15975252238550822,-0.21899999678134918,2.870914171866085,3.070914171866085
14.70608901977539,0.11508741096614951,-0.11930984736788112,2.3904253730203395,0.003562627991238005,0.023692526475533437,0.3020123438379477,0.2939999997615814,-0.14434366474359267,-0.17499999701976776,2.8829035725188943,3.0829035725188945
14.756701469421387,0.1021201786246035,-0.10711607264085439,2.3786873192260205,0.003941822117151033,0.014135118787456769,0.28164284026464154,0.3050000071525574,-0.12212102809359558,-0.21899999678134918,2.9006912847984556,3.100691284798456
14.805600881576538,0.08493927928845488,-0.09050230981673524,2.364067117227592,0.004174090767057758,0.0020285188668265337,0.2736276487369223,0.2980000078678131,-0.08120378385665292,-0.21899999678134918,2.924579770919706,3.124579770919706
14.855592012405396,0.07662633210765446,-0.08229761268439302,2.3573951010706087,0.004188673164874859,-0.003583566648086123,0.27145962266150714,0.2939999997615814,-0.06120260628734898,-0.17499999701976776,2.936255320008918,3.1362553200089183
14.90662145614624,0.06841038138555258,-0.0740804168201152,2.3517583429708107,0.00413780074316381,-0.008274457780523381,0.2618538052144477,0.28299999237060547,-0.042415158961665526,-0.13099999725818634,2.947871259815455,3.1478712598154552
14.956924200057983,0.060406282130935136,-0.06599099488693136,2.347862963030012,0.0040385707784858955,-0.011346360280108048,0.26101229800488673,0.28299999237060547,-0.029872760874755138,-0.13099999725818634,2.959247458274583,3.1592474582745833
15.005597352981567,0.05248975459704612,-0.05792759292604119,2.344621631129564,0.0039047983143967787,-0.013869871377504062,0.2761142282919058,0.2680000066757202,-0.017439217659376855,-0.0430000014603138,2.970543808490187,3.170543808490187
15.056344270706177,0.04495920326671921,-0.050214021427009536,2.3419045900987294,0.003753896892896691,-0.015994472183879168,0.28330657528329245,0.2709999978542328,-0.007621245806680136,0.0,2.9813204817869017,3.181320481786902
15.106353282928467,0.026505257453874494,-0.031139931641758226,2.3375825519800815,0.0032856814637063276,-0.019235827820645923,0.27563655084480915,0.2639999985694885,0.01262591627730799,0.0,3.0078524796615,3.2078524796615002
15.156673669815063,0.019124709725576193,-0.023475909916309268,2.3379261859039184,0.003080180834602366,-0.018608832115251776,0.2753224916580544,0.2639999985694885,0.015823060639840233,0.0,3.0184895966409755,3.2184895966409757
15.206047534942627,0.011698139880610636,-0.01577291548062317,2.339197491512571,0.002882217603272865,-0.0171384869723612,0.2746912855829635,0.2639999985694885,0.016715693391714744,0.0,3.029187173356893,3.2291871733568933
15.255932569503784,0.004251201107126656,-0.008061787913890818,2.340231678538886,0.0026945743551413243,-0.015991240713395083,0.2814888291856966,0.2680000066757202,0.018618232228478724,0.0430000014603138,3.039905213600389,3.239905213600389
15.305903673171997,-0.0034941417438426837,6.217845711119566e-05,2.3410641960416325,0.002426762492585327,-0.015132677878995526,0.2883505699876148,0.2750000059604645,0.02281522088648222,0.0430000014603138,3.051126438976538,3.251126438976538
15.359405755996704,-0.014343238286557064,0.013710924018781965,2.3392830464332373,0.00044613793944251254,-0.017058988188711766,0.2539700080657972,0.2750000059604645,0.05907150627865152,-0.0430000014603138,3.068447356982112,3.268447356982112
15.405982255935669,-0.037032402073752156,0.03997066176196323,2.3411422327992453,-0.00209786975000634,-0.016166622288650512,0.25432375598901646,0.2709999978542328,0.09774952750664379,0.0,3.1030586328228296,3.3030586328228297
15.456108093261719,-0.0446542801662377,0.04781862507582814,2.342223959891126,-0.0022725480575002664,-0.015579531994675211,0.2597032889171984,0.27900001406669617,0.10393806848409815,0.0,3.1139962964032306,3.313996296403231
15.505651235580444,-0.05205969807862548,0.05543072554569388,2.343106717270618,-0.00243871727604151,-0.015264267382546048,0.26220734677047725,0.25999999046325684,0.10049834058436032,0.0430000014603138,3.1246136525913766,3.3246136525913768
15.557210922241211,-0.059319939371247826,0.06287712811907757,2.3445461972409194,-0.0025962426602320764,-0.014465072758948148,0.2600859834476437,0.25999999046325684,0.10275292314028475,0.0430000014603138,3.135010846978319,3.335010846978319
15.606437683105469,-0.06670280101409298,0.07042742068577733,2.3464465526826523,-0.002748188299189466,-0.013301104522429164,0.22731630888075255,0.25200000405311584,0.10085792062057662,-0.0430000014603138,3.145567781753585,3.3455677817535854
15.6570885181427,-0.07386945231599892,0.07774155534765678,2.3479436427282008,-0.002892867575618489,-0.012601213425750935,0.24819857507979823,0.25200000405311584,0.10317115734400686,0.0430000014603138,3.1558045029102035,3.3558045029102037
15.705588340759277,-0.08821145622587771,0.09227712937682256,2.352422631958787,-0.0031367894419230867,-0.00996230398474385,0.2589801758593605,0.24899999797344208,0.1029743158685242,0.08699999749660492,3.176217416622322,3.376217416622322
15.755714654922485,-0.09874323449977558,0.10284534894715275,2.357313513585641,-0.0032663086777036236,-0.006629036665103616,0.2649037333458512,0.25200000405311584,0.10094668225789993,0.13099999725818634,3.1911318784749305,3.3911318784749307
15.806074142456055,-0.10932655231200947,0.11336195578245953,2.3641314010192747,-0.0033475087970152866,-0.0015541074024056911,0.25781807621289665,0.24500000476837158,0.09021778496571446,0.13099999725818634,3.20604586712054,3.40604586712054
15.856841802597046,-0.11291854563105139,0.11689737818749293,2.3668028240235444,-0.0033569221145535334,0.0004865426621081248,0.2650155314176734,0.25200000405311584,0.08902189426898899,0.13099999725818634,3.2110837929540814,3.4110837929540816
15.905791282653809,-0.127721835863255,0.13128029878534023,2.3784019246212584,-0.003296965390297361,0.009272883213270244,0.27826934911309825,0.2639999985694885,0.07479953044752108,0.17499999701976776,3.231714168032147,3.4317141680321472
15.954927682876587,-0.127721835863255,0.13128029878534023,2.3784019246212584,-0.003296965390297361,0.009272883213270244,0.2731268388797152,0.25999999046325684,0.07366620192572694,0.13099999725818634,3.231714168032147,3.4317141680321472
16.0066499710083,-0.14291808198196426,0.14571613003830897,2.3875805135102035,-0.003063597766874544,0.01521020601821288,0.2811876587087574,0.2680000066757202,0.06288894852115677,0.13099999725818634,3.2526625175310167,3.452662517531017
16.0560462474823,-0.15062509325299991,0.15293522317636765,2.3930763393277292,-0.0028986873008980197,0.018920312526832905,0.2597553631141554,0.2639999985694885,0.053079764905845185,0.08699999749660492,3.263215974746691,3.4632159747466913
16.10558271408081,-0.16241113575758534,0.1638444625311553,2.400600032063555,-0.0025901029887014817,0.023527996188008604,0.27337677510260716,0.25999999046325684,0.04110566404682942,0.13099999725818634,3.27926494902959,3.47926494902959
16.1568500995636,-0.17433775371316187,0.17471896984843424,2.407077555175541,-0.0022082386476089586,0.026820958893178926,0.27250328787508643,0.2709999978542328,0.034034997242033155,0.08699999749660492,3.295392796996973,3.495392796996973
16.20668339729309,-0.18622858750859567,0.18542443086850977,2.410992757490778,-0.0017816815617372936,0.027320339078075406,0.2675690268366496,0.2680000066757202,0.03205073144956441,0.0430000014603138,3.311380285323849,3.5113802853238494
16.25678849220276,-0.18622858750859567,0.18542443086850977,2.410992757490778,-0.0017816815617372936,0.027320339078075406,0.2730986313718268,0.2709999978542328,0.03240950723023039,0.08699999749660492,3.311380285323849,3.5113802853238494
16.305907487869263,-0.20230166455852752,0.19976410478338336,2.4171905040378983,-0.0012004982092180035,0.02849212231364806,0.2582798951380367,0.2709999978542328,0.02923869049068506,0.0,3.332904946752574,3.5329049467525744
16.35670828819275,-0.21037475952293572,0.20690786352218402,2.4206468943477626,-0.0009078593577443077,0.02923980030999429,0.2682414527388363,0.2680000066757202,0.027105424578056814,0.0430000014603138,3.343678156012674,3.543678156012674
16.40575623512268,-0.22240268727407664,0.2174590739741955,2.425649385620978,-0.00046010393497873854,0.0299770481197088,0.2705376847448677,0.2639999985694885,0.025160145526826102,0.08699999749660492,3.3596689643008,3.5596689643008004
16.458208560943604,-0.23442494575647632,0.2278951559111423,2.4296868018703344,-1.946943104549625e-06,0.0294629081245712,0.2704947827615669,0.2639999985694885,0.02712932199113331,0.08699999749660492,3.375579767471244,3.575579767471244
16.507341623306274,-0.2435764306786551,0.22835365327604934,2.433558748291505,0.005832409347958874,0.03121108344283874,0.2605972893136539,0.2709999978542328,-0.052871670389404005,0.0,3.3826530064368265,3.5826530064368267
16.556463479995728,-0.2493924396883963,0.22760470806295519,2.43582089255572,0.010302072435024543,0.03230409497172593,0.2720933500182857,0.2709999978542328,-0.11477195079868395,0.0,3.3864583638537833,3.5864583638537835
16.605993032455444,-0.25741456141399144,0.2344411638832145,2.436868567226901,0.010625003183621175,0.030001888664457965,0.2503565622409852,0.2680000066757202,-0.10675691488942549,-0.0430000014603138,3.397028473789097,3.597028473789097
16.65599298477173,-0.26545616074856004,0.24128558617554427,2.437317046079135,0.010918917985917867,0.02694189947646874,0.2691214877079341,0.25999999046325684,-0.09445601152536469,0.0430000014603138,3.4076221748704656,3.6076221748704658
16.70591378211975,-0.2775153346568759,0.2515251525036992,2.4360698654371755,0.011306380547535943,0.020140532181829762,0.24602936800934727,0.25600001215934753,-0.07277239707349381,0.0,3.4234991864931583,3.6234991864931585
16.7574303150177,-0.2895011408292258,0.26175828987571015,2.43348445647941,0.011559495794836283,0.011647321449755664,0.2439133945869516,0.2639999985694885,-0.04738052923924528,0.0,3.439324700975253,3.639324700975253
16.806348085403442,-0.3013858681381769,0.27198641647186955,2.4274830566902694,0.011654053906582872,-0.0006277776780656552,0.2392968340829951,0.2639999985694885,-0.0070137491095300505,-0.08699999749660492,3.4550772156453475,3.6550772156453477
16.855650663375854,-0.30917853061765543,0.2787522660667302,2.4233177008366726,0.011616241204245906,-0.009145221376556822,0.2271245168830162,0.25200000405311584,0.021415661199202816,-0.13099999725818634,3.4654477980291665,3.6654477980291666
16.90626335144043,-0.31665432982413005,0.28530333033015215,2.4195958751524653,0.011490921053740734,-0.01723784105128079,0.22014277282076514,0.24500000476837158,0.048251550553728734,-0.13099999725818634,3.4754375292835533,3.6754375292835535
16.956772327423096,-0.3276041234885865,0.29499073967846917,2.4165681120559768,0.011156283759339466,-0.027023002932210712,0.2152667603248074,0.2370000034570694,0.08300256627167242,-0.0430000014603138,3.4901302157955576,3.6901302157955578
17.00597643852234,-0.33809206888640037,0.30429465585464477,2.416920917602655,0.010721101835765546,-0.03353968715899303,0.21686717972646669,0.2409999966621399,0.11494596319911375,-0.08699999749660492,3.5042185969053463,3.7042185969053465
17.056144952774048,-0.3414762710706683,0.30729090997994946,2.41656020672949,0.010564357676821654,-0.03620049753604171,0.20912373747704435,0.22599999606609344,0.11861791302032504,0.0,3.5087603547437176,3.708760354743718
17.10624122619629,-0.35468749668696686,0.3189799248413984,2.419154927536623,0.0098563528919698,-0.0429946499836733,0.20394053485378544,0.2150000035762787,0.1470215944628875,0.0430000014603138,3.526482032990947,3.726482032990947
17.156923055648804,-0.3610215007416201,0.3245579109116098,2.4216335229754953,0.009477274193541108,-0.04525617675484117,0.1941878734406959,0.2070000022649765,0.15604545654242127,0.0430000014603138,3.5349593290804338,3.734959329080434
17.206242084503174,-0.36726863051271474,0.330022661321987,2.427095082786464,0.009092382846948197,-0.04461538049339131,0.2034119824967289,0.20000000298023224,0.15919213518147424,0.13099999725818634,3.5432951753118167,3.743295175311817
17.255671977996826,-0.37347007638407226,0.33538757747680487,2.4342152775288697,0.008717208072637535,-0.042426990844198986,0.21159101413405526,0.2029999941587448,0.16708022066478775,0.17499999701976776,3.5515305182853214,3.7515305182853216
17.305953979492188,-0.3826637890517785,0.3431925512358177,2.4474488664536485,0.008202588656941248,-0.03676101573083823,0.21178120423892494,0.20000000298023224,0.1678296758828131,0.21899999678134918,3.56364349322234,3.7636434932223404
17.357582092285156,-0.39196386096762015,0.3508705112736256,2.4599025660806544,0.007759990945197239,-0.03226749237189663,0.20319212963740843,0.19599999487400055,0.16988513551116294,0.17499999701976776,3.5757588778567277,3.775758877856728
17.408202648162842,-0.40129203385514095,0.3583875027161577,2.470392913532682,0.007364775422537378,-0.030102249671292377,0.2101953429709004,0.20000000298023224,0.18371748748677666,0.21899999678134918,3.587795306635104,3.787795306635104
17.455721139907837,-0.40765941274071554,0.3634264157049603,2.4779868485764402,0.007110814970131926,-0.028395362900352158,0.2020499925781459,0.2029999941587448,0.19343723972071167,0.17499999701976776,3.5959539451606974,3.7959539451606976
17.505960941314697,-0.41412571978602786,0.36846894254045953,2.4842416364526954,0.006863500375803343,-0.02830461076373192,0.1989949951841638,0.2029999941587448,0.20408182711170503,0.17499999701976776,3.604193302764516,3.8041933027645163
17.55654811859131,-0.420623452270264,0.37347089403978107,2.490493086786786,0.006616057953516591,-0.028437890144131117,0.1957641378313912,0.2029999941587448,0.21561187004447668,0.17499999701976776,3.6124326113678875,3.8124326113678877
17.617007970809937,-0.43036491052199727,0.3808486210348578,2.500286381029572,0.006243909917727166,-0.028596381352984146,0.18104725539790373,0.20000000298023224,0.2301366565244833,0.13099999725818634,3.6247109084838267,3.824710908483827
17.657254934310913,-0.44003661325525073,0.3880192536779892,2.511274734817355,0.005877999729092376,-0.027956691913201936,0.19950378088654336,0.2070000022649765,0.2556809485944387,0.21899999678134918,3.636808023396327,3.836808023396327
17.70616126060486,-0.4496703727287061,0.3950049159985035,2.5227801457207417,0.005516586028716245,-0.02724682137651424,0.20348610952691495,0.19599999487400055,0.2593961576367532,0.2630000114440918,3.6487640363097165,3.8487640363097166
17.75563883781433,-0.45599920726198273,0.3994953042006515,2.5300109431272797,0.00529020893021747,-0.02737900150919037,0.18184333455384039,0.19200000166893005,0.26682053684666013,0.21899999678134918,3.656560534445212,3.856560534445212
17.806257247924805,-0.46899326437940103,0.39898805856957026,2.5377417770517914,0.01282486350163373,-0.03018164586024774,0.18819801947145076,0.19200000166893005,0.21529843373534457,0.21899999678134918,3.6672550836403786,3.8672550836403787
17.856117010116577,-0.48281025682573087,0.3978402763364386,2.5464172902131277,0.021224237707880907,-0.033152998383825245,0.20741620927923793,0.19599999487400055,0.15945196704566705,0.2630000114440918,3.6784846714444783,3.8784846714444785
17.9062716960907,-0.4941875431477787,0.4029996306610036,2.558492091188874,0.02283617538009449,-0.035003904773300835,0.20599965510976864,0.19599999487400055,0.1681971529393476,0.2630000114440918,3.6911797625291207,3.891179762529121
17.95621085166931,-0.5038943131429829,0.4093507436780715,2.5691964485094814,0.022393677006461325,-0.038155211511372134,0.17987854519441682,0.19599999487400055,0.2005501037426879,0.17499999701976776,3.7030846229840724,3.9030846229840725
18.007826805114746,-0.5138698309097774,0.4157283700916883,2.58029531916195,0.02189626513405343,-0.04206854471505972,0.1845292312884557,0.20000000298023224,0.24206013368602033,0.21899999678134918,3.7152466587884745,3.9152466587884747
18.057594299316406,-0.5205800757926844,0.4199353562033154,2.588414853767353,0.02153192706730183,-0.04451329860535536,0.17624471949748305,0.19599999487400055,0.2627826671579365,0.17499999701976776,3.7233876699937856,3.9233876699937857
18.10629177093506,-0.5273088842535044,0.4240745596024936,2.5964972853564454,0.021150751619022478,-0.04741180046627358,0.17634851042698924,0.19200000166893005,0.2843259052606307,0.21899999678134918,3.7315128384706706,3.931512838470671
18.155869960784912,-0.5339512538251378,0.42808655508298177,2.6053061744276125,0.020753158147390583,-0.04985229492149568,0.17553673754028562,0.19200000166893005,0.3110143339257909,0.21899999678134918,3.739498330728395,3.9394983307283953
18.206763982772827,-0.5406321298999096,0.4320341522287811,2.614352010931002,0.020341526809625678,-0.05252170239575671,0.1745967585406174,0.19200000166893005,0.3391415026309908,0.21899999678134918,3.7474881860406284,3.9474881860406286
18.266297578811646,-0.5500458563145478,0.43744886577851555,2.6272824216769917,0.01973580765511829,-0.056849781935452974,0.16628622322080822,0.1809999942779541,0.3594572862258818,0.2630000114440918,3.7586770486627676,3.958677048662768
18.306112051010132,-0.5624286295710207,0.4443165088754177,2.650549526516622,0.018875356537271334,-0.05767419973787913,0.1586952808948203,0.17299999296665192,0.3873789683058723,0.2630000114440918,3.773275989150355,3.973275989150355
18.355608701705933,-0.5684703810863474,0.447523129425966,2.6625162193458545,0.018460406353978758,-0.05805020226997293,0.16489158245886193,0.17299999296665192,0.4092793964460857,0.35100001096725464,3.7803337262616337,3.980333726261634
18.41154718399048,-0.574425408109184,0.4505934281913516,2.6745206004139734,0.01805033139081018,-0.05859667050314198,0.15935842056895555,0.16599999368190765,0.41407888369984863,0.35100001096725464,3.7872502717092855,3.9872502717092857
18.464336156845093,-0.5803456397166775,0.45355565086664473,2.6882912229750735,0.017641072122620668,-0.057716636480483974,0.15542321945853318,0.16899999976158142,0.4410235532447779,0.3070000112056732,3.7940876225715154,3.9940876225715156
18.520973205566406,-0.5863086961038182,0.4564307678506116,2.7023823289138504,0.01724187946537341,-0.057012405846982084,0.15971305817995024,0.16899999976158142,0.4610369489914526,0.39500001072883606,3.8009290863295155,4.000929086329515
18.565014600753784,-0.5921834703809892,0.459165126487881,2.7176115398941607,0.016852149440144917,-0.05538679259184942,0.1561773396140271,0.15800000727176666,0.4480957080718516,0.4390000104904175,3.807629246333032,4.007629246333032
18.615967512130737,-0.6009996577453033,0.4630639854123991,2.7433146851143486,0.016290448460495155,-0.05090949403993016,0.14928881097727992,0.15399999916553497,0.4584609683721576,0.39500001072883606,3.817604532355647,4.017604532355647
18.661585092544556,-0.6124908237417388,0.4677222549433938,2.778475018901997,0.01564408600752741,-0.04487857063644407,0.15255490348869666,0.15399999916553497,0.4856290284163127,0.4819999933242798,3.830452629477471,4.0304526294774705
18.71614933013916,-0.6181282202400984,0.46983399721069885,2.795858940916689,0.015357636598344663,-0.04243007987608971,0.14290130144754953,0.1469999998807907,0.47658988593252494,0.39500001072883606,3.8366972600998523,4.036697260099852
18.770753622055054,-0.6237442005615361,0.4718294508699632,2.814704382484958,0.015085281882031771,-0.038902674607317334,0.14704871176932668,0.1469999998807907,0.48766201710109086,0.4819999933242798,3.842884206417961,4.042884206417961
18.812206029891968,-0.6294727172659628,0.4737437611683882,2.8335588705716592,0.014828537789120785,-0.03614628544773257,0.1418318026343389,0.14300000667572021,0.4861281175775473,0.4390000104904175,3.849159480604903,4.049159480604903
18.86321210861206,-0.6348554639123651,0.4754273793786715,2.8519050140091107,0.014608688492679815,-0.033360472715134204,0.14136118396525707,0.13899999856948853,0.48251415180567514,0.4819999933242798,3.8550241801405813,4.055024180140581
18.913034915924072,-0.6483440954436868,0.47917139626108113,2.899406279929874,0.014124072502898224,-0.02682498221214269,0.13983907512256313,0.14300000667572021,0.5204928497774919,0.4390000104904175,3.8696038086732516,4.069603808673252
18.967244148254395,-0.6535348037666849,0.4804250944020746,2.917777276935424,0.013964677803902821,-0.024993494845761077,0.1445783779104345,0.14300000667572021,0.5297158811258287,0.5260000228881836,3.8751736879967718,4.075173687996772
19.016600608825684,-0.6589618358692934,0.48163346480146635,2.937084412433613,0.013802872377952982,-0.02347063305758823,0.13583267565217205,0.13500000536441803,0.5091164121588692,0.4390000104904175,3.8809782314133434,4.080978231413344
19.06615686416626,-0.6642548830488654,0.48270227266013926,2.9566569885211655,0.0136566617124338,-0.02172975348939854,0.13944537870250776,0.13500000536441803,0.5169112287815031,0.5260000228881836,3.886621029106377,4.086621029106377
19.113011360168457,-0.6698827174079305,0.483724468518952,2.9762142443541424,0.013507020550167816,-0.021671514898834676,0.138978002869121,0.13500000536441803,0.526849910785732,0.5260000228881836,3.892603903196472,4.092603903196472
19.165483236312866,-0.6751540081069487,0.48457786311952894,2.9958479834224256,0.013367450450861436,-0.020820630090890635,0.13528614925805565,0.13199999928474426,0.5224962901992756,0.4819999933242798,3.8981944567388234,4.098194456738823
19.21762180328369,-0.6893896672315192,0.4846237492778935,3.044318786537579,0.014727410704311179,-0.025151753983703617,0.13881625600049544,0.13500000536441803,0.5499333436293932,0.5260000228881836,3.913109246761804,4.113109246761804
19.27462124824524,-0.698293947465053,0.47619210422784053,3.06278460944956,0.02363889565008193,-0.040764316059100913,0.14368459179154758,0.13500000536441803,0.5269635940500236,0.5260000228881836,3.922189734450774,4.122189734450774
19.320324897766113,-0.7061158167659999,0.4701168285528837,3.0815131737630135,0.02988094084774573,-0.05558709826505792,0.14310589460615314,0.13199999928474426,0.5024335105308364,0.4819999933242798,3.9307789213088826,4.130778921308883
19.366819143295288,-0.7115275497728004,0.47041534426965004,3.102461508851523,0.0295399605079719,-0.05943091786789025,0.1400405878414324,0.12800000607967377,0.49679363565043644,0.5260000228881836,3.9369247126094855,4.136924712609486
19.41208505630493,-0.717084353747955,0.47060118437482484,3.1232564359978725,0.029169231865348463,-0.06474173518518292,0.14544414573965106,0.13500000536441803,0.5350206455833187,0.5260000228881836,3.9432387558525144,4.143238755852514
19.467828035354614,-0.7225638341570599,0.47067087623710274,-3.139634654416032,0.02877355264527861,-0.07084462861750529,0.1486620522878741,0.13899999856948853,0.5620792437124259,0.5699999928474426,3.949469193140668,4.149469193140668
19.514962434768677,-0.7362991856737141,0.4703724317794505,-3.0892210963275057,0.027605234156751087,-0.08911429118243142,0.14378706025927543,0.13500000536441803,0.572315117204414,0.5260000228881836,3.9650969512295395,4.16509695122954
19.56658673286438,-0.7419295674599654,0.4700446611707606,-3.067964851515381,0.027054359520261227,-0.09691367720488442,0.15182137903372528,0.1469999998807907,0.6332809755945397,0.5699999928474426,3.971503842948128,4.171503842948128
19.612770795822144,-0.7474922408528533,0.46960584079606543,-3.0470663414772905,0.026461962359197237,-0.1051759325622208,0.14157492284368411,0.13199999928474426,0.5773078949330313,0.5699999928474426,3.9778326085190923,4.177832608519092
19.666279554367065,-0.7530242530615732,0.46904948733678503,-3.0255820298550287,0.025828807294146747,-0.113035723343903,0.1462760352709237,0.13899999856948853,0.6155106526606191,0.5699999928474426,3.984123885410327,4.184123885410327
19.716827392578125,-0.7643483112204353,0.46760882543656096,-2.982273443787875,0.024316664553823787,-0.13049350025691986,0.15077922761267973,0.1469999998807907,0.6669607914126074,0.5699999928474426,3.996964029732423,4.196964029732423
19.76318907737732,-0.7643483112204353,0.46760882543656096,-2.982273443787875,0.024316664553823787,-0.13049350025691986,0.15077922761267973,0.1469999998807907,0.6669607914126074,0.5699999928474426,3.996964029732423,4.196964029732423
19.81331443786621,-0.7795013460619056,0.4695593396202411,-2.941156647994512,0.017607786548850837,-0.16235876993591614,0.13469433477167275,0.13500000536441803,0.6657399465888765,0.5260000228881836,4.012222389261496,4.2122223892614965
19.863301277160645,-0.7883134163625682,0.4678823327639332,-2.906273908518123,0.015846148213454352,-0.17319312385832622,0.1503942105041018,0.1469999998807907,0.7312736543487194,0.6579999923706055,4.021783308807083,4.221783308807083
19.91382360458374,-0.7967864918160209,0.465740535140685,-2.8699705113006733,0.014255942977049157,-0.18079742873965143,0.14578724461327924,0.1469999998807907,0.7317625308528042,0.5699999928474426,4.031038069015807,4.231038069015807
19.968903064727783,-0.7996186952398698,0.46495176810217576,-2.857661249607211,0.013706131439057863,-0.18308006695244883,0.15101652199982502,0.1509999930858612,0.7513557575582431,0.6140000224113464,4.034133217770871,4.2341332177708715
20.015188455581665,-0.8106137634925257,0.46151747561657575,-2.8085378414343927,0.01150378370061544,-0.18980650382451802,0.15562354722879918,0.1509999930858612,0.7471931182983141,0.7020000219345093,4.04614600552346,4.24614600552346
20.064659357070923,-0.816006565044234,0.4596109989598555,-2.7823344111444195,0.010386578349888567,-0.1905465377555582,0.15539805666096326,0.1469999998807907,0.7220215793550394,0.7459999918937683,4.052048809116151,4.252048809116151
20.111706018447876,-0.8215718373130791,0.45747845974242773,-2.7545984320709858,0.009216122685734504,-0.19027443768260535,0.15768885073011737,0.1509999930858612,0.7346303704833916,0.7020000219345093,4.0581621647157045,4.258162164715705
20.162721633911133,-0.8271489126812669,0.45515977700324173,-2.72578739700434,0.008034344672552818,-0.18867411838677883,0.15865137827775164,0.1509999930858612,0.72579946645993,0.7900000214576721,4.064320141285612,4.264320141285612
20.224618911743164,-0.8375161101838254,0.4509806750141343,-2.681935997188554,0.0053175337904188165,-0.1928012874805054,0.16036406229691177,0.15399999916553497,0.7374378739712677,0.7459999918937683,4.075486781423338,4.275486781423338
20.266282320022583,-0.84736650649729,0.44643984706110923,-2.6366711086972856,0.0027092207554126426,-0.19177897201412186,0.16484603418456598,0.15800000727176666,0.7475492245888123,0.7900000214576721,4.086191489816226,4.286191489816226
20.317564964294434,-0.855592674704074,0.4417296106243388,-2.5916205629764226,0.0008682157627294329,-0.1839632826839566,0.16628260465374106,0.15800000727176666,0.7279905495173031,0.7900000214576721,4.095559617115448,4.295559617115448
20.362196922302246,-0.8608867950267167,0.43842687024137156,-2.561374789178586,-0.0002981937278969111,-0.17732958051204936,0.16198658534751215,0.15399999916553497,0.6951860604756577,0.7459999918937683,4.10169715149163,4.30169715149163
20.413763999938965,-0.8662123901993004,0.4348778975616765,-2.531020792708357,-0.0014536906662371927,-0.17047888243205425,0.16268008104964468,0.15399999916553497,0.6805442784479574,0.7459999918937683,4.107971383643409,4.307971383643409
20.465291261672974,-0.871426360690197,0.4311668254072735,-2.5006824800493037,-0.002561260068823889,-0.16293045189941546,0.16920402238019022,0.16200000047683716,0.6996166493523596,0.7459999918937683,4.114229077429357,4.314229077429357
20.51372241973877,-0.8765912268512883,0.42725375017474126,-2.4707694591918954,-0.003636578233464096,-0.15538573186302207,0.16998591646633818,0.16200000047683716,0.6834295109024694,0.7459999918937683,4.120549934578793,4.320549934578793
20.56922149658203,-0.884096443129481,0.4211098303880606,-2.425854708672498,-0.005147900719676843,-0.14267099174954412,0.17232579571940582,0.16200000047683716,0.6572943583136368,0.7459999918937683,4.129989927995925,4.329989927995925
20.611242055892944,-0.900217531114697,0.42159894955685734,-2.3841015492453117,-0.017828522478959285,-0.13224347222867028,0.1733763409909317,0.16200000047683716,0.7015019389407156,0.7459999918937683,4.139600293105628,4.339600293105629
20.66190457344055,-0.9090930547038871,0.4229732805633027,-2.3663576284189416,-0.02561916649162199,-0.1276884930792419,0.18027696792115563,0.16899999976158142,0.7621357779816333,0.7459999918937683,4.143783091169431,4.343783091169431
20.71241807937622,-0.9137436178810615,0.4183469094803361,-2.3378028074022055,-0.026465916219226955,-0.11765704980832936,0.1772757058168209,0.16599999368190765,0.7303696677715321,0.7020000219345093,4.149805741724378,4.349805741724378
20.765718460083008,-0.9183178736142581,0.41353404641527647,-2.310000220616653,-0.02725943200579341,-0.10807998195563151,0.17823206319437201,0.16599999368190765,0.7126707507436042,0.7020000219345093,4.15590852692068,4.35590852692068
20.814874172210693,-0.9228906763991624,0.4084475541742391,-2.2821689429996836,-0.028012415363523196,-0.09848977155616545,0.18001984126826232,0.16899999976158142,0.7073236447962075,0.6579999923706055,4.162202802452815,4.362202802452815
20.864575386047363,-0.9273201882685329,0.40323574722090655,-2.254365531609964,-0.028698350687945212,-0.08839700943563499,0.19314540876306238,0.1809999942779541,0.7371389253569843,0.7020000219345093,4.168506064572448,4.368506064572448
20.91539454460144,-0.9339570180319701,0.3948435698354605,-2.2120855050208394,-0.02963243402497793,-0.07282181021676415,0.19638780691284535,0.1850000023841858,0.7208391448646067,0.6579999923706055,4.178386169542336,4.3783861695423365
20.963406324386597,-0.9393693946266104,0.3861711259787402,-2.1615301722045266,-0.02965093152347041,-0.04676155400912352,0.20189439626451997,0.18799999356269836,0.6769539999694233,0.7900000214576721,4.1878829989593775,4.387882998959378
21.015116214752197,-0.9410752489328156,0.3824830105460813,-2.1383334397677762,-0.029220872601348386,-0.03297438523691021,0.19899881889349358,0.1850000023841858,0.6357664571050365,0.7459999918937683,4.191646820456018,4.391646820456018
21.064149618148804,-0.9450729727662184,0.3761138851137558,-2.109806562362658,-0.029480607746936054,-0.021537340017982576,0.20953662034471404,0.19599999487400055,0.6463370136097308,0.7020000219345093,4.198660633054089,4.39866063305409
21.113110065460205,-0.9527462272979617,0.36262573789945685,-2.052388300032924,-0.02974077666175872,0.0022145438308291965,0.21399595763456758,0.20000000298023224,0.6006693784674707,0.7459999918937683,4.213180382550165,4.413180382550165
21.163801670074463,-0.9527462272979617,0.36262573789945685,-2.052388300032924,-0.02974077666175872,0.0022145438308291965,0.20978691546355718,0.19599999487400055,0.5886559667313093,0.7020000219345093,4.213180382550165,4.413180382550165
21.210925102233887,-0.9614292826692787,0.3448132724052659,-1.9831616985328908,-0.02954390690692643,0.03135766345187574,0.2101496121624253,0.19599999487400055,0.5145419885809127,0.7020000219345093,4.231808548850002,4.431808548850002
21.27106285095215,-0.9650557340395324,0.3376469623723258,-1.9572013279399725,-0.0298046958720162,0.04193649428131496,0.22499021750463172,0.210999995470047,0.5273131647475482,0.7020000219345093,4.239379678390435,4.439379678390435
21.313435316085815,-0.9716599632438225,0.334283282682017,-1.941143311961922,-0.034446404318491844,0.047252506952126794,0.21662925132632121,0.2029999941587448,0.5289806774247301,0.6140000224113464,4.244812724029909,4.44481272402991
21.357455015182495,-0.9776517895936903,0.33015871910841044,-1.9258023510187465,-0.03828522312247134,0.0514471841643962,0.22728886558866573,0.2150000035762787,0.5778114161370689,0.5699999928474426,4.250586317311498,4.450586317311498
21.405884981155396,-0.9835837231295671,0.3144094612933793,-1.8847312080601863,-0.03775403109434506,0.06345578238547489,0.2283922093581393,0.2150000035762787,0.5360821461739566,0.5699999928474426,4.266302897371678,4.466302897371678
21.45536971092224,-0.9835837231295671,0.3144094612933793,-1.8847312080601863,-0.03775403109434506,0.06345578238547489,0.2257295904336914,0.2150000035762787,0.5360821461739566,0.4819999933242798,4.266302897371678,4.466302897371678
21.506481409072876,-0.9899628990055823,0.2933361204752225,-1.834611787948976,-0.0363141301221745,0.07798146329513099,0.23245468489235796,0.21899999678134918,0.4879804488563464,0.5260000228881836,4.286956028816435,4.486956028816435
21.556358575820923,-0.992254192766068,0.28467417786215254,-1.8145962853204833,-0.035631388756018983,0.08421303784863764,0.24240836132877874,0.23000000417232513,0.4864724187131875,0.4819999933242798,4.295394127039047,4.495394127039047
21.606353044509888,-0.9946388877478399,0.2765251709902079,-1.7938678945479924,-0.03531795280556722,0.09219274253074694,0.23284191296537218,0.21899999678134918,0.4385664562407009,0.5260000228881836,4.303426940177273,4.503426940177273
21.657455682754517,-0.9975611480074613,0.269655864253608,-1.772083142964073,-0.03600688897092411,0.1030842724722585,0.24361337403642613,0.23000000417232513,0.4386905791030838,0.5699999928474426,4.310471668082084,4.510471668082084
21.706200122833252,-1.0017922544355238,0.2530068323964981,-1.7299788965902976,-0.03526378511228222,0.1209213758873886,0.24877358376044664,0.2370000034570694,0.3943778539097056,0.4819999933242798,4.326769324327315,4.526769324327315
21.75701880455017,-1.003248017182769,0.24361916200115571,-1.709674764742209,-0.034128412926820555,0.12836198659415365,0.25330486606333813,0.2409999966621399,0.36715652319399295,0.5260000228881836,4.335754941467144,4.535754941467144
21.805691957473755,-1.0045445721740525,0.23404665016353818,-1.6904696211038872,-0.03291245281161144,0.13481300444343772,0.2466934021200804,0.23399999737739563,0.3250226732775549,0.5260000228881836,4.344910508596529,4.544910508596529
21.855544090270996,-1.0061847388724179,0.21927788762885808,-1.6628864275771995,-0.030922640111999546,0.14335818101461006,0.2565383042863197,0.24899999797344208,0.2965310418106272,0.35100001096725464,4.359028779109446,4.559028779109446
21.90660285949707,-1.007428738859944,0.20447036447090688,-1.6394373996506084,-0.028813847998905157,0.1484209591311445,0.2561637595777665,0.24899999797344208,0.2545377686071659,0.35100001096725464,4.373188968558778,4.573188968558778
21.957839012145996,-1.0072257619318996,0.19944247671920615,-1.6340820833174217,-0.02754735729627032,0.14781295397097116,0.25602180793198936,0.24899999797344208,0.2398645398461095,0.35100001096725464,4.377890917848743,4.577890917848743
22.005905389785767,-1.002275084276749,0.1790120530016696,-1.6249197967834856,-0.018643540783534057,0.13412804392012334,0.25611880274807985,0.24500000476837158,0.16131651557061213,0.39500001072883606,4.396406207073543,4.596406207073543
22.05575704574585,-1.002798354450236,0.16894565983115103,-1.6131958752616158,-0.017332339319917907,0.1341534055970217,0.2563241363981205,0.25200000405311584,0.1468905963534493,0.3070000112056732,4.40619011498997,4.60619011498997
22.105735540390015,-1.0032013114398046,0.1589337959103779,-1.6040885612400289,-0.016027462833959148,0.13183581479306253,0.24915617432060613,0.24899999797344208,0.13241751381649494,0.17499999701976776,4.41593423891188,4.61593423891188
22.156479835510254,-1.0036611029077485,0.14364073806490313,-1.5944754302332622,-0.014097232656625616,0.1243642846661086,0.2567975290086874,0.25600001215934753,0.12740611981628208,0.17499999701976776,4.430854725517851,4.630854725517851
22.20582890510559,-1.003993491120818,0.12820434138508488,-1.5888018896702707,-0.012278719411904268,0.11317925447447319,0.24975353982490384,0.25600001215934753,0.13009349510896273,0.08699999749660492,4.445965029444616,4.645965029444616
22.25670289993286,-1.0040856688600999,0.12308517395280077,-1.586093085554804,-0.011714518942182919,0.11037252381676099,0.25977355223796506,0.25600001215934753,0.1293225271143942,0.17499999701976776,4.450987699836552,4.650987699836552
22.305812120437622,-1.0076511804121295,0.10227975482877966,-1.5675173524960937,-0.012881778370510405,0.1065208615353439,0.2531829539628722,0.24899999797344208,0.14642830272001045,0.17499999701976776,4.4717888020591,4.6717888020591
22.35679340362549,-1.0107135739042776,0.0916013482158223,-1.5560174493504075,-0.01488973450376241,0.10663983407185817,0.2547738971300176,0.25200000405311584,0.17116680997062184,0.21899999678134918,4.482556754387617,4.682556754387617
22.406245708465576,-1.0107620448155437,0.08130601994644895,-1.5485129664933819,-0.014047834417648359,0.10358392998594002,0.25151494939284164,0.24899999797344208,0.166086693788045,0.17499999701976776,4.4926649533055825,4.692664953305583
22.45577573776245,-1.0103691440905507,0.06609117068892037,-1.5392353176916307,-0.012537595242336096,0.09743665847168391,0.2404906970438598,0.25600001215934753,0.16754539070702748,0.08699999749660492,4.507604838435128,4.707604838435128
22.50580668449402,-1.0098317361834566,0.05058050943249274,-1.5308030992689114,-0.011100827824794376,0.09028784582078297,0.25697750252866547,0.25600001215934753,0.1684428421877402,0.17499999701976776,4.522874164475659,4.722874164475659
22.557426929473877,-1.0096270100836677,0.04546461073945405,-1.5276178512020306,-0.010652207301916093,0.0883608556784774,0.24999869622377466,0.25999999046325684,0.17074111726154798,0.13099999725818634,4.5279188602058325,4.727918860205833
22.606234788894653,-1.0086528612933023,0.02508806785543114,-1.5160260462731672,-0.0089650099158398,0.07966898293265667,0.24282890346625383,0.25200000405311584,0.16871425669597706,0.13099999725818634,4.5480501469288,4.7480501469288
22.65587329864502,-1.0080955973701033,0.01508358473672411,-1.5107286788895051,-0.00820845431502424,0.07503547677012956,0.24037255471927702,0.25200000405311584,0.17256007379957866,0.13099999725818634,4.557956316452321,4.757956316452321
22.70597195625305,-1.0074853416072564,0.005222474769617076,-1.5048831254189265,-0.007498877677757722,0.0710971315883493,0.2357558031678734,0.24500000476837158,0.1706588078165814,0.13099999725818634,4.5677339770040195,4.76773397700402
22.756078004837036,-1.0059746933648919,-0.021084848727954145,-1.50078371383134,-0.006195727684890406,0.04903865500420879,0.22500267665283652,0.24899999797344208,0.21865584444342273,0.08699999749660492,4.593873942800997,4.793873942800997
22.80627465248108,-1.0046491859815205,-0.04268137722540066,-1.4957354319969058,-0.005557037216181586,0.03245069811297063,0.24088004150986841,0.2370000034570694,0.24659225782460095,0.21899999678134918,4.61537495208064,4.81537495208064
22.859368085861206,-1.0042937441805326,-0.047408030768546085,-1.492289486614665,-0.005414554588565878,0.031126825754686838,0.22865210567992522,0.2409999966621399,0.2539922192259941,0.17499999701976776,4.620086763984982,4.820086763984982
22.906009435653687,-1.0027255429342665,-0.06610219990549632,-1.4777796719391416,-0.004911429605339537,0.02661738773790545,0.21067460715857364,0.23000000417232513,0.25448691945954094,0.13099999725818634,4.6387418248912935,4.838741824891294
22.95621395111084,-1.0018587296369064,-0.07518089601112966,-1.4684751527580657,-0.004691461747920564,0.02657349055111924,0.2187317334270055,0.22599999606609344,0.25177873297905934,0.17499999701976776,4.647814398406826,4.847814398406826
23.006893157958984,-1.0009224353379758,-0.08411193131014333,-1.4601243734763718,-0.0044752942950859066,0.025645684978911953,0.22801729094921985,0.21899999678134918,0.24788422323904552,0.2630000114440918,4.656749276364606,4.8567492763646065
23.05614948272705,-0.9999320260951545,-0.09281573390956827,-1.4512449292151055,-0.0042675677669810515,0.025387681411075835,0.21285750422290786,0.21899999678134918,0.25064176579248876,0.17499999701976776,4.6654668757279545,4.865466875727955
23.10622525215149,-0.9983255834009255,-0.10559503793880089,-1.4350467818564172,-0.0039571264164347565,0.027986776316803796,0.2126965740630438,0.2070000022649765,0.2351652611152514,0.21899999678134918,4.678287144778085,4.878287144778085
23.15690779685974,-0.9965222405198736,-0.11828745612529763,-1.419516775033978,-0.0036173048266360465,0.029752127960036345,0.2211892826095142,0.210999995470047,0.24010501331232473,0.2630000114440918,4.6910505075006395,4.89105050750064
23.20759868621826,-0.9945622142551421,-0.13071371764601608,-1.403877540630978,-0.003264339868812123,0.03163577275610807,0.21322652329677078,0.2070000022649765,0.23621584866272122,0.21899999678134918,4.703578226083178,4.903578226083178
23.256398916244507,-0.9931243545170114,-0.13911148199671608,-1.393214060613246,-0.003012478383490146,0.03282488026589814,0.21892181598866506,0.2150000035762787,0.2463532526300529,0.21899999678134918,4.712064812331659,4.912064812331659
23.30643916130066,-0.9915938421732148,-0.14749283450952566,-1.3830761809144356,-0.002747818449514118,0.03335085566808349,0.2208291285658573,0.210999995470047,0.24444086912143634,0.2630000114440918,4.720553002209263,4.920553002209263
23.355809926986694,-0.9899816416773057,-0.15585887623196548,-1.3724084143294089,-0.0024825943458289673,0.0342527385101028,0.21794834670166133,0.2150000035762787,0.25142826440570676,0.21899999678134918,4.729043340546988,4.929043340546988
23.40628743171692,-0.9874087582670343,-0.16833625815667902,-1.355696773465797,-0.002077549578686548,0.03605969229163564,0.22038063087819768,0.210999995470047,0.2500428579154486,0.2630000114440918,4.741742899953848,4.941742899953848
23.458391666412354,-0.9846023678698762,-0.18084519712783723,-1.3391169886181846,-0.0016419108138069503,0.03723219492777874,0.22635171416581573,0.2150000035762787,0.26041364678518747,0.3070000112056732,4.754526870057147,4.954526870057147
23.506574153900146,-0.9815715747681139,-0.19338396049724185,-1.32298180635567,-0.0011933793018687325,0.037403531887047814,0.22522849826758742,0.2150000035762787,0.2694223917032513,0.3070000112056732,4.767396467384036,4.967396467384036
23.555776357650757,-0.9794089155023089,-0.20185215024944828,-1.3119492574267733,-0.0008953976368476291,0.03733666432787497,0.22889627675952806,0.22200000286102295,0.28579534235287885,0.3070000112056732,4.776119857299666,4.9761198572996665
23.60571813583374,-0.9771444191622761,-0.21031436199378317,-1.3014957799907998,-0.0005950236033646217,0.036409614924660216,0.2175032754595972,0.21899999678134918,0.292002132759597,0.2630000114440918,4.784866251923526,4.984866251923526
23.655800580978394,-0.9747543199241457,-0.21888739294584192,-1.291660655140273,-0.0003004601983442902,0.03440867544336412,0.2135343621336538,0.21899999678134918,0.3054262605894626,0.2630000114440918,4.793756105118675,4.993756105118675
23.707317352294922,-0.9771748467014229,-0.22049279634707047,-1.2744012489022947,-0.0030384724442780162,0.05036352629228014,0.20889846673980927,0.22200000286102295,0.3048900776206785,0.21899999678134918,4.79472324742521,4.994723247425211
23.75799822807312,-0.9760164553086875,-0.22805657603144985,-1.2581085044743183,-0.0037964602242489447,0.05630521612593143,0.22381654163379044,0.22200000286102295,0.3109488279179922,0.3070000112056732,4.8023021535747,5.0023021535747
23.807833433151245,-0.9719549503766666,-0.24044785542353198,-1.2431533978964768,-0.003127849567678477,0.05302945992433949,0.22410977600926066,0.21899999678134918,0.32715664758207336,0.35100001096725464,4.815261896187313,5.015261896187313
23.855860233306885,-0.9691459675180926,-0.24863960036447186,-1.231976414635248,-0.0026994010919034043,0.051686400591613335,0.21510224764572433,0.22200000286102295,0.344788833947976,0.3070000112056732,4.823874977552444,5.0238749775524445
23.906162977218628,-0.9662897734412179,-0.25666653261479827,-1.2208865465817935,-0.0022870067195452926,0.05011939981701597,0.1956459991685986,0.210999995470047,0.34146639024122494,0.2630000114440918,4.832353452547623,5.032353452547623
23.956624507904053,-0.961720847298779,-0.2689651457059631,-1.203565961182785,-0.0016853136197888896,0.047225717192862726,0.19948399971903105,0.2150000035762787,0.3726508568603,0.3070000112056732,4.845419580239365,5.045419580239365
24.00591731071472,-0.957027099891832,-0.28095927253270314,-1.1864286246479763,-0.0011353680199065604,0.04359990222603605,0.20084704989949714,0.210999995470047,0.3937137657426451,0.35100001096725464,4.858258708802094,5.058258708802094
24.05793046951294,-0.9554447299734425,-0.2848713647407177,-1.180306744505807,-0.0009662121787454179,0.042701502813788705,0.19539005958130193,0.2029999941587448,0.3875795704479693,0.35100001096725464,4.862468025798831,5.0624680257988315
24.106171369552612,-0.9491813611586191,-0.2997244150472683,-1.1562162307703536,-0.00036204239969358154,0.038929482537036986,0.17896231888667827,0.20000000298023224,0.41809146358972316,0.3070000112056732,4.87855840113332,5.0785584011333205
24.156680822372437,-0.9459364464722047,-0.3070367382124607,-1.142987190764303,-8.375861922685123e-05,0.037664806239630755,0.19170561669747957,0.20000000298023224,0.43627940019026035,0.39500001072883606,4.886550428095433,5.086550428095433
24.20621657371521,-0.9426562138042325,-0.31415747746782213,-1.1291609734385506,0.00018468022343206853,0.03682611111606571,0.17104624945110808,0.19200000166893005,0.43594809636331633,0.3070000112056732,4.894386610982551,5.094386610982551
24.25579047203064,-0.9394122495971718,-0.32094171962139895,-1.1144663188324275,0.00044023816206306416,0.03699512687708251,0.1725998670653865,0.18799999356269836,0.4417856212735499,0.35100001096725464,4.901906801756984,5.101906801756984
24.307159185409546,-0.934352306825889,-0.33104524083822906,-1.0901726886052872,0.00082094236203741,0.03857366577112642,0.17092208361300104,0.1770000010728836,0.4358133801804011,0.39500001072883606,4.91321473890803,5.11321473890803
24.35830545425415,-0.9293268141300219,-0.3404913756614235,-1.0652465163492006,0.001202666696378023,0.040927679261006045,0.17793549026788416,0.1770000010728836,0.45400527086395454,0.4819999933242798,4.923930772527323,5.1239307725273235
24.406851768493652,-0.9242948229942011,-0.34940945824306574,-1.0376333959175161,0.0015902092201495605,0.045886474975675766,0.1665567129533747,0.16599999368190765,0.4382418314445412,0.4390000104904175,4.934195114264698,5.134195114264698
24.456251621246338,-0.9207515482897195,-0.3553534258595008,-1.0183629380981505,0.0018832627255245353,0.04923533901157251,0.16974938027178452,0.17299999296665192,0.4655998389268908,0.4390000104904175,4.941136589700441,5.141136589700441
24.50577402114868,-0.9172801635967178,-0.3609195864342826,-1.0004100372875897,0.0021894013426256706,0.05160190552628085,0.16046287974394285,0.16200000047683716,0.44512632951972175,0.39500001072883606,4.947721186646598,5.147721186646598
24.558290481567383,-0.9202342339342863,-0.3597540669842557,-0.9823863995007616,0.00019456466668343306,0.07554802678199413,0.169725108627532,0.16599999368190765,0.42902642121341333,0.4390000104904175,4.945243164643172,5.147721186646598
24.60614585876465,-0.9236894311609088,-0.35787719913085936,-0.9648026537825657,-0.0019082253346298752,0.10094952329284379,0.17327568040099056,0.16200000047683716,0.3901453304056146,0.4819999933242798,4.941927275409026,5.147721186646598
24.657344818115234,-0.9195119365532446,-0.36438164536924594,-0.9368736760193512,-0.0014696316494177957,0.11056722883752546,0.17445654002913724,0.16200000047683716,0.3805915059879483,0.4819999933242798,4.949614360522957,5.149614360522957
24.706028699874878,-0.9114659617164731,-0.3750211600120352,-0.9003731237490578,-3.50554316206634e-05,0.1139547849862308,0.17663230564793064,0.16599999368190765,0.40498726360486637,0.4390000104904175,4.962850986250719,5.162850986250719
24.75644826889038,-0.9073176394949334,-0.38020577421444796,-0.8828139984711408,0.00069208060601583,0.1141839609323111,0.17626739697280086,0.16599999368190765,0.41473138326268666,0.4390000104904175,4.969458147959269,5.169458147959269
24.806697845458984,-0.9030413397242415,-0.38536355769571157,-0.8654052967913003,0.0014239088693879288,0.11351149688513727,0.17057476626967877,0.16200000047683716,0.4156954829086686,0.39500001072883606,4.9761372817451175,5.176137281745118
24.857895374298096,-0.8986383480496348,-0.3904929465401667,-0.8479136422144345,0.0021530442259579106,0.11210681804671552,0.17903594702171266,0.16899999976158142,0.44623966711237995,0.4819999933242798,4.982891735313412,5.1828917353134125
24.90648651123047,-0.8896030118252786,-0.4004687606551231,-0.8124498521023815,0.0035716914973202276,0.10790120365908473,0.17393933229794048,0.16899999976158142,0.47276608996542435,0.39500001072883606,4.996390875471168,5.1963908754711685
24.955156564712524,-0.8896030118252786,-0.4004687606551231,-0.8124498521023815,0.0035716914973202276,0.10790120365908473,0.17814820944067739,0.16899999976158142,0.47276608996542435,0.4819999933242798,4.996390875471168,5.1963908754711685
25.005877017974854,-0.8778138106792983,-0.4124918586439692,-0.7689425477674985,0.005230030165158298,0.09761690220720232,0.17133696125002892,0.16899999976158142,0.5118068875364196,0.39500001072883606,5.013387067096375,5.213387067096376
25.056237936019897,-0.8728771870322943,-0.41722623785480584,-0.7511998566885154,0.005848268212639694,0.09209641776751021,0.17518264457669808,0.16899999976158142,0.528771452215255,0.4819999933242798,5.020328085278807,5.220328085278807
25.10589337348938,-0.8678578963327823,-0.42187286976721833,-0.7332567247489614,0.006425198023785099,0.08592302735214441,0.1738344957773441,0.16899999976158142,0.5460072197266213,0.4819999933242798,5.027291843242222,5.227291843242222
25.156859159469604,-0.862634671213188,-0.42653303387728475,-0.7156556722537689,0.006970462934500057,0.07793518955566127,0.1718748091815252,0.17299999296665192,0.578827998471004,0.4390000104904175,5.034442130964411,5.234442130964411
25.213005304336548,-0.8521149647841653,-0.4354329132431833,-0.6794737441978497,0.007867795513750196,0.06101375824669275,0.1642317896195995,0.16599999368190765,0.5917078954992896,0.4390000104904175,5.048588256427675,5.248588256427675
25.27199912071228,-0.8521149647841653,-0.4354329132431833,-0.6794737441978497,0.007867795513750196,0.06101375824669275,0.17216200235436493,0.17299999296665192,0.6166594316614503,0.5260000228881836,5.048588256427675,5.248588256427675
25.311976432800293,-0.8302073765006365,-0.44582185247062567,-0.6232569979661349,0.01383804484449398,0.017157781884850065,0.1682900070502968,0.17299999296665192,0.6590313964276233,0.5260000228881836,5.073191903720845,5.2731919037208455
25.365458250045776,-0.8199117718139939,-0.4496548112043976,-0.5980258451224031,0.01665801512432582,-0.006950271345475101,0.1672271754684212,0.17299999296665192,0.6764648896524645,0.5260000228881836,5.084562630607341,5.284562630607341
25.41135287284851,-0.8142212445919232,-0.45348566013637287,-0.5762623688770789,0.016535201307242838,-0.01825465581957053,0.17019226556891187,0.16599999368190765,0.6635505400547514,0.6140000224113464,5.091970326327312,5.291970326327312
25.469061613082886,-0.8085321716972048,-0.45713671988623694,-0.5535003962440558,0.016338311542763138,-0.02872666919003708,0.16687103452986246,0.16899999976158142,0.6873044153197818,0.5699999928474426,5.099273933588501,5.299273933588501
25.519392490386963,-0.7970599456105313,-0.46394200142856845,-0.5050930179035537,0.015751222122892882,-0.04738777071894307,0.17125817055580608,0.16200000047683716,0.6735791305000852,0.6579999923706055,5.11367876966708,5.31367876966708
25.562381982803345,-0.7912981689469447,-0.4670779593570313,-0.4790020978394509,0.015374611386872166,-0.054777899642080574,0.17634566126339313,0.16899999976158142,0.7053278344352475,0.6579999923706055,5.120748691792251,5.320748691792251
25.615838050842285,-0.7824199538889838,-0.47154668694825386,-0.4392274918753566,0.014703473876542583,-0.06598930804712605,0.17305007054045438,0.16200000047683716,0.6780389273416554,0.7459999918937683,5.131433647534038,5.3314336475340385
25.664980173110962,-0.7763384999620276,-0.47435812356806994,-0.41193095249254613,0.014188083523406307,-0.07307752012108165,0.17836846729654432,0.16899999976158142,0.7067423523766148,0.7459999918937683,5.138609771670462,5.338609771670463
25.712040901184082,-0.7701083736989445,-0.47703238625689626,-0.38342538585787106,0.01361968552846118,-0.07918006484237489,0.17138776592379373,0.16200000047683716,0.6745743555760387,0.6579999923706055,5.145847032247072,5.345847032247073
25.767953395843506,-0.7636723067416731,-0.47957422834817,-0.3554985730696769,0.013001450433315518,-0.08630675023108786,0.17707821005099056,0.16899999976158142,0.7014512823954464,0.7459999918937683,5.153205058896844,5.353205058896844
25.82064700126648,-0.7321435432012343,-0.47744396879962925,-0.29003840838527906,0.021125730818135235,-0.17374503560238916,0.18335609736462885,0.17299999296665192,0.7122942186415211,0.7020000219345093,5.186382710398554,5.386382710398554
25.867193937301636,-0.7078558619293317,-0.47289094019008426,-0.2541237381522018,0.027107781234814596,-0.2507555234842746,0.19138273157898691,0.1809999942779541,0.7507761190843514,0.7020000219345093,5.213090852664172,5.413090852664173
25.914510250091553,-0.6980252944573443,-0.47347657431684737,-0.2248151954858269,0.026341949966367368,-0.26444782059692973,0.18891860172807384,0.1770000010728836,0.732941862196494,0.7459999918937683,5.224059133610016,5.424059133610016
25.9675772190094,-0.6876404004750514,-0.47569529130979227,-0.18215648636733572,0.02349520471128505,-0.2638094984731684,0.18917390931231878,0.1770000010728836,0.7249185865651732,0.7459999918937683,5.235338293511835,5.435338293511835
26.025208473205566,-0.6767730589124891,-0.4775322421539472,-0.13817197820498217,0.02055891984152166,-0.260418424312666,0.1893199419249707,0.1770000010728836,0.7139836877713308,0.7459999918937683,5.246857151655719,5.44685715165572
26.065513372421265,-0.6731303955446472,-0.47803903835363837,-0.12374315433722566,0.019588709449974786,-0.25888218180877653,0.1993921782753939,0.18799999356269836,0.7541977323269738,0.7900000214576721,5.250661343486496,5.450661343486496
26.118324041366577,-0.6583098646669342,-0.47955673673030136,-0.06469679253504484,0.015726584917493035,-0.24904579863647422,0.2000170333695898,0.18799999356269836,0.7327333268404909,0.7900000214576721,5.265924273731252,5.465924273731252
26.164634466171265,-0.6507226311465003,-0.47999427810519796,-0.035785333498857735,0.013818936189136375,-0.24347346196560146,0.2031834367946369,0.19200000166893005,0.7370755014650942,0.7459999918937683,5.273625968995238,5.473625968995238
26.214705228805542,-0.6431858795234598,-0.48020884646094136,-0.006571738529400882,0.011973424234901109,-0.23633052763213605,0.2036659669154255,0.19200000166893005,0.7235059024930186,0.7459999918937683,5.281221352887626,5.481221352887626
26.263615369796753,-0.6355060446132559,-0.48020202847448507,0.022570700796871547,0.010150281288392987,-0.2286136858058113,0.20635707098211892,0.19599999487400055,0.7240946444275639,0.7020000219345093,5.288914628413714,5.488914628413714
26.317294597625732,-0.6229837026740603,-0.4796144676168324,0.06761294354295236,0.007402033961640321,-0.216546240759431,0.20877293445548267,0.19599999487400055,0.7011288528714259,0.7900000214576721,5.30144074125251,5.501440741252511
26.367135524749756,-0.5922775979260099,-0.47484914971908515,0.14180117537345868,0.002220840222963271,-0.21467100761166685,0.21902067766481398,0.2070000022649765,0.7288931034238861,0.7459999918937683,5.332440070668256,5.532440070668256
26.411377668380737,-0.5833500242112435,-0.47342623734024664,0.17150674948258302,0.00035626814655085205,-0.20344962025493116,0.21951705253696466,0.2070000022649765,0.7102874093367211,0.7459999918937683,5.34130986723408,5.54130986723408
26.464938163757324,-0.5753593096132699,-0.4719843263666335,0.1985380082289118,-0.0012918759579441782,-0.19222938389388902,0.21581341850997293,0.2029999941587448,0.6784128205485104,0.7020000219345093,5.349253594174221,5.549253594174221
26.51946449279785,-0.5670185303889977,-0.4702469900100046,0.22702234211609193,-0.002929311759547203,-0.17958515801320832,0.22391047696627034,0.210999995470047,0.6834260964761606,0.7020000219345093,5.357581315201117,5.5575813152011175
26.56548523902893,-0.5586534214126868,-0.4682515179686196,0.2566150497590293,-0.0044701397760515725,-0.1652783399658091,0.23905649219782166,0.22599999606609344,0.7047217397932489,0.7020000219345093,5.365985605557623,5.565985605557623
26.61285948753357,-0.5501398348947031,-0.4659478138940477,0.2851331052483521,-0.005920346702612272,-0.15172742245531526,0.23952282502651925,0.22599999606609344,0.6784757832931393,0.7020000219345093,5.374607732020737,5.574607732020737
26.66616463661194,-0.5376046896408467,-0.4620771855817056,0.3280976015756476,-0.007855127361206336,-0.12981427231065995,0.24364084884031673,0.23000000417232513,0.6456709101543129,0.7459999918937683,5.387438936259264,5.5874389362592645
26.714797735214233,-0.513910560493371,-0.46299936652881385,0.39736963421275867,-0.019479876259704692,-0.09101418007419598,0.23955580355707085,0.22599999606609344,0.6435216197843242,0.7020000219345093,5.407694150919804,5.607694150919804
26.762088775634766,-0.5046078558517937,-0.4600251697600903,0.4268047285247945,-0.021281167654974564,-0.07458207674278788,0.24729562959611234,0.23399999737739563,0.638287683058543,0.7020000219345093,5.41702821600321,5.61702821600321
26.814889192581177,-0.4960622671926543,-0.4560622721937256,0.4540916121528357,-0.021970934177580066,-0.05944705207960305,0.250251326721116,0.2370000034570694,0.6103362177273189,0.6579999923706055,5.426160004532577,5.6261600045325775
26.866260051727295,-0.48757071229544513,-0.45184805724213395,0.4808768257073146,-0.022527635410829142,-0.044351328204468854,0.2542774049150394,0.2409999966621399,0.5829131835920586,0.7020000219345093,5.435363375011777,5.635363375011777
26.912264585494995,-0.46609968237999494,-0.4399319283080385,0.5447895427907727,-0.02333399963230612,-0.00845877610884216,0.2630005321935861,0.24899999797344208,0.5034659318570494,0.6140000224113464,5.459264670075401,5.659264670075401
26.963302850723267,-0.46609968237999494,-0.4399319283080385,0.5447895427907727,-0.02333399963230612,-0.00845877610884216,0.26999510366772583,0.25600001215934753,0.5176196213903936,0.6140000224113464,5.459264670075401,5.659264670075401
27.011773109436035,-0.4433414100979311,-0.4298138547070223,0.5985355978165086,-0.02699921721376827,0.020185219918222086,0.2663802324181796,0.25200000405311584,0.4614928934414243,0.5699999928474426,5.483269430171509,5.683269430171509
27.062556505203247,-0.4300128123982937,-0.42450883906585085,0.6263848652479287,-0.029935978341002128,0.03494071322209147,0.2703955374760944,0.25600001215934753,0.455578536374483,0.5260000228881836,5.496938769683016,5.696938769683016
27.112393856048584,-0.4216119595687131,-0.4184208806357085,0.6480096825191317,-0.02961394147322579,0.04740749461002414,0.27051519166875304,0.25600001215934753,0.4140800830474896,0.6140000224113464,5.507035929774925,5.707035929774925
27.175233602523804,-0.4132964491248054,-0.4120429163439075,0.6688548419450755,-0.029098226962850783,0.05940274193167238,0.2744861238367056,0.25999999046325684,0.3774021571282649,0.4819999933242798,5.517243283255495,5.717243283255495
27.211978673934937,-0.3925746137771621,-0.3949886346028737,0.715681247690237,-0.027261388301923817,0.08527923133548933,0.28886325131841795,0.2750000059604645,0.2893889132781517,0.39500001072883606,5.543427477758038,5.743427477758038
27.26147961616516,-0.3925746137771621,-0.3949886346028737,0.715681247690237,-0.027261388301923817,0.08527923133548933,0.28886325131841795,0.2750000059604645,0.2893889132781517,0.39500001072883606,5.543427477758038,5.743427477758038
27.312381744384766,-0.3762119964891406,-0.38082857388014185,0.7478905264248058,-0.025635546811349396,0.10220062281388398,0.2887920351445834,0.2750000059604645,0.2101770789219435,0.39500001072883606,5.564600945902081,5.764600945902081
27.36422848701477,-0.3632936586117626,-0.3787518766472743,0.7670066379073983,-0.03179496526530825,0.11369130640900804,0.29222533990230537,0.27900001406669617,0.25525512663230865,0.35100001096725464,5.575925855551999,5.775925855551999
27.414485931396484,-0.3504293737946682,-0.3764900836159495,0.7857358951596174,-0.037860592855091545,0.12515043612384735,0.2917758515257525,0.27900001406669617,0.29488343949602736,0.35100001096725464,5.58724069778127,5.78724069778127
27.47119641304016,-0.34174054187891945,-0.36905425725757196,0.7988075606971322,-0.037359677197060334,0.13138067793335373,0.2944273116576044,0.28600001335144043,0.2729135707029179,0.2630000114440918,5.59840860489837,5.79840860489837
27.51358938217163,-0.3257600997832956,-0.35234685909437047,0.8223226581988314,-0.03427800499683341,0.14205486593263705,0.29614405715456404,0.28600001335144043,0.19226937403434322,0.2630000114440918,5.620861705107517,5.820861705107517
27.564631462097168,-0.3139370647058099,-0.33947210687925256,0.8382070672262574,-0.031784244301997236,0.14896890947993902,0.3046334253127715,0.2980000078678131,0.13768077466031325,0.21899999678134918,5.637866423990789,5.837866423990789
27.61118769645691,-0.3023686207212658,-0.32647496892879385,0.8526762835505353,-0.029183402422762995,0.15509717222867692,0.305330911702102,0.2939999997615814,0.07466248192118706,0.2630000114440918,5.654816397618098,5.854816397618098
27.665480852127075,-0.2984997605143013,-0.32204706837344665,0.8578895857037399,-0.028282939006339738,0.1576148257899801,0.30557648087653994,0.2939999997615814,0.052351085222492835,0.2630000114440918,5.660549595611997,5.860549595611997
27.713751316070557,-0.2811664257214065,-0.30833606663748336,0.8692333890961728,-0.029077331878929698,0.1592630503967818,0.30713421229399884,0.3019999861717224,0.05123000944197877,0.17499999701976776,5.682357974695447,5.882357974695447
27.766507863998413,-0.26200694311894834,-0.29361033667158204,0.8787002910440248,-0.030516402361508054,0.15906884487173256,0.30433428215731556,0.2980000078678131,0.06247454590643176,0.13099999725818634,5.70619210556879,5.90619210556879
27.816863775253296,-0.24435390537534665,-0.2738457879275584,0.8887673441284771,-0.02741539538896201,0.1595991778345328,0.3103567595958811,0.3019999861717224,0.007707603749417208,0.08699999749660492,5.732233971424063,5.932233971424063
27.8624267578125,-0.23670945263710857,-0.26441488097697213,0.8925799002471686,-0.025499919634426514,0.15938749074036462,0.31531849769655457,0.3050000071525574,-0.023840727335183755,0.0430000014603138,5.74411543755805,5.94411543755805
27.911535263061523,-0.22536550233759695,-0.2503108116711714,0.8968201554684013,-0.022662952230475972,0.1579811992911938,0.3105110706830805,0.3019999861717224,-0.0668620008264158,0.08699999749660492,5.761855659702976,5.961855659702977
27.96408462524414,-0.2138529657597563,-0.23588053003025325,0.8981949266859697,-0.01979761771672089,0.1540083020893246,0.3200898767604537,0.3089999854564667,-0.10543744478746853,0.0,5.77997831734815,5.97997831734815
28.005743980407715,-0.20178691953716024,-0.21195475516984755,0.8976314564697598,-0.010455983754170914,0.14672030913634726,0.3127930095415773,0.3050000071525574,-0.2306441799663438,0.0430000014603138,5.804991157986576,6.004991157986576
28.062631845474243,-0.20178691953716024,-0.21195475516984755,0.8976314564697598,-0.010455983754170914,0.14672030913634726,0.316350234518996,0.3050000071525574,-0.2306441799663438,-0.0430000014603138,5.804991157986576,6.004991157986576
28.1119544506073,-0.18529323041194937,-0.17689718648866254,0.8945215064309917,0.003763695013431189,0.13517159515265686,0.3263218655562068,0.31299999356269836,-0.4328217218853892,-0.13099999725818634,5.840998714181715,6.040998714181715
28.165459871292114,-0.17739404167821848,-0.16708073888401537,0.8899494749783905,0.005428736609079461,0.12798873656788398,0.3305815178628033,0.31700000166893005,-0.44541913391434385,-0.17499999701976776,5.853502360940558,6.053502360940558
28.212531089782715,-0.16949652994463943,-0.15736584562116124,0.8838063135846738,0.006990013566110239,0.11940597896234763,0.3268606790141374,0.31299999356269836,-0.44069326454523067,-0.21899999678134918,5.865939649048621,6.065939649048621
28.26386332511902,-0.15733497105034194,-0.1426902449091097,0.8701838287883543,0.009132715118864865,0.10235092829462844,0.3327526800930592,0.3199999928474426,-0.43541377761014155,-0.3070000112056732,5.884905242307411,6.0849052423074115
28.318066120147705,-0.14040927842934287,-0.12303407787464786,0.8418474349119512,0.01146270094804228,0.06987381960316963,0.3280764465545208,0.31700000166893005,-0.3723283745722458,-0.35100001096725464,5.91078028547318,6.11078028547318
28.36182737350464,-0.13157311293947843,-0.1132280219806971,0.8250381261422254,0.012312857429893423,0.05118457737652282,0.31372051428996967,0.335999995470047,-0.3498936152426833,-0.4819999933242798,5.92397758295501,6.1239775829550105
28.413347482681274,-0.12274144339126039,-0.10374326163124982,0.8084724017669102,0.012912987798151745,0.03291854524404403,0.31123205155288153,0.3319999873638153,-0.29866202518002255,-0.4390000104904175,5.93694502213424,6.13694502213424
28.461018085479736,-0.11363975040051648,-0.09429391531516272,0.7921602485420427,0.013277439270534422,0.01503057017193121,0.3030589357704054,0.3240000009536743,-0.24293762771720298,-0.4390000104904175,5.950080433341168,6.150080433341168
28.511833906173706,-0.10438512566974992,-0.08499429019915285,0.77525805577785,0.013408188138985816,-0.0033037182540806005,0.3010668969763297,0.3240000009536743,-0.18914981273970888,-0.4390000104904175,5.963218771366819,6.163218771366819
28.564212799072266,-0.0950889315207431,-0.07596439123074414,0.7584373465100347,0.013300065611842268,-0.021400124907886342,0.2969031178939909,0.3199999928474426,-0.13055496205048614,-0.39500001072883606,5.976195272317381,6.176195272317381
28.612329483032227,-0.08169141388783781,-0.063275077642063,0.7364239943258751,0.012886865424838545,-0.04499483782035819,0.28288521206318873,0.3050000071525574,-0.05067450953398816,-0.39500001072883606,5.9946635036408376,6.194663503640838
28.66187834739685,-0.07842859445143299,-0.053723826609623535,0.7311627068794254,0.017366369128881683,-0.05093294157131678,0.309195571400731,0.3019999861717224,-0.10130855862022534,-0.2630000114440918,6.003719583024354,6.2037195830243546
28.71412181854248,-0.07052915020031841,-0.046298567341608726,0.7243643048974575,0.017062841814438106,-0.05845718294894309,0.2997883106083055,0.28999999165534973,-0.07356683766706976,-0.13099999725818634,6.014569004612766,6.214569004612766
28.762134075164795,-0.0618850221818784,-0.03868353114721626,0.7191257014544775,0.016360836324485546,-0.064366380177569,0.3106125856611644,0.3019999861717224,-0.050962348375220276,-0.08699999749660492,6.026078718970056,6.226078718970056
28.811911582946777,-0.05307567238551725,-0.030983846123203734,0.7156929400352346,0.015594970112684629,-0.06837542879303783,0.3034747910390343,0.2939999997615814,-0.02929783090056499,-0.08699999749660492,6.037762854732871,6.237762854732871
28.864851474761963,-0.04431515698506466,-0.023380336474034605,0.7120702512950574,0.014789423780393227,-0.07246639455684112,0.3010511250650158,0.28999999165534973,-0.008013411697658143,-0.0430000014603138,6.04934203400854,6.24934203400854
28.913881540298462,-0.021841109285348506,-0.004055603700169642,0.7090832697975098,0.012575479941912734,-0.07618932668174805,0.3084688898823214,0.2980000078678131,0.028965975844014426,-0.0430000014603138,6.078906007137917,6.278906007137917
28.96024513244629,-0.021841109285348506,-0.004055603700169642,0.7090832697975098,0.012575479941912734,-0.07618932668174805,0.31696571739091944,0.3050000071525574,0.029646384585077155,0.0430000014603138,6.078906007137917,6.278906007137917
29.017916440963745,-0.0035442419566833368,0.011660590605351066,0.7102897098561277,0.010751471897423521,-0.0750942953056517,0.3178520356301673,0.3050000071525574,0.04847063531397051,0.0430000014603138,6.102959652526489,6.302959652526489
29.062083959579468,0.005720632522919794,0.01962868306422632,0.7112080736521913,0.009835240218719699,-0.0740654723437788,0.3205188753236369,0.3089999854564667,0.057198177162007584,0.0,6.115146837042518,6.315146837042518
29.116778135299683,0.015035398796251636,0.027661432117702115,0.7108826554319697,0.008931506477638036,-0.07416640028097322,0.3209944321153885,0.3089999854564667,0.06856999931540095,0.0,6.127411513847846,6.327411513847847
29.167601585388184,0.024462255299200607,0.03577856132609999,0.7116616351164667,0.008011725562845374,-0.07304477711277213,0.3206140763922388,0.3089999854564667,0.07639140781209816,0.17499999701976776,6.13981459435362,6.33981459435362
29.212992429733276,0.04343461056096355,0.05224242742778625,0.7215595682766738,0.006267413352725315,-0.06210018644641746,0.3165451321830324,0.3089999854564667,0.06366728647064808,0.17499999701976776,6.16486635979067,6.36486635979067
29.26757574081421,0.057374495102448075,0.06458672784115169,0.7305184021990734,0.0051811354104752474,-0.05205858381511286,0.303570714071583,0.3089999854564667,0.04508962725464037,0.17499999701976776,6.183448606919283,6.383448606919283
29.31300163269043,0.07126248907564861,0.07710916002130841,0.7375482453860506,0.004280432235806441,-0.04367788160573216,0.30914032684619397,0.31299999356269836,0.02912598354895217,0.13099999725818634,6.202120530646773,6.402120530646773
29.366509437561035,0.07605846435831157,0.08146679754147218,0.7382225704612518,0.003999184672561582,-0.042473849192097506,0.3379041475761112,0.3240000009536743,0.029218822669602143,0.0,6.208592333401381,6.408592333401381
29.412502765655518,0.08536345992160223,0.08993280498123118,0.7388570884848187,0.003471924843156564,-0.04072054559938809,0.31844434222498186,0.3050000071525574,0.027299848028497706,0.0430000014603138,6.221157046749967,6.4211570467499675
29.46555495262146,0.09450044906518058,0.09825655256189761,0.7395556285989973,0.002976136606917047,-0.03880647956435101,0.3231136180770538,0.3089999854564667,0.026519282915638116,0.0,6.233503104554797,6.433503104554797
29.51188635826111,0.11305488207907072,0.11519013977415506,0.740100642539095,0.0020410837226058926,-0.03543576350284261,0.3291841162282988,0.3199999928474426,0.02556943040007322,0.0430000014603138,6.2585980246582515,6.458598024658252
29.562033653259277,0.12245843961815783,0.12378553023507471,0.7408819795929636,0.0016053144508555608,-0.033039207861022435,0.0,0.328000009059906,0.0,-0.0430000014603138,6.271327369496493,6.4713273694964935
29.616633653640747,0.13670678873134798,0.13680376881988576,0.7410966160960731,0.0009822271260815734,-0.030144283844666272,0.0,0.3199999928474426,0.0,-0.0430000014603138,6.290612683310905,6.490612683310905
29.66541361808777,0.15758450447709213,0.13531720114636764,0.7416956779283109,-0.014621440576120947,-0.027429170186444526,0.0,0.2680000066757202,0.0,-0.13099999725818634,6.304576766736252,6.504576766736252
29.713844060897827,0.17072602947820711,0.13281885253574752,0.7703931672004177,-0.025551840798125176,0.0025038944965299903,0.0,0.19599999487400055,0.0,-0.17499999701976776,6.312312333979206,6.512312333979207
29.759421825408936,0.17072602947820711,0.13281885253574752,0.7703931672004177,-0.025551840798125176,0.0025038944965299903,0.0,0.11699999868869781,0.0,-0.13099999725818634,6.312312333979206,6.512312333979207
29.814971685409546,0.1741412913832591,0.13619115548282756,0.7967015459649348,-0.025496287696272973,0.029604818944167666,0.0,0.02199999988079071,0.0,0.08699999749660492,6.317131277335468,6.517131277335468
29.86370611190796,0.17440701850877,0.13646279540311199,0.7960831575273818,-0.025485141651215373,0.029049906400898773,0.0,-0.007000000216066837,0.0,0.0,6.317512681151663,6.517512681151663
29.911240577697754,0.17421116400726272,0.1362626874625369,0.7960831575273818,-0.025493283892268494,0.029003122960519545,0.0,0.0,0.0,0.0,6.317231640238123,6.517512681151663
29.96337628364563,0.17416919029123515,0.13621981069644146,0.7969431333422013,-0.025495021033603592,0.02985308125269226,0.0,0.0,0.0,0.0,6.31717141565341,6.517512681151663
30.010573148727417,0.17416919029123512,0.13621981069644146,0.7969431333422013,-0.025495021033603574,0.02985308125269226,0.0,0.0,0.0,0.0,6.31717141565341,6.517512681151663
30.057777166366577,0.17416919029123512,0.13621981069644146,0.7969431333422013,-0.025495021033603574,0.02985308125269226,0.0,0.0,0.0,0.0,6.31717141565341,6.517512681151663
30.107908964157104,0.17416919029123512,0.13621981069644146,0.7969431333422013,-0.025495021033603574,0.02985308125269226,0.0,0.0,0.0,0.0,6.31717141565341,6.517512681151663
30.158320903778076,0.17416919029123512,0.13621981069644146,0.7969431333422013,-0.025495021033603574,0.02985308125269226,0.0,0.0,0.0,0.0,6.31717141565341,6.517512681151663
30.217073440551758,0.17416919029123512,0.13621981069644146,0.7969431333422013,-0.025495021033603574,0.02985308125269226,0.0,0.0,0.0,0.0,6.31717141565341,6.517512681151663
30.26364016532898,0.17416919029123512,0.13621981069644146,0.7969431333422013,-0.025495021033603574,0.02985308125269226,0.0,0.0,0.0,0.0,6.31717141565341,6.517512681151663
30.311061143875122,0.17416919029123512,0.13621981069644146,0.7969431333422013,-0.025495021033603574,0.02985308125269226,0.0,0.0,0.0,0.0,6.31717141565341,6.517512681151663
30.35880208015442,0.17416919029123512,0.13621981069644146,0.7969431333422013,-0.025495021033603574,0.02985308125269226,0.0,0.0,0.0,0.0,6.31717141565341,6.517512681151663
30.408265590667725,0.17416919029123512,0.13621981069644146,0.7969431333422013,-0.025495021033603574,0.02985308125269226,0.0,0.0,0.0,0.0,6.31717141565341,6.517512681151663
30.460358142852783,0.17416919029123512,0.13621981069644146,0.7969431333422013,-0.025495021033603574,0.02985308125269226,0.0,0.0,0.0,0.0,6.31717141565341,6.517512681151663
30.50869917869568,0.17416919029123512,0.13621981069644146,0.7969431333422013,-0.025495021033603574,0.02985308125269226,0.0,0.0,0.0,0.0,6.31717141565341,6.517512681151663
30.56165623664856,0.17416919029123512,0.13621981069644146,0.7969431333422013,-0.025495021033603574,0.02985308125269226,0.0,0.0,0.0,0.0,6.31717141565341,6.517512681151663
30.6083664894104,0.17416919029123512,0.13621981069644146,0.7969431333422013,-0.025495021033603574,0.02985308125269226,0.0,0.0,0.0,0.0,6.31717141565341,6.517512681151663
30.658214569091797,0.17416919029123512,0.13621981069644146,0.7969431333422013,-0.025495021033603574,0.02985308125269226,0.0,0.0,0.0,0.0,6.31717141565341,6.517512681151663
30.709113121032715,0.17416919029123512,0.13621981069644146,0.7969431333422013,-0.025495021033603574,0.02985308125269226,0.0,0.0,0.0,0.0,6.31717141565341,6.517512681151663
30.76005983352661,0.17416919029123512,0.13621981069644146,0.7969431333422013,-0.025495021033603574,0.02985308125269226,0.0,0.0,0.0,0.0,6.31717141565341,6.517512681151663
30.810340642929077,0.17416919029123512,0.13621981069644146,0.7969431333422013,-0.025495021033603574,0.02985308125269226,0.0,0.0,0.0,0.0,6.31717141565341,6.517512681151663
30.85900330543518,0.17416919029123512,0.13621981069644146,0.7969431333422013,-0.025495021033603574,0.02985308125269226,0.0,0.0,0.0,0.0,6.31717141565341,6.517512681151663
30.90804100036621,0.17416919029123512,0.13621981069644146,0.7969431333422013,-0.025495021033603574,0.02985308125269226,0.0,0.0,0.0,0.0,6.31717141565341,6.517512681151663
30.958924293518066,0.17416919029123512,0.13621981069644146,0.7969431333422013,-0.025495021033603574,0.02985308125269226,0.0,0.0,0.0,0.0,6.31717141565341,6.517512681151663
31.008075714111328,0.17416919029123512,0.13621981069644146,0.7969431333422013,-0.025495021033603574,0.02985308125269226,0.0,0.0,0.0,0.0,6.31717141565341,6.517512681151663
31.063427209854126,0.17416919029123512,0.13621981069644146,0.7969431333422013,-0.025495021033603574,0.02985308125269226,0.0,0.0,0.0,0.0,6.31717141565341,6.517512681151663
31.107845306396484,0.17416919029123512,0.13621981069644146,0.7969431333422013,-0.025495021033603574,0.02985308125269226,0.0,0.0,0.0,0.0,6.31717141565341,6.517512681151663
31.15537118911743,0.17416919029123512,0.13621981069644146,0.7969431333422013,-0.025495021033603574,0.02985308125269226,0.0,0.0,0.0,0.0,6.31717141565341,6.517512681151663
31.20425820350647,0.17416919029123512,0.13621981069644146,0.7969431333422013,-0.025495021033603574,0.02985308125269226,0.0,0.0,0.0,0.0,6.31717141565341,6.517512681151663
31.254417181015015,0.17416919029123512,0.13621981069644146,0.7969431333422013,-0.025495021033603574,0.02985308125269226,0.0,0.0,0.0,0.0,6.31717141565341,6.517512681151663
31.304630756378174,0.17416919029123512,0.13621981069644146,0.7969431333422013,-0.025495021033603574,0.02985308125269226,0.0,0.0,0.0,0.0,6.31717141565341,6.517512681151663
31.35499858856201,0.17416919029123512,0.13621981069644146,0.7969431333422013,-0.025495021033603574,0.02985308125269226,0.0,0.0,0.0,0.0,6.31717141565341,6.517512681151663
31.404327154159546,0.17416919029123512,0.13621981069644146,0.7969431333422013,-0.025495021033603574,0.02985308125269226,0.0,0.0,0.0,0.0,6.31717141565341,6.517512681151663
31.454535722732544,0.17416919029123512,0.13621981069644146,0.7969431333422013,-0.025495021033603574,0.02985308125269226,0.0,0.0,0.0,0.0,6.31717141565341,6.517512681151663
31.504647493362427,0.17416919029123512,0.13621981069644146,0.7969431333422013,-0.025495021033603574,0.02985308125269226,0.0,0.0,0.0,0.0,6.31717141565341,6.517512681151663
31.554798126220703,0.17416919029123512,0.13621981069644146,0.7969431333422013,-0.025495021033603574,0.02985308125269226,0.0,0.0,0.0,0.0,6.31717141565341,6.517512681151663
31.60442352294922,0.17416919029123512,0.13621981069644146,0.7969431333422013,-0.025495021033603574,0.02985308125269226,0.0,0.0,0.0,0.0,6.31717141565341,6.517512681151663
31.656417846679688,0.17416919029123512,0.13621981069644146,0.7969431333422013,-0.025495021033603574,0.02985308125269226,0.0,0.0,0.0,0.0,6.31717141565341,6.517512681151663
31.705020666122437,0.17416919029123512,0.13621981069644146,0.7969431333422013,-0.025495021033603574,0.02985308125269226,0.0,0.0,0.0,0.0,6.31717141565341,6.517512681151663
31.75491952896118,0.17416919029123512,0.13621981069644146,0.7969431333422013,-0.025495021033603574,0.02985308125269226,0.0,0.0,0.0,0.0,6.31717141565341,6.517512681151663
31.804642915725708,0.17416919029123512,0.13621981069644146,0.7969431333422013,-0.025495021033603574,0.02985308125269226,0.0,0.0,0.0,0.0,6.31717141565341,6.517512681151663
31.854336977005005,0.17416919029123512,0.13621981069644146,0.7969431333422013,-0.025495021033603574,0.02985308125269226,0.0,0.0,0.0,0.0,6.31717141565341,6.517512681151663
31.904325008392334,0.17416919029123512,0.13621981069644146,0.7969431333422013,-0.025495021033603574,0.02985308125269226,0.0,0.0,0.0,0.0,6.31717141565341,6.517512681151663
31.956494331359863,0.17416919029123512,0.13621981069644146,0.7969431333422013,-0.025495021033603574,0.02985308125269226,0.0,0.0,0.0,0.0,6.31717141565341,6.517512681151663
32.00469422340393,0.17416919029123512,0.13621981069644146,0.7969431333422013,-0.025495021033603574,0.02985308125269226,0.0,0.0,0.0,0.0,6.31717141565341,6.517512681151663
32.054590463638306,0.17416919029123512,0.13621981069644146,0.7969431333422013,-0.025495021033603574,0.02985308125269226,0.0,0.0,0.0,0.0,6.31717141565341,6.517512681151663
32.104430198669434,0.17416919029123512,0.13621981069644146,0.7969431333422013,-0.025495021033603574,0.02985308125269226,0.0,0.0,0.0,0.0,6.31717141565341,6.517512681151663
32.154590129852295,0.17416919029123512,0.13621981069644146,0.7969431333422013,-0.025495021033603574,0.02985308125269226,0.0,0.0,0.0,0.0,6.31717141565341,6.517512681151663
32.20499777793884,0.17416919029123512,0.13621981069644146,0.7969431333422013,-0.025495021033603574,0.02985308125269226,0.0,0.0,0.0,0.0,6.31717141565341,6.517512681151663
32.255533933639526,0.17416919029123512,0.13621981069644146,0.7969431333422013,-0.025495021033603574,0.02985308125269226,0.0,0.0,0.0,0.0,6.31717141565341,6.517512681151663
32.30449461936951,0.17416919029123512,0.13621981069644146,0.7969431333422013,-0.025495021033603574,0.02985308125269226,0.0,0.0,0.0,0.0,6.31717141565341,6.517512681151663
32.35443043708801,0.17416919029123512,0.13621981069644146,0.7969431333422013,-0.025495021033603574,0.02985308125269226,0.0,0.0,0.0,0.0,6.31717141565341,6.517512681151663
32.40501046180725,0.17416919029123512,0.13621981069644146,0.7969431333422013,-0.025495021033603574,0.02985308125269226,0.0,0.0,0.0,0.0,6.31717141565341,6.517512681151663
32.45500731468201,0.17416919029123512,0.13621981069644146,0.7969431333422013,-0.025495021033603574,0.02985308125269226,0.0,0.0,0.0,0.0,6.31717141565341,6.517512681151663
32.504494190216064,0.17416919029123512,0.13621981069644146,0.7969431333422013,-0.025495021033603574,0.02985308125269226,0.0,0.0,0.0,0.0,6.31717141565341,6.517512681151663
32.554577350616455,0.17416919029123512,0.13621981069644146,0.7969431333422013,-0.025495021033603574,0.02985308125269226,0.0,0.0,0.0,0.0,6.31717141565341,6.517512681151663
32.60438251495361,0.17416919029123512,0.13621981069644146,0.7969431333422013,-0.025495021033603574,0.02985308125269226,0.0,0.0,0.0,0.0,6.31717141565341,6.517512681151663
32.65503668785095,0.17416919029123512,0.13621981069644146,0.7969431333422013,-0.025495021033603574,0.02985308125269226,0.0,0.0,0.0,0.0,6.31717141565341,6.517512681151663
32.704856157302856,0.17416919029123512,0.13621981069644146,0.7969431333422013,-0.025495021033603574,0.02985308125269226,0.0,0.0,0.0,0.0,6.31717141565341,6.517512681151663
32.75449323654175,0.17416919029123512,0.13621981069644146,0.7969431333422013,-0.025495021033603574,0.02985308125269226,0.0,0.0,0.0,0.0,6.31717141565341,6.517512681151663
32.80475616455078,0.17416919029123512,0.13621981069644146,0.7969431333422013,-0.025495021033603574,0.02985308125269226,0.0,0.0,0.0,0.0,6.31717141565341,6.517512681151663
32.856696367263794,0.17416919029123512,0.13621981069644146,0.7969431333422013,-0.025495021033603574,0.02985308125269226,0.0,0.0,0.0,0.0,6.31717141565341,6.517512681151663
32.90473508834839,0.17416919029123512,0.13621981069644146,0.7969431333422013,-0.025495021033603574,0.02985308125269226,0.0,0.0,0.0,0.0,6.31717141565341,6.517512681151663
32.954601764678955,0.17416919029123512,0.13621981069644146,0.7969431333422013,-0.025495021033603574,0.02985308125269226,0.0,0.0,0.0,0.0,6.31717141565341,6.517512681151663
33.00456929206848,0.17416919029123512,0.13621981069644146,0.7969431333422013,-0.025495021033603574,0.02985308125269226,0.0,0.0,0.0,0.0,6.31717141565341,6.517512681151663
33.054786920547485,0.17416919029123512,0.13621981069644146,0.7969431333422013,-0.025495021033603574,0.02985308125269226,0.0,0.0,0.0,0.0,6.31717141565341,6.517512681151663
33.10549020767212,0.17416919029123512,0.13621981069644146,0.7969431333422013,-0.025495021033603574,0.02985308125269226,0.0,0.0,0.0,0.0,6.31717141565341,6.517512681151663
33.15460419654846,0.17416919029123512,0.13621981069644146,0.7969431333422013,-0.025495021033603574,0.02985308125269226,0.0,0.0,0.0,0.0,6.31717141565341,6.517512681151663
33.20630192756653,0.17416919029123512,0.13621981069644146,0.7969431333422013,-0.025495021033603574,0.02985308125269226,0.0,0.0,0.0,0.0,6.31717141565341,6.517512681151663
33.25448298454285,0.17416919029123512,0.13621981069644146,0.7969431333422013,-0.025495021033603574,0.02985308125269226,0.0,0.0,0.0,0.0,6.31717141565341,6.517512681151663
33.30542278289795,0.17416919029123512,0.13621981069644146,0.7969431333422013,-0.025495021033603574,0.02985308125269226,0.0,0.0,0.0,0.0,6.31717141565341,6.517512681151663
33.354785680770874,0.17416919029123512,0.13621981069644146,0.7969431333422013,-0.025495021033603574,0.02985308125269226,0.0,0.0,0.0,0.0,6.31717141565341,6.517512681151663
33.40594744682312,0.17416919029123512,0.13621981069644146,0.7969431333422013,-0.025495021033603574,0.02985308125269226,0.0,0.0,0.0,0.0,6.31717141565341,6.517512681151663
33.4543673992157,0.17416919029123512,0.13621981069644146,0.7969431333422013,-0.025495021033603574,0.02985308125269226,0.0,0.0,0.0,0.0,6.31717141565341,6.517512681151663
33.50523924827576,0.17416919029123512,0.13621981069644146,0.7969431333422013,-0.025495021033603574,0.02985308125269226,0.0,0.0,0.0,0.0,6.31717141565341,6.517512681151663
33.554874658584595,0.17416919029123512,0.13621981069644146,0.7969431333422013,-0.025495021033603574,0.02985308125269226,0.0,0.0,0.0,0.0,6.31717141565341,6.517512681151663
33.604806661605835,0.17416919029123512,0.13621981069644146,0.7969431333422013,-0.025495021033603574,0.02985308125269226,0.0,0.0,0.0,0.0,6.31717141565341,6.517512681151663
